strategy,bs,nb,flash,time,total_tokens,tokens_in_batch,tokens_per_sec
static_pad,400,1,False,2.4346747901290655,44217,44217.0,18161.357804035913
static_pad,400,1,False,2.425630759447813,89673,45456.0,18739.867897432134
static_pad,400,1,False,2.422082425095141,136622,46949.0,19383.733399640936
static_pad,400,1,False,2.419079713523388,165365,28743.0,11881.791178404717
static_pad,400,1,False,2.4203804144635797,210800,45435.0,18771.84252875786
static_pad,400,1,False,2.423919988796115,245878,35078.0,14471.599789654007
static_pad,400,1,False,2.4223850574344397,276937,31059.0,12821.660992614752
static_pad,400,1,False,2.422128106467426,311657,34720.0,14334.501923037296
static_pad,400,1,False,2.42209289688617,347032,35375.0,14605.137583896108
static_pad,400,1,False,2.421782387420535,395807,48775.0,20140.124997750416
static_pad,400,1,False,2.4212581450119615,433514,37707.0,15573.308479180654
static_pad,400,1,False,2.4211701760068536,472377,38863.0,16051.329388211492
static_pad,400,1,False,2.423472039401531,515961,43584.0,17984.11505946771
static_pad,400,1,False,2.4229999082162976,552965,37004.0,15271.9774666606
static_pad,400,1,False,2.4249364295974374,588732,35767.0,14749.665007068934
static_pad,400,1,False,2.422457047738135,628596,39864.0,16456.019328483573
static_pad,400,1,False,2.4247996108606458,671078,42482.0,17519.798258678235
static_pad,400,1,False,2.4248256906867027,716486,45408.0,18726.294502076395
static_pad,400,1,False,2.4240377889946103,753259,36773.0,15170.143042717129
static_pad,400,1,False,2.424628590233624,793483,40224.0,16589.757359960946
static_pad,400,1,False,2.4237083792686462,827985,34502.0,14235.21092517367
static_pad,400,1,False,2.4225570783019066,870359,42374.0,17491.435136670585
static_pad,400,1,False,2.4233343489468098,907900,37541.0,15491.465309487921
static_pad,400,1,False,2.4243548391386867,952758,44858.0,18503.066991602987
static_pad,400,1,False,2.4241839796304703,993902,41144.0,16972.30917525978
static_pad,400,1,False,2.422980008646846,1036865,42963.0,17731.471100330462
static_pad,400,1,False,2.421697407029569,1074431,37566.0,15512.260074671383
static_pad,400,1,False,2.4220028771087527,1113925,39494.0,16306.339011102109
static_pad,400,1,False,2.4217161685228348,1158011,44086.0,18204.445497380882
static_pad,400,1,False,2.4200185649096966,1190288,32277.0,13337.500987809331
static_pad,400,1,False,2.4239445198327303,1225068,34780.0,14348.513225211966
static_pad,400,1,False,2.424135209992528,1268850,43782.0,18060.87375800088
static_pad,400,1,False,2.4225416285917163,1311055,42205.0,17421.785244835944
static_pad,400,1,False,2.422876749187708,1356080,45025.0,18583.281223485697
static_pad,400,1,False,2.4235918009653687,1394032,37952.0,15659.402703410246
static_pad,400,1,False,2.4214809769764543,1428779,34747.0,14349.482952943252
static_pad,400,1,False,2.4223367292433977,1465032,36253.0,14966.127360552142
static_pad,400,1,False,2.425992484204471,1499961,34929.0,14397.818718491983
static_pad,400,1,False,2.426061383448541,1529134,29173.0,12024.840013953746
static_pad,400,1,False,2.4232739498838782,1565450,36316.0,14986.336976774846
static_pad,400,1,False,2.4223902290686965,1609122,43672.0,18028.474304402218
static_pad,400,1,False,2.422863181680441,1654246,45124.0,18624.246033035615
static_pad,400,1,False,2.4235879899933934,1699612,45366.0,18718.528143937398
static_pad,400,1,False,2.4250857615843415,1739829,40217.0,16583.74340284184
static_pad,400,1,False,2.4258894035592675,1769298,29469.0,12147.709601584907
static_pad,400,1,False,2.426078154705465,1805892,36594.0,15083.603110239725
static_pad,400,1,False,2.426545813679695,1848808,42916.0,17686.04563658361
static_pad,400,1,False,2.42592472396791,1889832,41024.0,16910.664867168674
static_pad,400,1,False,2.4268280835822225,1933405,43573.0,17954.712282578428
static_pad,400,1,False,2.4273732462897897,1976275,42870.0,17661.06636691587
static_pad,400,1,False,2.427519635297358,2022407,46132.0,19003.75977570582
static_pad,400,1,False,2.4286083867773414,2062658,40251.0,16573.688956666803
static_pad,400,1,False,2.4270750945433974,2106539,43881.0,18079.786694138227
static_pad,400,1,False,2.426237754523754,2143396,36857.0,15191.009179244536
static_pad,400,1,False,2.425402163527906,2179192,35796.0,14758.789506451325
static_pad,400,1,False,2.42752524651587,2222149,42957.0,17695.79948206696
static_pad,400,1,False,2.4234450114890933,2263952,41803.0,17249.41139651195
static_pad,400,1,False,2.4246517019346356,2301693,37741.0,15565.534616739535
static_pad,400,1,False,2.4262300953269005,2347540,45847.0,18896.394075856504
static_pad,400,1,False,2.425382724031806,2391797,44257.0,18247.429389795398
static_pad,400,1,False,2.421156878583133,2433577,41780.0,17256.21349429028
static_pad,400,1,False,2.427935317158699,2471142,37565.0,15471.993728383419
static_pad,400,1,False,2.426664615981281,2514681,43539.0,17941.910766434423
static_pad,400,1,False,2.4286616975441575,2553145,38464.0,15837.528972806083
static_pad,400,1,False,2.426410134881735,2587910,34765.0,14327.750902546602
static_pad,400,1,False,2.4269148455932736,2630915,43005.0,17720.02840482323
static_pad,400,1,False,2.4268987365067005,2680592,49677.0,20469.33366140588
static_pad,400,1,False,2.426395204849541,2724161,43569.0,17956.26693991166
static_pad,400,1,False,2.4265030156821012,2766925,42764.0,17623.71599112925
static_pad,400,1,False,2.426742935553193,2802115,35190.0,14500.91786997546
static_pad,400,1,False,2.426662266254425,2842175,40060.0,16508.271693626724
static_pad,400,1,False,2.4267747765406966,2885351,43176.0,17791.515066571712
static_pad,400,1,False,2.426884265616536,2921853,36502.0,15040.684270424768
static_pad,400,1,False,2.4261063653975725,2949274,27421.0,11302.472303396495
static_pad,400,1,False,2.426951006986201,2991264,41990.0,17301.54415112952
static_pad,400,1,False,2.4264271361753345,3005149,13885.0,5722.405504368982
static_pad,400,1,False,2.4250122644007206,3034193,29044.0,11976.846643774594
static_pad,400,1,False,2.42793030757457,3071006,36813.0,15162.29682752924
static_pad,400,1,False,2.4296781700104475,3103560,32554.0,13398.482318281693
static_pad,400,1,False,2.429094448685646,3142888,39328.0,16190.39556954235
static_pad,400,1,False,2.4286711690947413,3187135,44247.0,18218.604709872085
static_pad,400,1,False,2.4284559786319733,3227941,40806.0,16803.26938559015
static_pad,400,1,False,2.4270336274057627,3267771,39830.0,16410.97986869427
static_pad,400,1,False,2.4248490650206804,3292220,24449.0,10082.689414646715
static_pad,400,1,False,2.4289491586387157,3332029,39809.0,16389.39203746472
static_pad,400,1,False,2.4289950486272573,3374808,42779.0,17611.81029338717
static_pad,400,1,False,2.4287872090935707,3417606,42798.0,17621.1402298896
static_pad,400,1,False,2.429014359600842,3460853,43247.0,17804.341019666408
static_pad,400,1,False,2.4276031274348497,3497469,36616.0,15083.190323078323
static_pad,400,1,False,2.4244036246091127,3527849,30380.0,12530.916754794976
static_pad,400,1,False,2.4289819803088903,3569203,41354.0,17025.239518137994
static_pad,400,1,False,2.428943879902363,3619676,50473.0,20779.813159795558
static_pad,400,1,False,2.429241639561951,3658226,38550.0,15869.150014632329
static_pad,400,1,False,2.4263277864083648,3691813,33587.0,13842.729819171727
static_pad,400,1,False,2.4242326049134135,3731196,39383.0,16245.553302178545
static_pad,400,1,False,2.4249526150524616,3774332,43136.0,17788.388825513935
static_pad,400,1,False,2.4258268354460597,3816794,42462.0,17504.134829224986
static_pad,400,1,False,2.425278895534575,3848897,32103.0,13236.828168136895
static_pad,400,1,False,2.427521087229252,3888452,39555.0,16294.400163233053
static_pad,400,1,False,2.4287570007145405,3929794,41342.0,17021.87579401199
static_pad,400,1,False,2.425086796283722,3966510,36716.0,15140.076658808557
static_pad,400,1,False,2.426742097362876,4007598,41088.0,16931.341836716
static_pad,400,1,False,2.4255823362618685,4046117,38519.0,15880.31023484558
static_pad,400,1,False,2.426100987009704,4086318,40201.0,16570.20883106347
static_pad,400,1,False,2.427022237330675,4129672,43354.0,17863.041933922395
static_pad,400,1,False,2.4257298475131392,4167198,37526.0,15469.983204630844
static_pad,400,1,False,2.425620057620108,4205141,37943.0,15642.5982217626
static_pad,400,1,False,2.4249818343669176,4248279,43138.0,17788.99923646723
static_pad,400,1,False,2.4253906365484,4292149,43870.0,18087.807934490866
static_pad,400,1,False,2.424395864829421,4332996,40847.0,16848.321098284818
static_pad,400,1,False,2.4271951587870717,4359567,26571.0,10947.20377296656
static_pad,400,1,False,2.42674604896456,4396180,36613.0,15087.281182809373
static_pad,400,1,False,2.426847948692739,4436899,40719.0,16778.554264981434
static_pad,400,1,False,2.424938475713134,4480837,43938.0,18119.222586494103
static_pad,400,1,False,2.4258340876549482,4518209,37372.0,15405.835127054168
static_pad,400,1,False,2.42542867641896,4556122,37913.0,15631.463571205439
static_pad,400,1,False,2.4260549368336797,4588116,31994.0,13187.665091276282
static_pad,400,1,False,2.424753305502236,4621843,33727.0,13909.45624178216
static_pad,400,1,False,2.426031298004091,4651712,29869.0,12311.877437266943
static_pad,400,1,False,2.4247519662603736,4685362,33650.0,13877.708098901943
static_pad,400,1,False,2.424071374349296,4725036,39674.0,16366.679801517752
static_pad,400,1,False,2.4257829766720533,4764818,39782.0,16399.653383080942
static_pad,400,1,False,2.4254047172144055,4797088,32270.0,13304.995974883039
static_pad,400,1,False,2.4283081516623497,4838130,41042.0,16901.479316743153
dynamic_pad,400,1,False,1.536487651988864,44217,44217.0,28777.972893413447
dynamic_pad,400,1,False,2.4246911061927676,89673,45456.0,18747.13025667615
dynamic_pad,400,1,False,2.214623506180942,136622,46949.0,21199.54017871068
dynamic_pad,400,1,False,1.214142289943993,165365,28743.0,23673.50205825207
dynamic_pad,400,1,False,1.511316442862153,210800,45435.0,30063.194385653966
dynamic_pad,400,1,False,1.7086771270260215,245878,35078.0,20529.33198740349
dynamic_pad,400,1,False,1.1265198970213532,276937,31059.0,27570.751375207423
dynamic_pad,400,1,False,1.086263608187437,311657,34720.0,31962.77564516273
dynamic_pad,400,1,False,1.412514865398407,347032,35375.0,25043.984220316364
dynamic_pad,400,1,False,2.4258592473343015,395807,48775.0,20106.277828607443
dynamic_pad,400,1,False,1.445157433860004,433514,37707.0,26091.966948739213
dynamic_pad,400,1,False,1.3708681361749768,472377,38863.0,28349.18908279268
dynamic_pad,400,1,False,1.8214711416512728,515961,43584.0,23927.911347795765
dynamic_pad,400,1,False,1.4373882552608848,552965,37004.0,25743.91425877054
dynamic_pad,400,1,False,1.7074178159236908,588732,35767.0,20948.00678921727
dynamic_pad,400,1,False,1.1476079318672419,628596,39864.0,34736.60201628126
dynamic_pad,400,1,False,1.7691597491502762,671078,42482.0,24012.529123163706
dynamic_pad,400,1,False,1.7922246158123016,716486,45408.0,25336.10999390243
dynamic_pad,400,1,False,1.8263819674029946,753259,36773.0,20134.342463033074
dynamic_pad,400,1,False,2.210559032857418,793483,40224.0,18196.302112776222
dynamic_pad,400,1,False,1.3381164679303765,827985,34502.0,25784.00372978234
dynamic_pad,400,1,False,1.824806504882872,870359,42374.0,23221.09214681906
dynamic_pad,400,1,False,2.280809965915978,907900,37541.0,16459.50366799781
dynamic_pad,400,1,False,1.4442256046459079,952758,44858.0,31060.244227561794
dynamic_pad,400,1,False,1.2961496273055673,993902,41144.0,31743.248721623328
dynamic_pad,400,1,False,1.5923777194693685,1036865,42963.0,26980.407647449785
dynamic_pad,400,1,False,1.8065705336630344,1074431,37566.0,20794.095386815876
dynamic_pad,400,1,False,1.4586918205022812,1113925,39494.0,27074.944443303153
dynamic_pad,400,1,False,2.0304808784276247,1158011,44086.0,21712.09808887221
dynamic_pad,400,1,False,1.2072872314602137,1190288,32277.0,26735.145671143207
dynamic_pad,400,1,False,1.7322511551901698,1225068,34780.0,20077.91993429601
dynamic_pad,400,1,False,1.7277060998603702,1268850,43782.0,25341.11560035493
dynamic_pad,400,1,False,1.7039727410301566,1311055,42205.0,24768.588712566187
dynamic_pad,400,1,False,1.6469681048765779,1356080,45025.0,27338.11290375543
dynamic_pad,400,1,False,1.7814940437674522,1394032,37952.0,21303.467240193633
dynamic_pad,400,1,False,1.803483659401536,1428779,34747.0,19266.60095802053
dynamic_pad,400,1,False,1.2496473928913474,1465032,36253.0,29010.583470366248
dynamic_pad,400,1,False,1.6390884155407548,1499961,34929.0,21310.015780006906
dynamic_pad,400,1,False,1.1151735037565231,1529134,29173.0,26160.05482710013
dynamic_pad,400,1,False,1.6799317933619022,1565450,36316.0,21617.544321441725
dynamic_pad,400,1,False,2.4282042616978288,1609122,43672.0,17985.307368443555
dynamic_pad,400,1,False,1.6115382118150592,1654246,45124.0,28000.577131321817
dynamic_pad,400,1,False,2.0848381835967302,1699612,45366.0,21759.962167296497
dynamic_pad,400,1,False,1.8605974474921823,1739829,40217.0,21615.100060578246
dynamic_pad,400,1,False,1.001617968082428,19140298418093906,1.9140298416354076e+16,1.9109380049359228e+16
dynamic_pad,400,1,False,1.7925723074004054,19140298418130500,36596.0,20415.35498954106
dynamic_pad,400,1,False,1.8795812213793397,19140298418173416,42916.0,22832.74567326539
dynamic_pad,400,1,False,1.659985139966011,19140298418214440,41024.0,24713.474242811586
dynamic_pad,400,1,False,1.774196426384151,19140298418258013,43572.0,24558.723798582232
dynamic_pad,400,1,False,1.3623112477362156,19140298418300883,42872.0,31470.04773779957
dynamic_pad,400,1,False,1.9383964408189058,19140298418347015,46132.0,23799.05319084821
dynamic_pad,400,1,False,2.315823988057673,19140298418387266,40248.0,17379.559158015625
dynamic_pad,400,1,False,2.4297817023471,19140298418431147,43884.0,18060.881748187217
dynamic_pad,400,1,False,1.415046670474112,19140298418468004,36856.0,26045.784050112907
dynamic_pad,400,1,False,1.4763866318389773,19140298418503800,35796.0,24245.681468554576
dynamic_pad,400,1,False,1.568830281496048,19140298418546757,42956.0,27380.909526451036
dynamic_pad,400,1,False,1.8051494024693966,19140298418588560,41804.0,23158.19396600261
dynamic_pad,400,1,False,2.086186065338552,19140298418626301,37740.0,18090.428570605683
dynamic_pad,400,1,False,2.42720169108361,19140298418672148,45848.0,18889.241948217095
dynamic_pad,400,1,False,2.4137546652927995,19140298418716405,44256.0,18334.920543646695
dynamic_pad,400,1,False,1.2818400915712118,19140298418758185,41780.0,32593.76912512409
dynamic_pad,400,1,False,1.4084454625844955,19140298418795750,37568.0,26673.37926671493
dynamic_pad,400,1,False,1.9593649059534073,19140298418839289,43536.0,22219.444610709623
dynamic_pad,400,1,False,1.5930259115993977,19140298418877753,38464.0,24145.244418141418
dynamic_pad,400,1,False,1.5500283492729068,19140298418912518,34768.0,22430.557490325325
dynamic_pad,400,1,False,2.0526450872421265,19140298418955523,43004.0,20950.52879198854
dynamic_pad,400,1,False,2.4300389448180795,19140298419005200,49676.0,20442.47072909315
dynamic_pad,400,1,False,2.3320590583607554,19140298419048769,43568.0,18682.202684277087
dynamic_pad,400,1,False,1.506854897364974,19140298419091533,42764.0,28379.640318906015
dynamic_pad,400,1,False,1.5034870952367783,19140298419126723,35192.0,23406.91856384557
dynamic_pad,400,1,False,1.6226865453645587,19140298419166783,40060.0,24687.454341959787
dynamic_pad,400,1,False,2.4307105652987957,19140298419209959,43176.0,17762.707175583688
dynamic_pad,400,1,False,2.3193952031433582,19140298419246461,36500.0,15736.861036244884
dynamic_pad,400,1,False,1.8686464177444577,19140298419273882,27420.0,14673.72304338731
dynamic_pad,400,1,False,2.274600819684565,19140298419315872,41992.0,18461.261262458935
dynamic_pad,400,1,False,0.934327868744731,37154696928811741,1.801439850949587e+16,1.9280596364633976e+16
dynamic_pad,400,1,False,1.4079120205715299,37154696928840785,29040.0,20626.288841693007
dynamic_pad,400,1,False,2.100986144505441,37154696928877598,36816.0,17523.199806092132
dynamic_pad,400,1,False,1.3475247584283352,37154696928910152,32552.0,24156.884536924223
dynamic_pad,400,1,False,2.426381309516728,37154696928949480,39328.0,16208.499400217155
dynamic_pad,400,1,False,1.9124189503490925,37154696928993727,44248.0,23137.18967903083
dynamic_pad,400,1,False,1.5906842481344938,37154696929034533,40808.0,25654.368582487936
dynamic_pad,400,1,False,1.575528860092163,37154696929074363,39824.0,25276.591885260947
dynamic_pad,400,1,False,1.2710115890949965,37154696929098812,24456.0,19241.366648288003
dynamic_pad,400,1,False,1.5514828516170382,37154696929138621,39808.0,25658.034156490983
dynamic_pad,400,1,False,1.6748726284131408,37154696929181400,42776.0,25539.8525680894
dynamic_pad,400,1,False,1.7009617388248444,37154696929224198,42800.0,25162.235588890755
dynamic_pad,400,1,False,2.429982685483992,37154696929267445,43248.0,17797.657678118834
dynamic_pad,400,1,False,1.7086461083963513,37154696929304061,36616.0,21429.83255576892
dynamic_pad,400,1,False,1.2716789385303855,37154696929334441,30376.0,23886.53226820285
dynamic_pad,400,1,False,1.3024825556203723,37154696929375795,41352.0,31748.601792447076
dynamic_pad,400,1,False,1.6718097748234868,37154696929426268,50480.0,30194.822856164832
dynamic_pad,400,1,False,1.7827306659892201,37154696929464818,38544.0,21620.7645581798
dynamic_pad,400,1,False,1.3003903441131115,37154696929498405,33592.0,25832.243489096592
dynamic_pad,400,1,False,1.6954189026728272,37154696929537788,39384.0,23229.657247486823
dynamic_pad,400,1,False,1.4171166131272912,37154696929580924,43136.0,30439.27338118458
dynamic_pad,400,1,False,1.4279470555484295,37154696929623386,42456.0,29732.194786237356
dynamic_pad,400,1,False,0.9891370832920074,37154696929655489,32104.0,32456.573049665392
dynamic_pad,400,1,False,1.6027217833325267,37154696929695044,39552.0,24678.019860539887
dynamic_pad,400,1,False,1.2828359035775065,37154696929736386,41344.0,32228.595944892084
dynamic_pad,400,1,False,2.1799552477896214,37154696929773102,36720.0,16844.382487774674
dynamic_pad,400,1,False,1.3066257610917091,37154696929814190,41088.0,31445.882381555253
dynamic_pad,400,1,False,1.79325744882226,37154696929852709,38520.0,21480.462844472444
dynamic_pad,400,1,False,1.2843200750648975,37154696929892910,40200.0,31300.60861033311
dynamic_pad,400,1,False,1.8642312036827207,37154696929936264,43352.0,23254.626311564632
dynamic_pad,400,1,False,1.6100266808643937,37154696929973790,37528.0,23308.930495395212
dynamic_pad,400,1,False,1.3906339602544904,37154696930011733,37944.0,27285.397224914694
dynamic_pad,400,1,False,1.2030747383832932,37154696930054871,43136.0,35854.79656730778
dynamic_pad,400,1,False,1.7606467315927148,37154696930098741,43872.0,24918.116288048623
dynamic_pad,400,1,False,1.395796386525035,37154696930139588,40840.0,29259.281937013024
dynamic_pad,400,1,False,1.501579293049872,37154696930166159,26576.0,17698.699045070898
dynamic_pad,400,1,False,1.4975167978554964,37154696930202772,36608.0,24445.80257959317
dynamic_pad,400,1,False,1.477769585326314,37154696930243491,40720.0,27555.039976687844
dynamic_pad,400,1,False,1.95756368432194,37154696930287429,43944.0,22448.31182349059
dynamic_pad,400,1,False,1.2440178468823433,37154696930324801,37368.0,30038.154270574698
dynamic_pad,400,1,False,1.3820053907111287,37154696930362714,37912.0,27432.599217642626
dynamic_pad,400,1,False,1.4200691264122725,37154696930394708,31992.0,22528.480765458266
dynamic_pad,400,1,False,1.5511525515466928,37154696930428435,33728.0,21743.831685909274
dynamic_pad,400,1,False,1.1830187449231744,37154696930458304,29872.0,25250.656532868292
dynamic_pad,400,1,False,1.17162006162107,37154696930491954,33648.0,28719.207789463897
dynamic_pad,400,1,False,1.7685318803414702,37154696930531628,39680.0,22436.689121113573
dynamic_pad,400,1,False,1.562375315465033,37154696930571410,39776.0,25458.67155367907
dynamic_pad,400,1,False,1.4805788984522223,37154696930603680,32272.0,21796.879608196985
dynamic_pad,400,1,False,1.4281887356191874,37154696930644722,41040.0,28735.69786433529
static_pad,480,1,True,2.0136958807706833,53812,53812.0,26723.002472153355
static_pad,480,1,True,2.011499058455229,110154,56342.0,28009.95593966073
static_pad,480,1,True,2.011211907491088,151870,41716.0,20741.722861038128
static_pad,480,1,True,2.0123688904568553,200609,48739.0,24219.714502212908
static_pad,480,1,True,2.011496319435537,242569,41960.0,20860.092854544597
static_pad,480,1,True,2.0131465615704656,280118,37549.0,18651.895851391884
static_pad,480,1,True,2.0070580830797553,319444,39326.0,19593.852480669484
static_pad,480,1,True,2.0106694474816322,376263,56819.0,28258.747389415956
static_pad,480,1,True,2.011098338291049,423323,47060.0,23400.148617292234
static_pad,480,1,True,2.013588731177151,469700,46377.0,23032.01208962261
static_pad,480,1,True,2.0124639999121428,520197,50497.0,25092.125872663823
static_pad,480,1,True,2.0132382111623883,565788,45591.0,22645.60634068087
static_pad,480,1,True,2.0131368404254317,609169,43381.0,21548.957392698845
static_pad,480,1,True,2.0122035099193454,660887,51718.0,25702.17164668051
static_pad,480,1,True,2.0124248396605253,714123,53236.0,26453.65876570096
static_pad,480,1,True,2.0129746394231915,758750,44627.0,22169.678209551443
static_pad,480,1,True,2.0138252414762974,808284,49534.0,24596.97047182086
static_pad,480,1,True,2.0126043697819114,851987,43703.0,21714.65025922393
static_pad,480,1,True,2.011961169540882,897709,45722.0,22725.09066883905
static_pad,480,1,True,2.0111901676282287,949108,51399.0,25556.509189090855
static_pad,480,1,True,2.0105780474841595,999326,50218.0,24976.896600874505
static_pad,480,1,True,2.0121429907158017,1049744,50418.0,25056.867346223866
static_pad,480,1,True,2.011001268401742,1095332,45588.0,22669.304448639854
static_pad,480,1,True,2.011480689048767,1147820,52488.0,26094.210243112833
static_pad,480,1,True,2.01369487028569,1181194,33374.0,16573.51393821901
static_pad,480,1,True,2.0114055182784796,1231713,50519.0,25116.267973271828
static_pad,480,1,True,2.0121325897052884,1284517,52804.0,26242.803416714232
static_pad,480,1,True,2.0125486198812723,1339180,54663.0,27161.082947265528
static_pad,480,1,True,2.0101029463112354,1383841,44661.0,22218.265030633356
static_pad,480,1,True,2.0119697796180844,1427850,44009.0,21873.58898022507
static_pad,480,1,True,2.015157423913479,1469202,41352.0,20520.48118389358
static_pad,480,1,True,2.0137127423658967,1507121,37919.0,18830.391843997193
static_pad,480,1,True,2.01186300907284,1545137,38016.0,18895.91877208356
static_pad,480,1,True,2.014121752232313,1598931,53794.0,26708.415189090952
static_pad,480,1,True,2.0130536211654544,1654245,55314.0,27477.658527533928
static_pad,480,1,True,2.0133274104446173,1705179,50934.0,25298.418794562524
static_pad,480,1,True,2.009935806505382,1749954,44775.0,22276.830859513375
static_pad,480,1,True,2.0138473119586706,1789814,39860.0,19792.96035171212
static_pad,480,1,True,2.011859799735248,1838617,48803.0,24257.6545375688
static_pad,480,1,True,2.012445961125195,1889250,50633.0,25159.930243140625
static_pad,480,1,True,2.010638138279319,1944362,55112.0,27410.203233866945
static_pad,480,1,True,2.011658199131489,1991910,47548.0,23636.22210797457
static_pad,480,1,True,2.0119617292657495,2043635,51725.0,25708.73950911415
static_pad,480,1,True,2.0122596798464656,2096348,52713.0,26195.92318423931
static_pad,480,1,True,2.0092577962204814,2142550,46202.0,22994.56052225273
static_pad,480,1,True,2.0110828392207623,2183934,41384.0,20577.96883992861
static_pad,480,1,True,2.008849335834384,2236301,52367.0,26068.157061788384
static_pad,480,1,True,2.0099643263965845,2282068,45767.0,22770.055865643135
static_pad,480,1,True,2.0086857760325074,2337349,55281.0,27520.979468072543
static_pad,480,1,True,2.0089110862463713,2389373,52024.0,25896.616508402214
static_pad,480,1,True,2.0096706971526146,2439469,50096.0,24927.46700789244
static_pad,480,1,True,2.008451105095446,2483682,44213.0,22013.480879784176
static_pad,480,1,True,2.009418986737728,2536158,52476.0,26115.011526388666
static_pad,480,1,True,2.0115296486765146,2577719,41561.0,20661.39071196144
static_pad,480,1,True,2.0130005311220884,2632012,54293.0,26971.180166423477
static_pad,480,1,True,2.01323820091784,2687056,55044.0,27341.026995665645
static_pad,480,1,True,2.0104415686801076,2737778,50722.0,25229.283352562165
static_pad,480,1,True,2.013541161082685,2781475,43697.0,21701.567787421856
static_pad,480,1,True,2.0116069903597236,2831984,50509.0,25108.78130870274
static_pad,480,1,True,2.011184918694198,2881454,49470.0,24597.43981777637
static_pad,480,1,True,2.0115243894979358,2920890,39436.0,19605.031987627546
static_pad,480,1,True,2.0126053607091308,2966523,45633.0,22673.59557460458
static_pad,480,1,True,2.011511178687215,2992999,26476.0,13162.24353139275
static_pad,480,1,True,2.0123015101999044,3024002,31003.0,15406.736934228175
static_pad,480,1,True,2.010919379070401,3070374,46372.0,23060.09901870688
static_pad,480,1,True,2.01052094809711,3106649,36275.0,18042.58743701878
static_pad,480,1,True,2.0103300688788295,3161816,55167.0,27441.762352371767
static_pad,480,1,True,2.0118115302175283,3210672,48856.0,24284.580969032133
static_pad,480,1,True,2.012376799248159,3257580,46908.0,23309.749952158676
static_pad,480,1,True,2.01204037014395,3288515,30935.0,15374.94001563536
static_pad,480,1,True,2.0110555486753583,3337864,49349.0,24538.85474844551
static_pad,480,1,True,2.011201429180801,3388735,50871.0,25293.83644119659
static_pad,480,1,True,2.012141890823841,3444015,55280.0,27473.21163189264
static_pad,480,1,True,2.010554788634181,3487278,43263.0,21517.941338663848
static_pad,480,1,True,2.010213138535619,3523757,36479.0,18146.8319456781
static_pad,480,1,True,2.01068851724267,3580077,56320.0,28010.30568237076
static_pad,480,1,True,2.0104656778275967,3633859,53782.0,26751.016241229245
static_pad,480,1,True,2.0096547277644277,3675888,42029.0,20913.542719228062
static_pad,480,1,True,2.011511310003698,3721005,45117.0,22429.404088171425
static_pad,480,1,True,2.0103631783276796,3772139,51134.0,25435.205216271326
static_pad,480,1,True,2.0124197909608483,3821915,49776.0,24734.401949125135
static_pad,480,1,True,2.0109275188297033,3859857,37942.0,18867.910277582283
static_pad,480,1,True,2.010387558490038,3912427,52570.0,26149.186895826337
static_pad,480,1,True,2.0112349381670356,3956319,43892.0,21823.407682049085
static_pad,480,1,True,2.0103974686935544,4005757,49438.0,24591.157106921255
static_pad,480,1,True,2.0120771201327443,4054339,48582.0,24145.197772933705
static_pad,480,1,True,2.0105369491502643,4101757,47418.0,23584.74437390509
static_pad,480,1,True,2.0131394816562533,4149674,47917.0,23802.126199709546
static_pad,480,1,True,2.014250813052058,4194950,45276.0,22477.836278688817
static_pad,480,1,True,2.013281431980431,4245448,50498.0,25082.434674980323
static_pad,480,1,True,2.0110267493873835,4297347,51899.0,25807.215153060457
static_pad,480,1,True,2.010326917283237,4333982,36635.0,18223.40420607245
static_pad,480,1,True,2.012345179915428,4378222,44240.0,21984.29993101842
static_pad,480,1,True,2.0124082006514072,4426708,48486.0,24093.521376182678
static_pad,480,1,True,2.0106822792440653,4477101,50393.0,25062.636956717855
static_pad,480,1,True,2.010820148512721,4521938,44837.0,22297.86688439697
static_pad,480,1,True,2.012144511565566,4567051,45113.0,22420.357852378827
static_pad,480,1,True,2.0108867902308702,4604283,37232.0,18515.214372523373
static_pad,480,1,True,2.010450469329953,4641521,37238.0,18522.217069297287
static_pad,480,1,True,2.0104807391762733,4682178,40657.0,20222.526487201183
static_pad,480,1,True,2.0053865034133196,4731579,49401.0,24634.154022636416
static_pad,480,1,True,2.013342721387744,4774273,42694.0,21205.530258937808
static_pad,480,1,True,2.0115356408059597,4818231,43958.0,21852.956074090438
static_pad,480,1,True,0.3374619306996465,4827939,9708.0,28767.689380170345
dynamic_pad,480,1,True,2.0134657323360443,53812,53812.0,26726.05703478586
dynamic_pad,480,1,True,1.458976344205439,110154,56342.0,38617.486996119835
dynamic_pad,480,1,True,1.846769243478775,151870,41716.0,22588.63696550372
dynamic_pad,480,1,True,1.333617034368217,200609,48739.0,36546.473795672115
dynamic_pad,480,1,True,1.4883213276043534,242569,41960.0,28192.836601716965
dynamic_pad,480,1,True,1.0358627000823617,280118,37549.0,36249.01253516945
dynamic_pad,480,1,True,1.2026704996824265,319444,39326.0,32698.89800272336
dynamic_pad,480,1,True,2.0104028787463903,376263,56819.0,28262.494349107845
dynamic_pad,480,1,True,1.2983479127287865,423323,47060.0,36246.06281462126
dynamic_pad,480,1,True,1.225960216484964,469700,46377.0,37829.123144771154
dynamic_pad,480,1,True,1.5514181526377797,520197,50497.0,32548.9294515106
dynamic_pad,480,1,True,1.2804725803434849,565788,45591.0,35604.82332840761
dynamic_pad,480,1,True,1.4628402777016163,609169,43381.0,29655.322362438168
dynamic_pad,480,1,True,1.5093382131308317,660887,51718.0,34265.34858129707
dynamic_pad,480,1,True,1.5545190069824457,714123,53236.0,34245.962745311845
dynamic_pad,480,1,True,1.5952377254143357,758750,44627.0,27975.14081383005
dynamic_pad,480,1,True,1.8662466872483492,808284,49534.0,26542.043095617995
dynamic_pad,480,1,True,1.5805509379133582,851987,43703.0,27650.484999677807
dynamic_pad,480,1,True,1.913028753362596,897709,45722.0,23900.32032693334
dynamic_pad,480,1,True,1.2735340129584074,949108,51399.0,40359.34610069865
dynamic_pad,480,1,True,1.039767425507307,999326,50218.0,48297.33916264824
dynamic_pad,480,1,True,1.4077479122206569,1049744,50418.0,35814.65087770434
dynamic_pad,480,1,True,1.5643545091152191,1095332,45588.0,29141.732091010526
dynamic_pad,480,1,True,1.7308648051694036,1147820,52488.0,30324.725445476306
dynamic_pad,480,1,True,1.0958974715322256,1181194,33374.0,30453.57879450004
dynamic_pad,480,1,True,1.5081579517573118,1231713,50519.0,33497.15455276753
dynamic_pad,480,1,True,1.506118300370872,1284517,52804.0,35059.66296737604
dynamic_pad,480,1,True,1.4436541851609945,1339180,54663.0,37864.331057859294
dynamic_pad,480,1,True,1.518763244152069,1383841,44661.0,29406.163318716866
dynamic_pad,480,1,True,1.5368362059816718,1427850,44009.0,28636.103072473325
dynamic_pad,480,1,True,1.1213002111762762,1469202,41352.0,36878.61608143332
dynamic_pad,480,1,True,1.4133533099666238,1507121,37919.0,26829.101918539713
dynamic_pad,480,1,True,1.160253919661045,1545137,38016.0,32765.24160427395
dynamic_pad,480,1,True,2.0130966724827886,1598931,53794.0,26722.01525903616
dynamic_pad,480,1,True,1.718353602103889,1654245,55314.0,32190.114963692904
dynamic_pad,480,1,True,1.275270076468587,1705179,50934.0,39939.77506399573
dynamic_pad,480,1,True,1.5792971272021532,1749954,44775.0,28351.21981088028
dynamic_pad,480,1,True,1.2633025804534554,1789814,39860.0,31552.21925193288
dynamic_pad,480,1,True,1.5919049317017198,1838617,48803.0,30656.9814742834
dynamic_pad,480,1,True,1.4360906165093184,1889250,50633.0,35257.52443329293
dynamic_pad,480,1,True,1.5490895211696625,1944362,55112.0,35577.02718070605
dynamic_pad,480,1,True,0.988480064086616,1991910,47548.0,48102.133495161295
dynamic_pad,480,1,True,1.6164744207635522,2043635,51725.0,31998.650480078344
dynamic_pad,480,1,True,2.011725850403309,2096348,52713.0,26202.874506698885
dynamic_pad,480,1,True,1.3004560749977827,2142550,46202.0,35527.53598392685
dynamic_pad,480,1,True,1.2639996325597167,2183934,41384.0,32740.515846664886
dynamic_pad,480,1,True,1.3628336200490594,2236301,52367.0,38425.086694085876
dynamic_pad,480,1,True,1.738780627027154,2282068,45767.0,26321.319255925475
dynamic_pad,480,1,True,2.0121787507086992,2337349,55281.0,27473.205340494605
dynamic_pad,480,1,True,1.9701811214908957,2389373,52024.0,26405.69409203955
dynamic_pad,480,1,True,1.1696334704756737,2439469,50096.0,42830.511664159756
dynamic_pad,480,1,True,1.6279405448585749,2483682,44213.0,27158.854258919477
dynamic_pad,480,1,True,1.4097628649324179,2536158,52476.0,37223.28152154556
dynamic_pad,480,1,True,1.351929166354239,2577719,41561.0,30741.995242308418
dynamic_pad,480,1,True,1.7200450943782926,2632012,54293.0,31564.87011732917
dynamic_pad,480,1,True,2.0128499614074826,2687056,55044.0,27346.300546668943
dynamic_pad,480,1,True,1.8938691206276417,2737778,50722.0,26782.20973537515
dynamic_pad,480,1,True,1.328861870802939,2781475,43697.0,32883.02641537674
dynamic_pad,480,1,True,1.4083390440791845,2831984,50509.0,35864.233269925666
dynamic_pad,480,1,True,2.0120547814294696,2881454,49470.0,24586.805715525254
dynamic_pad,480,1,True,1.8777385726571083,2920890,39436.0,21001.858604947218
dynamic_pad,480,1,True,1.8801822755485773,2966523,45633.0,24270.519190319323
dynamic_pad,480,1,True,1.0768966507166624,2992999,26476.0,24585.46043613426
dynamic_pad,480,1,True,1.2576374057680368,3024002,31003.0,24651.779485730647
dynamic_pad,480,1,True,1.7453625136986375,3070374,46372.0,26568.692541546592
dynamic_pad,480,1,True,1.2060710145160556,3106649,36275.0,30077.0017382066
dynamic_pad,480,1,True,2.0129406917840242,3161816,55167.0,27406.17258380659
dynamic_pad,480,1,True,1.3801560001447797,3210672,48856.0,35398.896932574986
dynamic_pad,480,1,True,1.372047919780016,3257580,46908.0,34188.3102796591
dynamic_pad,480,1,True,1.1519966488704085,3288515,30935.0,26853.376726688697
dynamic_pad,480,1,True,1.348196841776371,3337864,49349.0,36603.70538695094
dynamic_pad,480,1,True,1.4865087363868952,3388735,50871.0,34221.796855124405
dynamic_pad,480,1,True,2.0118109406903386,3444015,55280.0,27477.731073990013
dynamic_pad,480,1,True,1.4988522017374635,3487278,43263.0,28864.086765759628
dynamic_pad,480,1,True,1.151968838647008,3523757,36479.0,31666.655187344073
dynamic_pad,480,1,True,1.2514695869758725,3580077,56320.0,45003.091234598105
dynamic_pad,480,1,True,1.5184433553367853,3633859,53782.0,35419.167801667085
dynamic_pad,480,1,True,1.3136472515761852,3675888,42029.0,31994.129283619575
dynamic_pad,480,1,True,1.4821974812075496,3721005,45117.0,30439.263709477553
dynamic_pad,480,1,True,1.264062880538404,3772139,51134.0,40452.10154278119
dynamic_pad,480,1,True,1.260989697650075,3821915,49776.0,39473.75628267255
dynamic_pad,480,1,True,1.4112219689413905,3859857,37942.0,26885.919320304864
dynamic_pad,480,1,True,1.3490383327007294,3912427,52570.0,38968.499801452366
dynamic_pad,480,1,True,1.790453838184476,3956319,43892.0,24514.454974447475
dynamic_pad,480,1,True,1.4808167954906821,4005757,49438.0,33385.62889788015
dynamic_pad,480,1,True,1.5554823465645313,4054339,48582.0,31232.755619052285
dynamic_pad,480,1,True,1.57756441924721,4101757,47418.0,30057.726595169504
dynamic_pad,480,1,True,1.4188087601214647,4149674,47917.0,33772.69815834645
dynamic_pad,480,1,True,1.2311750492081046,4194950,45276.0,36774.62439571177
dynamic_pad,480,1,True,1.099881226196885,4245448,50498.0,45912.2301547136
dynamic_pad,480,1,True,1.5308584216982126,4297347,51899.0,33901.894038266044
dynamic_pad,480,1,True,1.2363803954795003,4333982,36635.0,29630.84834889508
dynamic_pad,480,1,True,1.3233996089547873,4378222,44240.0,33429.056273441456
dynamic_pad,480,1,True,1.3214919371530414,4426708,48486.0,36690.34871635759
dynamic_pad,480,1,True,1.6425478840246797,4477101,50393.0,30679.775299167373
dynamic_pad,480,1,True,1.233339843340218,4521938,44837.0,36354.13243325479
dynamic_pad,480,1,True,1.1763129625469446,4567051,45113.0,38351.18836259498
dynamic_pad,480,1,True,1.3526565618813038,4604283,37232.0,27525.094727827243
dynamic_pad,480,1,True,1.077236695215106,4641521,37238.0,34568.076046243674
dynamic_pad,480,1,True,1.066239002160728,4682178,40657.0,38131.22566104672
dynamic_pad,480,1,True,1.5325367581099272,4731579,49401.0,32234.789631360032
dynamic_pad,480,1,True,1.3360068257898092,4774273,42694.0,31956.42355701328
dynamic_pad,480,1,True,1.3121100515127182,4818231,43958.0,33501.76301852217
dynamic_pad,480,1,True,0.18338641803711653,4827939,9708.0,52937.39909372758
packed_flattened_pad,20,1,False,0.8845084188506007,12800,12800.0,14471.315057275904
packed_flattened_pad,20,1,False,0.8759296201169491,25600,12800.0,14613.046192331089
packed_flattened_pad,20,1,False,0.8846512110903859,38400,12800.0,14468.979231061277
packed_flattened_pad,20,1,False,0.8851835709065199,51200,12800.0,14460.277416684847
packed_flattened_pad,20,1,False,0.8848490715026855,64000,12800.0,14465.743833875009
packed_flattened_pad,20,1,False,0.8848913609981537,76800,12800.0,14465.05250719326
packed_flattened_pad,20,1,False,0.8849655417725444,89600,12800.0,14463.839998066142
packed_flattened_pad,20,1,False,0.8854634119197726,102400,12800.0,14455.707404384251
packed_flattened_pad,20,1,False,0.884899421595037,115200,12800.0,14464.92074424449
packed_flattened_pad,20,1,False,0.8848361112177372,128000,12800.0,14465.955715103295
packed_flattened_pad,20,1,False,0.8855763915926218,140800,12800.0,14453.863180544438
packed_flattened_pad,20,1,False,0.88506746198982,153600,12800.0,14462.174410098498
packed_flattened_pad,20,1,False,0.8847199324518442,166400,12800.0,14467.855340985789
packed_flattened_pad,20,1,False,0.8854366932064295,179200,12800.0,14456.143616148767
packed_flattened_pad,20,1,False,0.885442073456943,192000,12800.0,14456.055775649149
packed_flattened_pad,20,1,False,0.8851454127579927,204800,12800.0,14460.90079156253
packed_flattened_pad,20,1,False,0.8851395426318049,217600,12800.0,14460.996694308196
packed_flattened_pad,20,1,False,0.8855830430984497,230400,12800.0,14453.754619347463
packed_flattened_pad,20,1,False,0.8856244534254074,243200,12800.0,14453.078785813012
packed_flattened_pad,20,1,False,0.8848981037735939,256000,12800.0,14464.942285914256
packed_flattened_pad,20,1,False,0.8859190745279193,268800,12800.0,14448.272272296146
packed_flattened_pad,20,1,False,0.8854422345757484,281600,12800.0,14456.053145164238
packed_flattened_pad,20,1,False,0.8861618051305413,294400,12800.0,14444.314713061256
packed_flattened_pad,20,1,False,0.8855683039873838,307200,12800.0,14453.995182942268
packed_flattened_pad,20,1,False,0.8859072644263506,320000,12800.0,14448.46488338523
packed_flattened_pad,20,1,False,0.885633715428412,332800,12800.0,14452.927634770762
packed_flattened_pad,20,1,False,0.8860774161294103,345600,12800.0,14445.690373097805
packed_flattened_pad,20,1,False,0.8858118746429682,358400,12800.0,14450.020784784712
packed_flattened_pad,20,1,False,0.8860275549814105,371200,12800.0,14446.50330346504
packed_flattened_pad,20,1,False,0.886248305439949,384000,12800.0,14442.904907610355
packed_flattened_pad,20,1,False,0.8858946561813354,396800,12800.0,14448.670517073244
packed_flattened_pad,20,1,False,0.8855945048853755,409600,12800.0,14453.567551953964
packed_flattened_pad,20,1,False,0.8857365362346172,422400,12800.0,14451.249865354417
packed_flattened_pad,20,1,False,0.88543167617172,435200,12800.0,14456.22552757823
packed_flattened_pad,20,1,False,0.8857509763911366,448000,12800.0,14451.014270570422
packed_flattened_pad,20,1,False,0.885746936313808,460800,12800.0,14451.080184673803
packed_flattened_pad,20,1,False,0.885856606066227,473600,12800.0,14449.291129452917
packed_flattened_pad,20,1,False,0.8865337874740362,486400,12800.0,14438.253996466967
packed_flattened_pad,20,1,False,0.8859307868406177,499200,12800.0,14448.081261118617
packed_flattened_pad,20,1,False,0.8858543671667576,512000,12800.0,14449.32764844683
packed_flattened_pad,20,1,False,0.8859817571938038,524800,12800.0,14447.250065895058
packed_flattened_pad,20,1,False,0.8855712777003646,537600,12800.0,14453.946647003737
packed_flattened_pad,20,1,False,0.8857718277722597,550400,12800.0,14450.674088599486
packed_flattened_pad,20,1,False,0.8862107172608376,563200,12800.0,14443.517496113273
packed_flattened_pad,20,1,False,0.8859168663620949,576000,12800.0,14448.308284908915
packed_flattened_pad,20,1,False,0.8864087285473943,588800,12800.0,14440.29101673677
packed_flattened_pad,20,1,False,0.886435417458415,601600,12800.0,14439.856246606349
packed_flattened_pad,20,1,False,0.8858220484107733,614400,12800.0,14449.854824638984
packed_flattened_pad,20,1,False,0.886080457828939,627200,12800.0,14445.640784542713
packed_flattened_pad,20,1,False,0.8857486182823777,640000,12800.0,14451.05274318288
packed_flattened_pad,20,1,False,0.8858572887256742,652800,12800.0,14449.279994538501
packed_flattened_pad,20,1,False,0.8863055687397718,665600,12800.0,14441.971766238792
packed_flattened_pad,20,1,False,0.886427778750658,678400,12800.0,14439.980680705285
packed_flattened_pad,20,1,False,0.8862077482044697,691200,12800.0,14443.5658861411
packed_flattened_pad,20,1,False,0.8864684095606208,704000,12800.0,14439.318831840084
packed_flattened_pad,20,1,False,0.8860295303165913,716800,12800.0,14446.471096089059
packed_flattened_pad,20,1,False,0.885625708848238,729600,12800.0,14453.058297784155
packed_flattened_pad,20,1,False,0.8867469113320112,742400,12800.0,14434.78385594003
packed_flattened_pad,20,1,False,0.8861519899219275,755200,12800.0,14444.474701374555
packed_flattened_pad,20,1,False,0.8862042296677828,768000,12800.0,14443.623232083219
packed_flattened_pad,20,1,False,0.8866499699652195,780800,12800.0,14436.362074767909
packed_flattened_pad,20,1,False,0.8864237312227488,793600,12800.0,14440.046615565505
packed_flattened_pad,20,1,False,0.8866077810525894,806400,12800.0,14437.04902386906
packed_flattened_pad,20,1,False,0.8860809309408069,819200,12800.0,14445.633071472883
packed_flattened_pad,20,1,False,0.8864339413121343,832000,12800.0,14439.880292775048
packed_flattened_pad,20,1,False,0.8862732909619808,844800,12800.0,14442.497738035854
packed_flattened_pad,20,1,False,0.8859273195266724,857600,12800.0,14448.137807555933
packed_flattened_pad,20,1,False,0.8863078616559505,870400,12800.0,14441.934404242867
packed_flattened_pad,20,1,False,0.8858797699213028,883200,12800.0,14448.913311494955
packed_flattened_pad,20,1,False,0.8861304512247443,896000,12800.0,14444.825795467
packed_flattened_pad,20,1,False,0.8862352715805173,908800,12800.0,14443.117319368708
packed_flattened_pad,20,1,False,0.8871410815045238,921600,12800.0,14428.370263602463
packed_flattened_pad,20,1,False,0.8867916511371732,934400,12800.0,14434.055602108994
packed_flattened_pad,20,1,False,0.8871068926528096,947200,12800.0,14428.92632895998
packed_flattened_pad,20,1,False,0.8864749222993851,960000,12800.0,14439.212749299992
packed_flattened_pad,20,1,False,0.8865331029519439,972800,12800.0,14438.265144729567
packed_flattened_pad,20,1,False,0.886507892049849,985600,12800.0,14438.675746476316
packed_flattened_pad,20,1,False,0.8865475626662374,998400,12800.0,14438.029654612987
packed_flattened_pad,20,1,False,0.8862439626827836,1011200,12800.0,14442.975680480375
packed_flattened_pad,20,1,False,0.8865668335929513,1024000,12800.0,14437.715821294589
packed_flattened_pad,20,1,False,0.8864811332896352,1036800,12800.0,14439.111583233125
packed_flattened_pad,20,1,False,0.886263582855463,1049600,12800.0,14442.655940752446
packed_flattened_pad,20,1,False,0.8868989236652851,1062400,12800.0,14432.309768853333
packed_flattened_pad,20,1,False,0.886451443657279,1075200,12800.0,14439.59518774133
packed_flattened_pad,20,1,False,0.8865384245291352,1088000,12800.0,14438.178476920986
packed_flattened_pad,20,1,False,0.8865093039348722,1100800,12800.0,14438.652750947731
packed_flattened_pad,20,1,False,0.8864339236170053,1113600,12800.0,14439.880581026135
packed_flattened_pad,20,1,False,0.8866514740511775,1126400,12800.0,14436.33758540527
packed_flattened_pad,20,1,False,0.8869098350405693,1139200,12800.0,14432.132212644252
packed_flattened_pad,20,1,False,0.8866928853094578,1152000,12800.0,14435.663364472324
packed_flattened_pad,20,1,False,0.8865472851321101,1164800,12800.0,14438.034174446308
packed_flattened_pad,20,1,False,0.8863758854568005,1177600,12800.0,14440.82607617808
packed_flattened_pad,20,1,False,0.8864023555070162,1190400,12800.0,14440.394839292238
packed_flattened_pad,20,1,False,0.8862352855503559,1203200,12800.0,14443.117091700027
packed_flattened_pad,20,1,False,0.8865172350779176,1216000,12800.0,14438.523576899197
packed_flattened_pad,20,1,False,0.8863772749900818,1228800,12800.0,14440.80343795279
packed_flattened_pad,20,1,False,0.8864798946306109,1241600,12800.0,14439.13175868885
packed_flattened_pad,20,1,False,0.8867426356300712,1254400,12800.0,14434.853457683374
packed_flattened_pad,20,1,False,0.8863830855116248,1267200,12800.0,14440.70877391774
packed_flattened_pad,20,1,False,0.8865023059770465,1280000,12800.0,14438.766728184259
packed_flattened_pad,20,1,False,0.8865882446989417,1292800,12800.0,14437.367150459444
packed_flattened_pad,20,1,False,0.8863396253436804,1305600,12800.0,14441.416849705629
packed_flattened_pad,20,1,False,0.8864098656922579,1318400,12800.0,14440.2724917819
packed_flattened_pad,20,1,False,0.8865984557196498,1331200,12800.0,14437.200874222448
packed_flattened_pad,20,1,False,0.8867211658507586,1344000,12800.0,14435.202962274085
packed_flattened_pad,20,1,False,0.8866921765729785,1356800,12800.0,14435.674902953771
packed_flattened_pad,20,1,False,0.8867213670164347,1369600,12800.0,14435.199687437736
packed_flattened_pad,20,1,False,0.8866557162255049,1382400,12800.0,14436.268515235683
packed_flattened_pad,20,1,False,0.8868607962504029,1395200,12800.0,14432.93023450543
packed_flattened_pad,20,1,False,0.8867215076461434,1408000,12800.0,14435.19739808543
packed_flattened_pad,20,1,False,0.8867446482181549,1420800,12800.0,14434.820695812052
packed_flattened_pad,20,1,False,0.8866130765527487,1433600,12800.0,14436.96279527913
packed_flattened_pad,20,1,False,0.8863953175023198,1446400,12800.0,14440.509496448802
packed_flattened_pad,20,1,False,0.8866046769544482,1459200,12800.0,14437.09956952735
packed_flattened_pad,20,1,False,0.8866680972278118,1472000,12800.0,14436.066934199498
packed_flattened_pad,20,1,False,0.8865072075277567,1484800,12800.0,14438.686895390221
packed_flattened_pad,20,1,False,0.8866071868687868,1497600,12800.0,14437.058699248208
packed_flattened_pad,20,1,False,0.886421637609601,1510400,12800.0,14440.080721086135
packed_flattened_pad,20,1,False,0.8867086283862591,1523200,12800.0,14435.407066349413
packed_flattened_pad,20,1,False,0.8869864987209439,1536000,12800.0,14430.884820071005
packed_flattened_pad,20,1,False,0.8866344196721911,1548800,12800.0,14436.615267803894
packed_flattened_pad,20,1,False,0.8865565890446305,1561600,12800.0,14437.882655402193
packed_flattened_pad,20,1,False,0.8862798977643251,1574400,12800.0,14442.390075966394
packed_flattened_pad,20,1,False,0.8868829999119043,1587200,12800.0,14432.568897218061
packed_flattened_pad,20,1,False,0.886939600110054,1600000,12800.0,14431.647880432602
packed_flattened_pad,20,1,False,0.8871977590024471,1612800,12800.0,14427.448525560008
packed_flattened_pad,20,1,False,0.8873568307608366,1625600,12800.0,14424.862193290423
packed_flattened_pad,20,1,False,0.8871438503265381,1638400,12800.0,14428.3252319098
packed_flattened_pad,20,1,False,0.887014240026474,1651200,12800.0,14430.433495202928
packed_flattened_pad,20,1,False,0.8868631301447749,1664000,12800.0,14432.892252393534
packed_flattened_pad,20,1,False,0.8868087194859982,1676800,12800.0,14433.777790794602
packed_flattened_pad,20,1,False,0.8869199994951487,1689600,12800.0,14431.966814691288
packed_flattened_pad,20,1,False,0.8865516697987914,1702400,12800.0,14437.962767477547
packed_flattened_pad,20,1,False,0.8867501001805067,1715200,12800.0,14434.731946908643
packed_flattened_pad,20,1,False,0.8869005097076297,1728000,12800.0,14432.283959583665
packed_flattened_pad,20,1,False,0.8867088695988059,1740800,12800.0,14435.403139467184
packed_flattened_pad,20,1,False,0.8864831002429128,1753600,12800.0,14439.07954533207
packed_flattened_pad,20,1,False,0.8867290215566754,1766400,12800.0,14435.075077986365
packed_flattened_pad,20,1,False,0.8864997997879982,1779200,12800.0,14438.807547459179
packed_flattened_pad,20,1,False,0.8867330206558108,1792000,12800.0,14435.009976884998
packed_flattened_pad,20,1,False,0.8867307612672448,1804800,12800.0,14435.046757267406
packed_flattened_pad,20,1,False,0.8868362307548523,1817600,12800.0,14433.330028820505
packed_flattened_pad,20,1,False,0.8867930602282286,1830400,12800.0,14434.032666770916
packed_flattened_pad,20,1,False,0.8865646803751588,1843200,12800.0,14437.75088647063
packed_flattened_pad,20,1,False,0.8869846416637301,1856000,12800.0,14430.91503364799
packed_flattened_pad,20,1,False,0.8866955507546663,1868800,12800.0,14435.619970243364
packed_flattened_pad,20,1,False,0.8869082219898701,1881600,12800.0,14432.15846086293
packed_flattened_pad,20,1,False,0.8872124217450619,1894400,12800.0,14427.210086648274
packed_flattened_pad,20,1,False,0.8870988227427006,1907200,12800.0,14429.057588449296
packed_flattened_pad,20,1,False,0.8872870532795787,1920000,12800.0,14425.996584407278
packed_flattened_pad,20,1,False,0.8869130220264196,1932800,12800.0,14432.080352991716
packed_flattened_pad,20,1,False,0.8868391728028655,1945600,12800.0,14433.282146914475
packed_flattened_pad,20,1,False,0.8866067621856928,1958400,12800.0,14437.065614574165
packed_flattened_pad,20,1,False,0.8864300725981593,1971200,12800.0,14439.94331383944
packed_flattened_pad,20,1,False,0.8870286326855421,1984000,12800.0,14430.199351341222
packed_flattened_pad,20,1,False,0.8871698128059506,1996800,12800.0,14427.902995837985
packed_flattened_pad,20,1,False,0.8869174225255847,2009600,12800.0,14432.008747275186
packed_flattened_pad,20,1,False,0.8870805036276579,2022400,12800.0,14429.355563170688
packed_flattened_pad,20,1,False,0.8867494128644466,2035200,12800.0,14434.743135213868
packed_flattened_pad,20,1,False,0.88684790302068,2048000,12800.0,14433.140064268184
packed_flattened_pad,20,1,False,0.8869769033044577,2060800,12800.0,14431.040935015597
packed_flattened_pad,20,1,False,0.8865780830383301,2073600,12800.0,14437.532626719138
packed_flattened_pad,20,1,False,0.8874314241111279,2086400,12800.0,14423.649706590884
packed_flattened_pad,20,1,False,0.8874837132170796,2099200,12800.0,14422.799888462972
packed_flattened_pad,20,1,False,0.8869936745613813,2112000,12800.0,14430.768073210447
packed_flattened_pad,20,1,False,0.8869784539565444,2124800,12800.0,14431.015706078368
packed_flattened_pad,20,1,False,0.8868815340101719,2137600,12800.0,14432.592752408344
packed_flattened_pad,20,1,False,0.8870576936751604,2150400,12800.0,14429.726602075272
packed_flattened_pad,20,1,False,0.8866402544081211,2163200,12800.0,14436.52026440495
packed_flattened_pad,20,1,False,0.8870490342378616,2176000,12800.0,14429.867466117648
packed_flattened_pad,20,1,False,0.8866390744224191,2188800,12800.0,14436.53947728197
packed_flattened_pad,20,1,False,0.8869633646681905,2201600,12800.0,14431.261210871353
packed_flattened_pad,20,1,False,0.8866644240915775,2214400,12800.0,14436.126737704742
packed_flattened_pad,20,1,False,0.8872483754530549,2227200,12800.0,14426.625457007962
packed_flattened_pad,20,1,False,0.8877342948690057,2240000,12800.0,14418.728750238011
packed_flattened_pad,20,1,False,0.8874127650633454,2252800,12800.0,14423.952983239213
packed_flattened_pad,20,1,False,0.887251335196197,2265600,12800.0,14426.57733185552
packed_flattened_pad,20,1,False,0.8870323048904538,2278400,12800.0,14430.139612086357
packed_flattened_pad,20,1,False,0.8871437450870872,2291200,12800.0,14428.326943502801
packed_flattened_pad,20,1,False,0.8871790152043104,2304000,12800.0,14427.753340234563
packed_flattened_pad,20,1,False,0.8871750365942717,2316800,12800.0,14427.818042691135
packed_flattened_pad,20,1,False,0.8866463555023074,2329600,12800.0,14436.420925396438
packed_flattened_pad,20,1,False,0.8870327556505799,2342400,12800.0,14430.132279176145
packed_flattened_pad,20,1,False,0.8870965158566833,2355200,12800.0,14429.09511107575
packed_flattened_pad,20,1,False,0.8869413454085588,2368000,12800.0,14431.61948223739
packed_flattened_pad,20,1,False,0.8873202465474606,2380800,12800.0,14425.456930352326
packed_flattened_pad,20,1,False,0.8872635066509247,2393600,12800.0,14426.379428491353
packed_flattened_pad,20,1,False,0.8873369069769979,2406400,12800.0,14425.186081358172
packed_flattened_pad,20,1,False,0.8866759557276964,2419200,12800.0,14435.93898911471
packed_flattened_pad,20,1,False,0.8864940255880356,2432000,12800.0,14438.901594976245
packed_flattened_pad,20,1,False,0.8875174773856997,2444800,12800.0,14422.251196341615
packed_flattened_pad,20,1,False,0.887823348864913,2457600,12800.0,14417.282465441882
packed_flattened_pad,20,1,False,0.8873896971344948,2470400,12800.0,14424.327937695229
packed_flattened_pad,20,1,False,0.8874162565916777,2483200,12800.0,14423.896232373843
packed_flattened_pad,20,1,False,0.8870869167149067,2496000,12800.0,14429.251247895118
packed_flattened_pad,20,1,False,0.8875548867508769,2508800,12800.0,14421.64331589418
packed_flattened_pad,20,1,False,0.8873019879683852,2521600,12800.0,14425.753772182541
packed_flattened_pad,20,1,False,0.8873216174542904,2534400,12800.0,14425.43464310378
packed_flattened_pad,20,1,False,0.8871271573007107,2547200,12800.0,14428.596728959305
packed_flattened_pad,20,1,False,0.8875977480784059,2560000,12800.0,14420.946907212425
packed_flattened_pad,20,1,False,0.8875086884945631,2572800,12800.0,14422.394018149844
packed_flattened_pad,20,1,False,0.8877957789227366,2585600,12800.0,14417.730185123984
packed_flattened_pad,20,1,False,0.8880617888644338,2598400,12800.0,14413.411499629303
packed_flattened_pad,20,1,False,0.8872384279966354,2611200,12800.0,14426.787204091368
packed_flattened_pad,20,1,False,0.8874498978257179,2624000,12800.0,14423.349454837315
packed_flattened_pad,20,1,False,0.8873909581452608,2636800,12800.0,14424.307440266608
packed_flattened_pad,20,1,False,0.8874106584116817,2649600,12800.0,14423.987224708213
packed_flattened_pad,20,1,False,0.8876778688281775,2662400,12800.0,14419.645289678412
packed_flattened_pad,20,1,False,0.8875073492527008,2675200,12800.0,14422.415781433088
packed_flattened_pad,20,1,False,0.8874510992318392,2688000,12800.0,14423.329928916013
packed_flattened_pad,20,1,False,0.8872039392590523,2700800,12800.0,14427.348024051731
packed_flattened_pad,20,1,False,0.8874500095844269,2713600,12800.0,14423.347638470314
packed_flattened_pad,20,1,False,0.8871591482311487,2726400,12800.0,14428.076434223918
packed_flattened_pad,20,1,False,0.8873637085780501,2739200,12800.0,14424.750388441365
packed_flattened_pad,20,1,False,0.8871510596945882,2752000,12800.0,14428.207981182533
packed_flattened_pad,20,1,False,0.8879222199320793,2764800,12800.0,14415.6770859717
packed_flattened_pad,20,1,False,0.8876703903079033,2777600,12800.0,14419.766773520638
packed_flattened_pad,20,1,False,0.8877901611849666,2790400,12800.0,14417.821417299065
packed_flattened_pad,20,1,False,0.8871701192110777,2803200,12800.0,14427.898012821364
packed_flattened_pad,20,1,False,0.8874256098642945,2816000,12800.0,14423.744207649564
packed_flattened_pad,20,1,False,0.8880753600969911,2828800,12800.0,14413.19123931335
packed_flattened_pad,20,1,False,0.8878054199740291,2841600,12800.0,14417.573616946873
packed_flattened_pad,20,1,False,0.8876758301630616,2854400,12800.0,14419.678406303688
packed_flattened_pad,20,1,False,0.887864300981164,2867200,12800.0,14416.617478431033
packed_flattened_pad,20,1,False,0.8875124314799905,2880000,12800.0,14422.333193299708
packed_flattened_pad,20,1,False,0.8874866208061576,2892800,12800.0,14422.752636398043
packed_flattened_pad,20,1,False,0.8875080915167928,2905600,12800.0,14422.403719299282
packed_flattened_pad,20,1,False,0.8875779407098889,2918400,12800.0,14421.268727975033
packed_flattened_pad,20,1,False,0.8873071009293199,2931200,12800.0,14425.670646153894
packed_flattened_pad,20,1,False,0.8876375220716,2944000,12800.0,14420.300721545553
packed_flattened_pad,20,1,False,0.8876417502760887,2956800,12800.0,14420.232031693797
packed_flattened_pad,20,1,False,0.8877775212749839,2969600,12800.0,14418.026693914539
packed_flattened_pad,20,1,False,0.8882838217541575,2982400,12800.0,14409.808764413749
packed_flattened_pad,20,1,False,0.8880165219306946,2995200,12800.0,14414.146228012387
packed_flattened_pad,20,1,False,0.8881540214642882,3008000,12800.0,14411.914702471091
packed_flattened_pad,20,1,False,0.8881355626508594,3020800,12800.0,14412.214236524036
packed_flattened_pad,20,1,False,0.8880024924874306,3033600,12800.0,14414.373955353713
packed_flattened_pad,20,1,False,0.887843712233007,3046400,12800.0,14416.951794147246
packed_flattened_pad,20,1,False,0.8880510227754712,3059200,12800.0,14413.586237416299
packed_flattened_pad,20,1,False,0.8877891814336181,3072000,12800.0,14417.837328599035
packed_flattened_pad,20,1,False,0.8882889430969954,3084800,12800.0,14409.725686073663
packed_flattened_pad,20,1,False,0.8878334425389767,3097600,12800.0,14417.118557051954
packed_flattened_pad,20,1,False,0.887620653025806,3110400,12800.0,14420.574776359856
packed_flattened_pad,20,1,False,0.8875785628333688,3123200,12800.0,14421.258619788265
packed_flattened_pad,20,1,False,0.8879300337284803,3136000,12800.0,14415.55022781683
packed_flattened_pad,20,1,False,0.8881770838052034,3148800,12800.0,14411.540483752584
packed_flattened_pad,20,1,False,0.8879173928871751,3161600,12800.0,14415.755454884367
packed_flattened_pad,20,1,False,0.8878350527957082,3174400,12800.0,14417.092408881601
packed_flattened_pad,20,1,False,0.8880110429599881,3187200,12800.0,14414.235162362436
packed_flattened_pad,20,1,False,0.8880732944235206,3200000,12800.0,14413.224764639419
packed_flattened_pad,20,1,False,0.8881452335044742,3212800,12800.0,14412.057304516873
packed_flattened_pad,20,1,False,0.8880811147391796,3225600,12800.0,14413.097843837417
packed_flattened_pad,20,1,False,0.8883882546797395,3238400,12800.0,14408.114844578118
packed_flattened_pad,20,1,False,0.8882596539333463,3251200,12800.0,14410.200827336568
packed_flattened_pad,20,1,False,0.8878561342135072,3264000,12800.0,14416.750086812961
packed_flattened_pad,20,1,False,0.887775513343513,3276800,12800.0,14418.059303970924
packed_flattened_pad,20,1,False,0.888305313885212,3289600,12800.0,14409.46012583916
packed_flattened_pad,20,1,False,0.8883765647187829,3302400,12800.0,14408.304437940527
packed_flattened_pad,20,1,False,0.8880121139809489,3315200,12800.0,14414.217777523028
packed_flattened_pad,20,1,False,0.8883988950401545,3328000,12800.0,14407.942278475546
packed_flattened_pad,20,1,False,0.8880848232656717,3340800,12800.0,14413.03765661905
packed_flattened_pad,20,1,False,0.88821264449507,3353600,12800.0,14410.963499935906
packed_flattened_pad,20,1,False,0.8881034338846803,3366400,12800.0,14412.735624735882
packed_flattened_pad,20,1,False,0.8886692356318235,3379200,12800.0,14403.559262293458
packed_flattened_pad,20,1,False,0.8877963051199913,3392000,12800.0,14417.721639729058
packed_flattened_pad,20,1,False,0.8883618246763945,3404800,12800.0,14408.543506090758
packed_flattened_pad,20,1,False,0.8883514264598489,3417600,12800.0,14408.712159115923
packed_flattened_pad,20,1,False,0.8884413065388799,3430400,12800.0,14407.25448692299
packed_flattened_pad,20,1,False,0.8883563345298171,3443200,12800.0,14408.632552583409
packed_flattened_pad,20,1,False,0.8886390365660191,3456000,12800.0,14404.048745667566
packed_flattened_pad,20,1,False,0.8882583063095808,3468800,12800.0,14410.222689816166
packed_flattened_pad,20,1,False,0.8880608659237623,3481600,12800.0,14413.42647914726
packed_flattened_pad,20,1,False,0.8885337673127651,3494400,12800.0,14405.75526883086
packed_flattened_pad,20,1,False,0.8884822763502598,3507200,12800.0,14406.590137712496
packed_flattened_pad,20,1,False,0.8880832958966494,3520000,12800.0,14413.062444865081
packed_flattened_pad,20,1,False,0.8883990058675408,3532800,12800.0,14407.940481091066
packed_flattened_pad,20,1,False,0.8881320860236883,3545600,12800.0,14412.270653690353
packed_flattened_pad,20,1,False,0.8883094554767013,3558400,12800.0,14409.392944186353
packed_flattened_pad,20,1,False,0.8881510458886623,3571200,12800.0,14411.962986760469
packed_flattened_pad,20,1,False,0.8882573964074254,3584000,12800.0,14410.23745118234
packed_flattened_pad,20,1,False,0.8880236065015197,3596800,12800.0,14414.031233276786
packed_flattened_pad,20,1,False,0.8882714668288827,3609600,12800.0,14410.009189753477
packed_flattened_pad,20,1,False,0.888508927077055,3622400,12800.0,14406.158013637982
packed_flattened_pad,20,1,False,0.8880193959921598,3635200,12800.0,14414.099576844163
packed_flattened_pad,20,1,False,0.8884192779660225,3648000,12800.0,14407.611718314756
packed_flattened_pad,20,1,False,0.8883139472454786,3660800,12800.0,14409.320082940023
packed_flattened_pad,20,1,False,0.8883681884035468,3673600,12800.0,14408.44029208475
packed_flattened_pad,20,1,False,0.8883575480431318,3686400,12800.0,14408.61287011717
packed_flattened_pad,20,1,False,0.8886953676119447,3699200,12800.0,14403.135727370207
packed_flattened_pad,20,1,False,0.8885606182739139,3712000,12800.0,14405.31994864326
packed_flattened_pad,20,1,False,0.8887119879946113,3724800,12800.0,14402.866364932632
packed_flattened_pad,20,1,False,0.8887602379545569,3737600,12800.0,14402.084446822962
packed_flattened_pad,20,1,False,0.8886676179245114,3750400,12800.0,14403.585482156395
packed_flattened_pad,20,1,False,0.8884411780163646,3763200,12800.0,14407.256571086387
packed_flattened_pad,20,1,False,0.8885167883709073,3776000,12800.0,14406.030552859625
packed_flattened_pad,20,1,False,0.8883586376905441,3788800,12800.0,14408.595196728222
packed_flattened_pad,20,1,False,0.8886675592511892,3801600,12800.0,14403.586433137674
packed_flattened_pad,20,1,False,0.8887002896517515,3814400,12800.0,14403.055956036475
packed_flattened_pad,20,1,False,0.8890939401462674,3827200,12800.0,14396.67893574242
packed_flattened_pad,20,1,False,0.8894048593938351,3840000,12800.0,14391.64612696597
packed_flattened_pad,20,1,False,0.8886475684121251,3852800,12800.0,14403.9104533551
packed_flattened_pad,20,1,False,0.8891684487462044,3865600,12800.0,14395.472554215099
packed_flattened_pad,20,1,False,0.8888106485828757,3878400,12800.0,14401.2676045324
packed_flattened_pad,20,1,False,0.8888537790626287,3891200,12800.0,14400.568801652258
packed_flattened_pad,20,1,False,0.8889523204416037,3904000,12800.0,14398.972482170204
packed_flattened_pad,20,1,False,0.8889001403003931,3916800,12800.0,14399.817729440783
packed_flattened_pad,20,1,False,0.8893128400668502,3929600,12800.0,14393.135265018569
packed_flattened_pad,20,1,False,0.8888991791754961,3942400,12800.0,14399.833299286785
packed_flattened_pad,20,1,False,0.8893861193209887,3955200,12800.0,14391.949370395276
packed_flattened_pad,20,1,False,0.8900732407346368,3968000,12800.0,14380.839030095216
packed_flattened_pad,20,1,False,0.8896404011175036,3980800,12800.0,14387.835786146336
packed_flattened_pad,20,1,False,0.8892106600105762,3993600,12800.0,14394.78919410138
packed_flattened_pad,20,1,False,0.8889718195423484,4006400,12800.0,14398.656648744578
packed_flattened_pad,20,1,False,0.8894294099882245,4019200,12800.0,14391.248879626619
packed_flattened_pad,20,1,False,0.8891951804980636,4032000,12800.0,14395.039785112594
packed_flattened_pad,20,1,False,0.8895415011793375,4044800,12800.0,14389.435437278642
packed_flattened_pad,20,1,False,0.8894482310861349,4057600,12800.0,14390.944354759684
packed_flattened_pad,20,1,False,0.8895515203475952,4070400,12800.0,14389.27336664925
packed_flattened_pad,20,1,False,0.889678361825645,4083200,12800.0,14387.221887395397
packed_flattened_pad,20,1,False,0.8906255131587386,4096000,12800.0,14371.921543773045
packed_flattened_pad,20,1,False,0.889649492688477,4108800,12800.0,14387.688752925636
packed_flattened_pad,20,1,False,0.8898795815184712,4121600,12800.0,14383.968646812142
packed_flattened_pad,20,1,False,0.8899775417521596,4134400,12800.0,14382.385396826718
packed_flattened_pad,20,1,False,0.8897775216028094,4147200,12800.0,14385.61852736243
packed_flattened_pad,20,1,False,0.8902209624648094,4160000,12800.0,14378.45269848494
packed_flattened_pad,20,1,False,0.8900360427796841,4172800,12800.0,14381.440059465614
packed_flattened_pad,20,1,False,0.8899156535044312,4185600,12800.0,14383.385604685584
packed_flattened_pad,20,1,False,0.8896511318162084,4198400,12800.0,14387.66224449016
packed_flattened_pad,20,1,False,0.8899743026122451,4211200,12800.0,14382.437742785996
packed_flattened_pad,20,1,False,0.8901149230077863,4224000,12800.0,14380.165604625003
packed_flattened_pad,20,1,False,0.8906086329370737,4236800,12800.0,14372.193943132806
packed_flattened_pad,20,1,False,0.8903842233121395,4249600,12800.0,14375.816265460422
packed_flattened_pad,20,1,False,0.8906878745183349,4262400,12800.0,14370.915296137795
packed_flattened_pad,20,1,False,0.8902442529797554,4275200,12800.0,14378.076530296992
packed_flattened_pad,20,1,False,0.8910008743405342,4288000,12800.0,14365.866935286453
packed_flattened_pad,20,1,False,0.8906528940424323,4300800,12800.0,14371.479715183168
packed_flattened_pad,20,1,False,0.8904014639556408,4313600,12800.0,14375.537909759869
packed_flattened_pad,20,1,False,0.890570504590869,4326400,12800.0,14372.809265539692
packed_flattened_pad,20,1,False,0.8904053438454866,4339200,12800.0,14375.475269183922
packed_flattened_pad,20,1,False,0.89115094486624,4352000,12800.0,14363.447711903907
packed_flattened_pad,20,1,False,0.8913350850343704,4364800,12800.0,14360.48037928006
packed_flattened_pad,20,1,False,0.8913746364414692,4377600,12800.0,14359.843186810816
packed_flattened_pad,20,1,False,0.8916188552975655,4390400,12800.0,14355.909954066838
packed_flattened_pad,20,1,False,0.8918631458655,4403200,12800.0,14351.977721400703
packed_flattened_pad,20,1,False,0.8916441462934017,4416000,12800.0,14355.502756576243
packed_flattened_pad,20,1,False,0.8916579959914088,4428800,12800.0,14355.279779404713
packed_flattened_pad,20,1,False,0.8920885371044278,4441600,12800.0,14348.351612662447
packed_flattened_pad,20,1,False,0.8919304059818387,4454400,12800.0,14350.895444482281
packed_flattened_pad,20,1,False,0.8927859170362353,4467200,12800.0,14337.143715810304
packed_flattened_pad,20,1,False,0.8927278276532888,4480000,12800.0,14338.076627058132
packed_flattened_pad,20,1,False,0.8930890085175633,4492800,12800.0,14332.278057308862
packed_flattened_pad,20,1,False,0.8939844090491533,4505600,12800.0,14317.923076101684
packed_flattened_pad,20,1,False,0.8945533083751798,4518400,12800.0,14308.817462482204
packed_flattened_pad,20,1,False,0.8948001405224204,4531200,12800.0,14304.870350743176
packed_flattened_pad,20,1,False,0.8953949613496661,4544000,12800.0,14295.367466336897
packed_flattened_pad,20,1,False,0.8967009438201785,4556800,12800.0,14274.547259277637
packed_flattened_pad,20,1,False,0.8983205743134022,4569600,12800.0,14248.810910050905
packed_flattened_pad,20,1,False,0.9012178778648376,4582400,12800.0,14203.002752592654
packed_flattened_pad,20,1,False,0.9087993670254946,4595200,12800.0,14084.516852046752
packed_flattened_pad,20,1,False,0.9127571415156126,4608000,12800.0,14023.445468469181
packed_flattened_pad,20,1,False,0.9168163863942027,4620800,12800.0,13961.356046810877
packed_flattened_pad,20,1,False,0.927363907918334,4633600,12800.0,13802.564333921868
packed_flattened_pad,20,1,False,0.9301381707191467,4646400,12800.0,13761.396320402093
packed_flattened_pad,20,1,False,0.9405330428853631,4659200,12800.0,13609.30389083643
packed_flattened_pad,20,1,False,0.9459576290100813,4672000,12800.0,13531.261451313469
packed_flattened_pad,20,1,False,0.8771344916895032,4684799,12799.0,14591.832975747027
packed_flattened_pad,20,1,False,0.8778088726103306,4697598,12799.0,14580.622729341701
packed_flattened_pad,20,1,False,0.8781697619706392,4710397,12799.0,14574.630731168267
packed_flattened_pad,20,1,False,0.8798854043707252,4723196,12799.0,14546.212423143405
packed_flattened_pad,20,1,False,0.9105709083378315,4735995,12799.0,14056.016816266916
packed_flattened_pad,20,1,False,0.9132963716983795,4748794,12799.0,14014.07078427213
packed_flattened_pad,20,1,False,0.9157108152285218,4761593,12799.0,13977.120054878813
packed_flattened_pad,20,1,False,0.8769458802416921,4774391,12798.0,14593.831031480286
packed_flattened_pad,20,1,False,0.8777199620380998,4787189,12798.0,14580.96039001158
packed_flattened_pad,20,1,False,0.8902458176016808,4799987,12798.0,14375.804690077364
packed_flattened_pad,20,1,False,0.8951953919604421,4812785,12798.0,14296.320239062996
packed_flattened_pad,20,1,False,0.9228339232504368,4825583,12798.0,13868.150788088124
packed_flattened_pad,20,1,False,0.9271581480279565,4838381,12798.0,13803.470343458712
packed_flattened_pad,20,1,False,0.945163388736546,4850766,12385.0,13103.55452569501
packed_flattened_pad_flash,464,1,True,1.9829504806548357,296960,296960.0,149756.63935991685
packed_flattened_pad_flash,464,1,True,1.9882670864462852,593920,296960.0,149356.1916426275
packed_flattened_pad_flash,464,1,True,1.9689700147137046,890880,296960.0,150819.97073641524
packed_flattened_pad_flash,464,1,True,1.9696476645767689,1187840,296960.0,150768.08169333663
packed_flattened_pad_flash,464,1,True,1.9721559984609485,1484800,296960.0,150576.32369434505
packed_flattened_pad_flash,464,1,True,1.977485854178667,1781760,296960.0,150170.4800428724
packed_flattened_pad_flash,464,1,True,1.9801580179482698,2078720,296960.0,149967.82949054416
packed_flattened_pad_flash,464,1,True,1.9891499187797308,2375680,296960.0,149289.9037907479
packed_flattened_pad_flash,464,1,True,1.9911711011081934,2672640,296960.0,149138.36376729546
packed_flattened_pad_flash,464,1,True,1.9998836806043983,2969600,296960.0,148488.63605419977
packed_flattened_pad_flash,464,1,True,2.000113652087748,3266560,296960.0,148471.56294844983
packed_flattened_pad_flash,464,1,True,1.9868466472253203,3563520,296960.0,149462.96958283713
packed_flattened_pad_flash,464,1,True,2.0028805965557694,3860480,296960.0,148266.45208439478
packed_flattened_pad_flash,464,1,True,2.023454469628632,4157440,296960.0,146758.92364136147
packed_flattened_pad_flash,464,1,True,2.23432885017246,4454399,296959.0,132907.47240589888
packed_flattened_pad_flash,464,1,True,2.359819883480668,4566606,112207.0,47548.96794686628
binned_pad,400,10,False,0.0716453418135643,3808,3808.0,53150.69903510528
binned_pad,400,10,False,0.09432117734104395,7680,3872.0,41051.22634336643
binned_pad,400,10,False,0.36409733444452286,43465,35785.0,98284.15814851983
binned_pad,400,10,False,0.7077731043100357,84509,41044.0,57990.33581533345
binned_pad,400,10,False,0.9199540456756949,162627,78118.0,84915.11110495013
binned_pad,400,10,False,0.5256273681297898,209515,46888.0,89203.8787227347
binned_pad,400,10,False,0.05809733550995588,215621,6106.0,105099.48427761617
binned_pad,400,10,False,0.06626702472567558,219425,3804.0,57404.116387409136
binned_pad,400,10,False,0.05810309574007988,223181,3756.0,64643.715660215465
binned_pad,400,10,False,0.06239724159240723,226948,3767.0,60371.25847015624
binned_pad,400,10,False,0.10390184819698334,236564,9616.0,92548.88307443206
binned_pad,400,10,False,0.6148376604542136,288618,52054.0,84662.99862234353
binned_pad,400,10,False,0.4806144656613469,329835,41217.0,85758.96679115467
binned_pad,400,10,False,0.08119010366499424,336276,6441.0,79332.32880914633
binned_pad,400,10,False,0.0773918479681015,340191,3915.0,50586.72331501427
binned_pad,400,10,False,0.028308022767305374,342999,2808.0,99194.49419276032
binned_pad,400,10,False,0.5431837178766727,379106,36107.0,66472.90559655163
binned_pad,400,10,False,0.7614040076732635,441816,62710.0,82361.00594168443
binned_pad,400,10,False,0.02184008341282606,443567,1751.0,80173.68646915
binned_pad,400,10,False,0.8030022736638784,516811,73244.0,91212.69316686712
binned_pad,400,10,False,0.09760277066379786,525513,8702.0,89157.30507256681
binned_pad,400,10,False,0.07942572981119156,529408,3895.0,49039.524210341864
binned_pad,400,10,False,0.008305349387228489,530048,640.0,77058.76901267476
binned_pad,400,10,False,0.19401423074305058,545545,15497.0,79875.58407776791
binned_pad,400,10,False,0.5360935600474477,591445,45900.0,85619.38329559035
binned_pad,400,10,False,0.9619063455611467,671592,80147.0,83321.0014362102
binned_pad,400,10,False,0.07116787135601044,675541,3949.0,55488.52206419814
binned_pad,400,10,False,0.15228073298931122,688814,13273.0,87161.3876519208
binned_pad,400,10,False,0.760979225859046,762353,73539.0,96637.32924769935
binned_pad,400,10,False,0.060503278858959675,766225,3872.0,63996.53164295594
binned_pad,400,10,False,0.06639389600604773,770039,3814.0,57445.039821922604
binned_pad,400,10,False,1.0041985735297203,843460,73421.0,73114.02538835315
binned_pad,400,10,False,1.2147487830370665,945233,101773.0,83781.10883597776
binned_pad,400,10,False,0.5192357515916228,992057,46824.0,90178.69023169059
binned_pad,400,10,False,0.008329260163009167,992697,640.0,76837.55669468523
binned_pad,400,10,False,0.07921450026333332,996546,3849.0,48589.58886573471
binned_pad,400,10,False,0.13692425657063723,1007882,11336.0,82790.2979641297
binned_pad,400,10,False,0.07442877534776926,1014201,6319.0,84899.9593299017
binned_pad,400,10,False,0.3502475693821907,1044113,29912.0,85402.4484816909
binned_pad,400,10,False,0.06279610190540552,1047952,3839.0,61134.36795460606
binned_pad,400,10,False,1.102396585047245,1140970,93018.0,84377.98271664054
binned_pad,400,10,False,0.44596127793192863,1182290,41320.0,92653.78418416648
binned_pad,400,10,False,0.5080635184422135,1225562,43272.0,85170.45296359278
binned_pad,400,10,False,0.2413268843665719,1246159,20597.0,85348.96579824678
binned_pad,400,10,False,1.1219003079459071,1341041,94882.0,84572.57683948758
binned_pad,400,10,False,0.9843850610777736,1426110,85069.0,86418.41832388284
binned_pad,400,10,False,0.07150015141814947,1429979,3869.0,54111.773517418034
binned_pad,400,10,False,0.06780741643160582,1436273,6294.0,92821.704928818
binned_pad,400,10,False,0.1407525697723031,1445811,9538.0,67764.30451983734
binned_pad,400,10,False,0.09503590874373913,1449744,3933.0,41384.35726021405
binned_pad,400,10,False,0.12384617049247026,1459260,9516.0,76837.25675295357
binned_pad,400,10,False,0.03435933869332075,1462576,3316.0,96509.42439834008
binned_pad,400,10,False,0.05970907863229513,1466353,3777.0,63256.71215360399
binned_pad,400,10,False,0.7193410387262702,1529827,63474.0,88239.09186717994
binned_pad,400,10,False,0.05828243587166071,1533697,3870.0,66400.79368888821
binned_pad,400,10,False,0.9581623319536448,1613282,79585.0,83060.03831076327
binned_pad,400,10,False,0.06253515090793371,1617204,3922.0,62716.72720153976
binned_pad,400,10,False,1.6303628077730536,1733278,116074.0,71195.19621436157
binned_pad,400,10,False,0.26955812610685825,1758636,25358.0,94072.47470605868
binned_pad,400,10,False,0.478567274287343,1799881,41245.0,86184.33022069857
binned_pad,400,10,False,0.0664513148367405,1803814,3933.0,59186.18780776134
binned_pad,400,10,False,0.07074152119457722,1807577,3763.0,53193.653973735265
binned_pad,400,10,False,0.35507688485085964,1833215,25638.0,72204.08056347724
binned_pad,400,10,False,0.21437191404402256,1852650,19435.0,90660.19719359741
binned_pad,400,10,False,0.06677401624619961,1856582,3932.0,58885.1805094738
binned_pad,400,10,False,0.4866007147356868,1894536,37954.0,77998.2413725306
binned_pad,400,10,False,0.472082756459713,1938221,43685.0,92536.7414976277
binned_pad,400,10,False,0.02157050371170044,1939962,1741.0,80712.06974437195
binned_pad,400,10,False,0.5047312444075942,1986516,46554.0,92235.22521305508
binned_pad,400,10,False,0.008596749976277351,1987065,549.0,63861.34312559516
binned_pad,400,10,False,0.14614498615264893,2002385,15320.0,104827.40738021767
binned_pad,400,10,False,0.4990624384954572,2043749,41364.0,82883.41660154118
binned_pad,400,10,False,0.060608129017055035,2047568,3819.0,63011.34949942671
binned_pad,400,10,False,0.6305164182558656,2105109,57541.0,91260.11366868115
binned_pad,400,10,False,0.4463875377550721,2141062,35953.0,80542.12306376486
binned_pad,400,10,False,1.245112419128418,2251643,110581.0,88812.06090403226
binned_pad,400,10,False,0.8598572397604585,2319994,68351.0,79491.102521904
binned_pad,400,10,False,0.8562539061531425,2398972,78978.0,92236.65951472419
binned_pad,400,10,False,0.6548379957675934,2456517,57545.0,87876.69678902249
binned_pad,400,10,False,0.05845237709581852,2460295,3778.0,64633.8128183715
binned_pad,400,10,False,0.0665150759741664,2464192,3897.0,58588.22143589741
binned_pad,400,10,False,0.026623230427503586,2466403,2211.0,83047.77311005387
binned_pad,400,10,False,0.06202163081616163,2470225,3822.0,61623.66177259662
binned_pad,400,10,False,0.06022215820848942,2474146,3921.0,65108.92529665706
binned_pad,400,10,False,0.021818065084517002,2475993,1847.0,84654.61959368282
binned_pad,400,10,False,0.06599052529782057,2479824,3831.0,58053.788520554845
binned_pad,400,10,False,0.008609980344772339,2480097,273.0,31707.389455976572
binned_pad,400,10,False,0.6448442144319415,2542458,62361.0,96707.07839867227
binned_pad,400,10,False,0.6550911068916321,2599960,57502.0,87777.10366553979
binned_pad,400,10,False,0.008312820456922054,2600600,640.0,76989.51316422026
binned_pad,400,10,False,0.7315219733864069,2663026,62426.0,85337.14949260333
binned_pad,400,10,False,0.9018046986311674,2731463,68437.0,75888.93704355195
binned_pad,400,10,False,0.19429446198046207,2746757,15294.0,78715.57348627846
binned_pad,400,10,False,0.8279863838106394,2812560,65803.0,79473.52913843225
binned_pad,400,10,False,0.4292870191857219,2843216,30656.0,71411.43018521447
binned_pad,400,10,False,0.008253589272499084,2843856,640.0,77542.02188525138
binned_pad,400,10,False,0.41351125203073025,2880083,36227.0,87608.25690254198
binned_pad,400,10,False,0.0587697671726346,2883854,3771.0,64165.644708490836
binned_pad,400,10,False,0.6608710642904043,2943959,60105.0,90948.14896236442
binned_pad,400,10,False,0.04033658653497696,2947869,3910.0,96934.33024159176
binned_pad,400,10,False,0.3201502449810505,2978416,30547.0,95414.57637119116
binned_pad,400,10,False,0.06143493019044399,2982173,3757.0,61154.13476264338
binned_pad,400,10,False,0.0626565720885992,2985947,3774.0,60233.10682658149
binned_pad,400,10,False,0.1960682338103652,3004182,18235.0,93003.33687728665
binned_pad,400,10,False,0.06579776480793953,3008021,3839.0,58345.44701033316
binned_pad,400,10,False,0.06260733120143414,3011924,3903.0,62340.94194883353
binned_pad,400,10,False,0.06544418539851904,3015787,3863.0,59027.39833151651
binned_pad,400,10,False,0.2974638994783163,3036131,20344.0,68391.49233126684
binned_pad,400,10,False,0.6253934931010008,3094906,58775.0,93980.83070638514
binned_pad,400,10,False,0.1395761389285326,3104529,9623.0,68944.44905749457
binned_pad,400,10,False,0.07734864857047796,3108230,3701.0,47848.28265781206
binned_pad,400,10,False,0.35135339107364416,3138887,30657.0,87254.03192017079
binned_pad,400,10,False,0.49151855055242777,3185267,46380.0,94360.62982337608
binned_pad,400,10,False,0.6925857197493315,3242917,57650.0,83238.7939226719
binned_pad,400,10,False,0.03917932417243719,3246105,3188.0,81369.44848688254
binned_pad,400,10,False,0.5567070348188281,3297949,51844.0,93126.18084100886
binned_pad,400,10,False,0.441801143810153,3339437,41488.0,93906.50201174642
binned_pad,400,10,False,0.9079007348045707,3418268,78831.0,86827.77420261555
binned_pad,400,10,False,0.2832623030990362,3443860,25592.0,90347.3555076347
binned_pad,400,10,False,1.092135745100677,3496136,52276.0,47865.844730849836
binned_pad,400,10,False,0.8565161675214767,3564370,68234.0,79664.57912575136
binned_pad,400,10,False,0.06554171349853277,3568141,3771.0,57535.87751538443
binned_pad,400,10,False,1.224093015305698,3658374,90233.0,73714.16948855454
binned_pad,400,10,False,0.4738758113235235,3704725,46351.0,97812.54685809514
binned_pad,400,10,False,0.11640370264649391,3716072,11347.0,97479.71707102543
binned_pad,400,10,False,0.2750996546819806,3736266,20194.0,73406.12631209796
binned_pad,400,10,False,0.34543289337307215,3767102,30836.0,89267.70030176804
binned_pad,400,10,False,0.7210868932306767,3824509,57407.0,79611.764599964
binned_pad,400,10,False,0.6849767714738846,3880970,56461.0,82427.61265978584
binned_pad,400,10,False,0.07925994135439396,3884750,3780.0,47691.17836081325
binned_pad,400,10,False,0.03887945506721735,3887991,3241.0,83360.22185487802
binned_pad,400,10,False,1.2659563347697258,3993905,105914.0,83663.23315508783
binned_pad,400,10,False,0.024903868325054646,3996128,2223.0,89263.24099471491
binned_pad,400,10,False,0.340004357509315,4026945,30817.0,90637.07367090351
binned_pad,400,10,False,0.39883894473314285,4062986,36041.0,90364.796306726
binned_pad,400,10,False,0.008235990069806576,4063626,640.0,77707.71875336059
binned_pad,400,10,False,1.0517229195684195,4158814,95188.0,90506.7277977178
binned_pad,400,10,False,0.826080072671175,4232259,73445.0,88907.8461395535
binned_pad,400,10,False,0.06649941578507423,4236135,3876.0,58286.226341103684
binned_pad,400,10,False,0.9964367877691984,4326040,89905.0,90226.49615464058
binned_pad,400,10,False,0.946297169663012,4409983,83943.0,88706.80658370047
binned_pad,400,10,False,0.06286091171205044,4413861,3878.0,61691.75556606805
binned_pad,400,10,False,0.1453864462673664,4423359,9498.0,65329.33601343505
binned_pad,400,10,False,0.1865257229655981,4438588,15229.0,81645.57551565563
binned_pad,400,10,False,0.513391406275332,4485541,46953.0,91456.5367204824
binned_pad,400,10,False,0.06044323928654194,4489478,3937.0,65135.48986572262
binned_pad,400,10,False,0.2916968325152993,4515080,25602.0,87769.20811664005
binned_pad,400,10,False,0.37853104155510664,4549529,34449.0,91007.0673688327
binned_pad,400,10,False,0.09507503733038902,4553303,3774.0,39694.962063335515
binned_pad,400,10,False,0.2846904145553708,4579070,25767.0,90508.84287847512
binned_pad,400,10,False,0.6050021611154079,4631026,51956.0,85877.37918854982
binned_pad,400,10,False,0.6627222066745162,4683170,52144.0,78681.53424593114
binned_pad,400,10,False,0.06289144046604633,4687056,3886.0,61789.01248251682
binned_pad,400,10,False,0.9205376412719488,4737615,50559.0,54923.337985549755
binned_pad,400,10,False,0.05292190983891487,4741502,3887.0,73447.84063597393
binned_pad,400,10,False,0.07131066080182791,4745375,3873.0,54311.65489775861
binned_pad,400,10,False,0.0388381639495492,4748535,3160.0,81363.2694919575
binned_pad,400,10,False,0.852614613249898,4816893,68358.0,80174.55827955008
binned_pad,400,10,False,0.08041050285100937,4823216,6323.0,78634.00645206423
binned_pad,480,10,True,0.07321419287472963,4482,4482.0,61217.638602787796
binned_pad,480,10,True,0.15471159666776657,15822,11340.0,73297.67285869292
binned_pad,480,10,True,0.19320050161331892,30170,14348.0,74264.81753508488
binned_pad,480,10,True,0.7838185150176287,118719,88549.0,112971.30433058023
binned_pad,480,10,True,0.08799667097628117,127560,8841.0,100469.70984144417
binned_pad,480,10,True,0.48147508036345243,177256,49696.0,103216.14145115433
binned_pad,480,10,True,0.4828961519524455,233423,56167.0,116312.79266340312
binned_pad,480,10,True,0.07602694723755121,237942,4519.0,59439.45093415479
binned_pad,480,10,True,0.08284716494381428,242612,4670.0,56368.8570775732
binned_pad,480,10,True,0.05659016501158476,248935,6323.0,111733.19601923051
binned_pad,480,10,True,0.6951114339753985,323779,74844.0,107671.94487358826
binned_pad,480,10,True,0.10476142074912786,328561,4782.0,45646.57452910508
binned_pad,480,10,True,0.02866595145314932,331888,3327.0,116061.03517748359
binned_pad,480,10,True,0.500704811885953,381712,49824.0,99507.73153613824
binned_pad,480,10,True,0.07584048621356487,386362,4650.0,61312.89805956305
binned_pad,480,10,True,0.5267544416710734,442547,56185.0,106662.60320797478
binned_pad,480,10,True,0.08404850587248802,453894,11347.0,135005.37436340394
binned_pad,480,10,True,0.06307790149003267,458595,4701.0,74526.89276200531
binned_pad,480,10,True,0.09358085691928864,469931,11336.0,121135.88583375596
binned_pad,480,10,True,0.5962563510984182,535734,65803.0,110360.2500481182
binned_pad,480,10,True,0.45838497392833233,584852,49118.0,107154.47231845674
binned_pad,480,10,True,0.44931486435234547,627796,42944.0,95576.62878992583
binned_pad,480,10,True,0.008836649358272552,628436,640.0,72425.64167162015
binned_pad,480,10,True,0.07338115386664867,632947,4511.0,61473.549573744494
binned_pad,480,10,True,0.07300036400556564,637608,4661.0,63848.99669328552
binned_pad,480,10,True,0.753612601198256,725935,88327.0,117204.78115620502
binned_pad,480,10,True,0.8489925097674131,807755,81820.0,96373.05283460641
binned_pad,480,10,True,1.0649797171354294,931609,123854.0,116297.05055148009
binned_pad,480,10,True,0.22815049067139626,954002,22393.0,98150.12860196957
binned_pad,480,10,True,0.702129621990025,1028201,74199.0,105677.06827366147
binned_pad,480,10,True,0.07632591668516397,1032817,4616.0,60477.49179404544
binned_pad,480,10,True,0.5488183470442891,1093257,60440.0,110127.51363999599
binned_pad,480,10,True,0.347457367926836,1123618,30361.0,87380.50420733374
binned_pad,480,10,True,0.07294215448200703,1128247,4629.0,63461.245871779895
binned_pad,480,10,True,0.015041076578199863,1129988,1741.0,115749.69324492099
binned_pad,480,10,True,0.07536549679934978,1134604,4616.0,61248.18645181179
binned_pad,480,10,True,0.01791930105537176,1136815,2211.0,123386.50894741216
binned_pad,480,10,True,0.8570335200056434,1231060,94245.0,109966.52732950213
binned_pad,480,10,True,0.083687505684793,1235748,4688.0,56017.92001851794
binned_pad,480,10,True,0.43465049657970667,1272885,37137.0,85441.06193880715
binned_pad,480,10,True,0.5489772772416472,1316288,43403.0,79061.56010332462
binned_pad,480,10,True,0.07902024034410715,1320920,4632.0,58617.89308447005
binned_pad,480,10,True,1.2030412564054132,1448000,127080.0,105632.28760724668
binned_pad,480,10,True,0.6560162799432874,1516759,68759.0,104812.94763895831
binned_pad,480,10,True,0.14266764279454947,1533547,16788.0,117672.09208170485
binned_pad,480,10,True,0.06585205625742674,1538223,4676.0,71007.65360645279
binned_pad,480,10,True,0.7226769961416721,1625433,87210.0,120676.31938695822
binned_pad,480,10,True,0.48084490932524204,1685538,60105.0,124998.72377632922
binned_pad,480,10,True,0.6225083628669381,1760288,74750.0,120078.70810882247
binned_pad,480,10,True,0.07615193724632263,1764930,4642.0,60957.08353399981
binned_pad,480,10,True,0.8035691790282726,1859331,94401.0,117477.12886917309
binned_pad,480,10,True,0.06263351254165173,1863994,4663.0,74448.962077595
binned_pad,480,10,True,0.07630564644932747,1868504,4510.0,59104.40720785938
binned_pad,480,10,True,0.07279759272933006,1873034,4530.0,62227.332390551266
binned_pad,480,10,True,0.710042592138052,1942289,69255.0,97536.40241701853
binned_pad,480,10,True,0.06616651639342308,1946855,4566.0,69007.71340069913
binned_pad,480,10,True,0.40722041577100754,1990304,43449.0,106696.51696547723
binned_pad,480,10,True,0.3539350051432848,2023777,33473.0,94573.86105804653
binned_pad,480,10,True,0.5743103269487619,2085852,62075.0,108086.16367704306
binned_pad,480,10,True,0.006258437409996986,2086492,640.0,102261.94784303327
binned_pad,480,10,True,0.925646779127419,2187871,101379.0,109522.33863501056
binned_pad,480,10,True,0.9280136218294501,2295780,107909.0,116279.54316798969
binned_pad,480,10,True,0.060987900011241436,2296047,267.0,4377.91758612423
binned_pad,480,10,True,0.36701963003724813,2332846,36799.0,100264.3918426525
binned_pad,480,10,True,0.1281762570142746,2343029,10183.0,79445.29070517288
binned_pad,480,10,True,0.28970579244196415,2373591,30562.0,105493.23070964275
binned_pad,480,10,True,0.10494108963757753,2378266,4675.0,44548.80367781092
binned_pad,480,10,True,0.07847108040004969,2382828,4562.0,58136.06715674978
binned_pad,480,10,True,0.17785990331321955,2398426,15598.0,87698.23726110543
binned_pad,480,10,True,0.026873080991208553,2401586,3160.0,117589.79184537062
binned_pad,480,10,True,0.24996561650186777,2432243,30657.0,122644.86783833698
binned_pad,480,10,True,0.45726985298097134,2481810,49567.0,108397.69925104304
binned_pad,480,10,True,0.06610823515802622,2486385,4575.0,69204.69120169136
binned_pad,480,10,True,0.015464218333363533,2488232,1847.0,119437.01001783965
binned_pad,480,10,True,0.8220730712637305,2581250,93018.0,113150.52548432005
binned_pad,480,10,True,0.050223677419126034,2587569,6319.0,125817.15088815095
binned_pad,480,10,True,0.4043114027008414,2629320,41751.0,103264.46328522782
binned_pad,480,10,True,0.6052722129970789,2692310,62990.0,104068.87784935205
binned_pad,480,10,True,0.20888698939234018,2710889,18579.0,88942.83006350459
binned_pad,480,10,True,0.01547095738351345,2712640,1751.0,113179.808889264
binned_pad,480,10,True,0.4999329727143049,2768362,55722.0,111458.9415806412
binned_pad,480,10,True,0.10528846085071564,2772917,4555.0,43262.10073920973
binned_pad,480,10,True,0.7066008793190122,2848896,75979.0,107527.46313198039
binned_pad,480,10,True,0.25543013215065,2873453,24557.0,96139.79287892526
binned_pad,480,10,True,0.4790050880983472,2929371,55918.0,116737.79963798457
binned_pad,480,10,True,0.14130632113665342,2947606,18235.0,129045.8901860833
binned_pad,480,10,True,0.3102146349847317,2972066,24460.0,78848.63330578805
binned_pad,480,10,True,0.2783083273097873,3006515,34449.0,123779.98291676892
binned_pad,480,10,True,0.0667093563824892,3015217,8702.0,130446.4691595229
binned_pad,480,10,True,0.009057540446519852,3016128,911.0,100579.18100161843
binned_pad,480,10,True,0.026354050263762474,3019369,3241.0,122979.19930950658
binned_pad,480,10,True,0.12995113898068666,3030961,11592.0,89202.75798215822
binned_pad,480,10,True,0.3668761607259512,3061747,30786.0,83913.87420507951
binned_pad,480,10,True,0.0743547948077321,3066405,4658.0,62645.590133692596
binned_pad,480,10,True,0.40734253730624914,3109649,43244.0,106161.26733528005
binned_pad,480,10,True,0.51424964889884,3165886,56237.0,109357.39114342614
binned_pad,480,10,True,0.026973401196300983,3169074,3188.0,118190.50837523556
binned_pad,480,10,True,0.9475889038294554,3270273,101199.0,106796.311766662
binned_pad,480,10,True,0.7037159958854318,3345605,75332.0,107048.8669299261
binned_pad,480,10,True,0.15255376510322094,3365040,19435.0,127397.70786286323
binned_pad,480,10,True,0.35788970068097115,3401755,36715.0,102587.47298438846
binned_pad,480,10,True,0.3476320281624794,3438816,37061.0,106609.85466701041
binned_pad,480,10,True,0.21611692663282156,3460550,21734.0,100565.93131608632
binned_pad,480,10,True,0.5029585156589746,3517011,56461.0,112257.7672753487
binned_pad,480,10,True,0.6977719888091087,3599500,82489.0,118217.70051386618
binned_pad,480,10,True,0.6835364233702421,3668336,68836.0,100705.6795314542
binned_pad,480,10,True,0.07381509430706501,3672930,4594.0,62236.59324865616
binned_pad,480,10,True,0.006037546321749687,3673570,640.0,106003.32749323359
binned_pad,480,10,True,0.13111822120845318,3686859,13289.0,101351.28342591684
binned_pad,480,10,True,1.0469645895063877,3800546,113687.0,108587.24463030789
binned_pad,480,10,True,0.6477802125737071,3862927,62381.0,96299.63803950253
binned_pad,480,10,True,1.0794000355526805,3984407,121480.0,112544.00222230781
binned_pad,480,10,True,0.01750188134610653,3986630,2223.0,127014.91662749324
binned_pad,480,10,True,0.6609483966603875,4055586,68956.0,104328.8709805758
binned_pad,480,10,True,0.07284138444811106,4060144,4558.0,62574.3186312846
binned_pad,480,10,True,0.8356173569336534,4151110,90966.0,108860.83115100079
binned_pad,480,10,True,0.5474160453304648,4206913,55803.0,101938.91917492621
binned_pad,480,10,True,0.08799444045871496,4211581,4668.0,53048.80598894338
binned_pad,480,10,True,1.0065652830526233,4274142,62561.0,62152.94830184334
binned_pad,480,10,True,0.07620212715119123,4278684,4542.0,59604.635327151715
binned_pad,480,10,True,0.006236037239432335,4279233,549.0,88036.67760809834
binned_pad,480,10,True,0.20094791986048222,4297370,18137.0,90257.21695747081
binned_pad,480,10,True,0.08803942054510117,4302006,4636.0,52658.22936243717
binned_pad,480,10,True,0.7029888154938817,4351479,49473.0,70375.23060056505
binned_pad,480,10,True,0.006540108472108841,4352119,640.0,97857.7041541994
binned_pad,480,10,True,0.08123662322759628,4356802,4683.0,57646.4138210163
binned_pad,480,10,True,1.1070948978886008,4465242,108440.0,97950.04945539145
binned_pad,480,10,True,0.07323386333882809,4469861,4619.0,63071.9149504576
binned_pad,480,10,True,0.07575888745486736,4474444,4583.0,60494.55257286188
binned_pad,480,10,True,0.8049208717420697,4556728,82284.0,102226.19749182902
binned_pad,480,10,True,0.41420121397823095,4602747,46019.0,111103.00609215164
binned_pad,480,10,True,0.16081088408827782,4614248,11501.0,71518.79094008636
binned_pad,480,10,True,1.1916586346924305,4730322,116074.0,97405.4117687478
binned_pad,480,10,True,0.006459587253630161,4730962,640.0,99077.53775449547
binned_pad,480,10,True,0.07348522450774908,4735623,4661.0,63427.716676683674
binned_pad,480,10,True,0.370367013849318,4778895,43272.0,116835.45883382854
binned_pad,480,10,True,0.8078420460224152,4860796,81901.0,101382.44277239253
binned_pad,480,10,True,0.0633802330121398,4865287,4491.0,70858.05442115995
binned_pad,400,100,False,0.05132287833839655,4802,4802.0,93564.51071076124
binned_pad,400,100,False,0.05089244805276394,9562,4760.0,93530.5763846329
binned_pad,400,100,False,0.022550465539097786,11728,2166.0,96051.2321239936
binned_pad,400,100,False,0.3397546401247382,42485,30757.0,90527.09328328176
binned_pad,400,100,False,0.4594234758988023,83218,40733.0,88661.12015784823
binned_pad,400,100,False,0.16846763249486685,98721,15503.0,92023.61171943443
binned_pad,400,100,False,0.27005721908062696,125103,26382.0,97690.40831351937
binned_pad,400,100,False,0.06016579922288656,130131,5028.0,83569.0718804146
binned_pad,400,100,False,0.036095451563596725,133814,3683.0,102035.01661451464
binned_pad,400,100,False,0.008628200739622116,134387,573.0,66410.13779022198
binned_pad,400,100,False,0.008448480628430843,134884,497.0,58827.14559674726
binned_pad,400,100,False,0.010088440962135792,135696,812.0,80488.15501301145
binned_pad,400,100,False,0.16294504702091217,150375,14679.0,90085.58571354498
binned_pad,400,100,False,0.08317542541772127,158872,8497.0,102157.57788224836
binned_pad,400,100,False,0.021626794710755348,160717,1845.0,85310.83892346064
binned_pad,400,100,False,0.05805511586368084,166721,6004.0,103418.96507618703
binned_pad,400,100,False,0.04451996088027954,170867,4146.0,93126.76646660088
binned_pad,400,100,False,0.29390517715364695,199066,28199.0,95945.91110335632
binned_pad,400,100,False,0.008538229390978813,199624,558.0,65353.128201212625
binned_pad,400,100,False,0.2711581811308861,223913,24289.0,89575.02185145531
binned_pad,400,100,False,0.3628058359026909,254549,30636.0,84441.861095688
binned_pad,400,100,False,0.05859007779508829,259435,4886.0,83392.95976168856
binned_pad,400,100,False,0.07669609785079956,266819,7384.0,96276.08453254603
binned_pad,400,100,False,0.07452946528792381,273745,6926.0,92929.68859018819
binned_pad,400,100,False,0.15467730723321438,284689,10944.0,70753.75306022885
binned_pad,400,100,False,0.07780419941991568,291812,7123.0,91550.32829984641
binned_pad,400,100,False,0.32628524396568537,323066,31254.0,95787.3534829142
binned_pad,400,100,False,0.008420758880674839,323706,640.0,76002.65119439099
binned_pad,400,100,False,0.3067416222766042,352017,28311.0,92295.91924916719
binned_pad,400,100,False,0.008360719308257103,352590,573.0,68534.77301098978
binned_pad,400,100,False,0.12539538368582726,364779,12189.0,97204.53530043032
binned_pad,400,100,False,0.08223272487521172,371771,6992.0,85026.97691959461
binned_pad,400,100,False,0.016579928807914257,373199,1428.0,86128.23471946146
binned_pad,400,100,False,0.05052338819950819,377866,4667.0,92373.06060256327
binned_pad,400,100,False,0.08237568475306034,385479,7613.0,92418.04815124368
binned_pad,400,100,False,0.2775794081389904,410563,25084.0,90366.9338016596
binned_pad,400,100,False,0.06577565521001816,416174,5611.0,85305.11755579441
binned_pad,400,100,False,0.47677417658269405,450053,33879.0,71058.79819840423
binned_pad,400,100,False,0.29523399751633406,476612,26559.0,89959.1518030731
binned_pad,400,100,False,0.021999984979629517,478528,1916.0,87090.96855175516
binned_pad,400,100,False,0.04540038201957941,483218,4690.0,103303.09551090091
binned_pad,400,100,False,0.011878304183483124,484197,979.0,82419.17237321698
binned_pad,400,100,False,0.03558172099292278,487231,3034.0,85268.50066087201
binned_pad,400,100,False,0.0626361919566989,492736,5505.0,87888.48472470467
binned_pad,400,100,False,0.38769502379000187,526913,34177.0,88154.34272510097
binned_pad,400,100,False,0.140596610493958,538394,11481.0,81659.1520923855
binned_pad,400,100,False,0.20521541498601437,558142,19748.0,96230.58775261033
binned_pad,400,100,False,0.21913213096559048,575037,16895.0,77099.601621877
binned_pad,400,100,False,0.07984280213713646,581503,6466.0,80984.13165527587
binned_pad,400,100,False,0.0967929009348154,590606,9103.0,94046.15330343659
binned_pad,400,100,False,0.2597688175737858,612244,21638.0,83297.14167426525
binned_pad,400,100,False,0.012420294806361198,613248,1004.0,80835.44035410414
binned_pad,400,100,False,0.18536101281642914,629363,16115.0,86938.45461429025
binned_pad,400,100,False,0.13841375801712275,643231,13868.0,100192.35225362808
binned_pad,400,100,False,0.04161975812166929,646963,3732.0,89668.94975915147
binned_pad,400,100,False,0.29897355288267136,673455,26492.0,88609.84439783031
binned_pad,400,100,False,0.28520231787115335,701025,27570.0,96668.21856775854
binned_pad,400,100,False,0.1218800786882639,712585,11560.0,94847.32964086228
binned_pad,400,100,False,0.02584724873304367,714574,1989.0,76952.09732156986
binned_pad,400,100,False,0.030262385495007038,716934,2360.0,77984.59907892504
binned_pad,400,100,False,0.028951993212103844,719511,2577.0,89009.41572902289
binned_pad,400,100,False,0.4562528133392334,745005,25494.0,55876.91572445096
binned_pad,400,100,False,0.01001599058508873,745736,731.0,72983.2954404204
binned_pad,400,100,False,0.008287538774311543,746342,606.0,73121.82983425514
binned_pad,400,100,False,0.12196223996579647,758556,12214.0,100145.75005694662
binned_pad,400,100,False,0.3804511660709977,790936,32380.0,85109.47760890138
binned_pad,400,100,False,0.01083019282668829,791787,851.0,78576.62496118483
binned_pad,400,100,False,0.023688217625021935,794202,2415.0,101949.41798613958
binned_pad,400,100,False,0.4173439182341099,827020,32818.0,78635.38574818929
binned_pad,400,100,False,0.04193127807229757,830685,3665.0,87404.91987105274
binned_pad,400,100,False,0.022301425226032734,832692,2007.0,89994.24833428151
binned_pad,400,100,False,0.14106048084795475,846865,14173.0,100474.63268806442
binned_pad,400,100,False,0.2083659591153264,866823,19958.0,95783.39996003687
binned_pad,400,100,False,0.3430686043575406,900521,33698.0,98225.25166097823
binned_pad,400,100,False,0.421465203166008,938322,37801.0,89689.49207678915
binned_pad,400,100,False,0.287857529707253,964524,26202.0,91024.1952907991
binned_pad,400,100,False,0.3811262669041753,1000299,35775.0,93866.52956405845
binned_pad,400,100,False,0.31519761122763157,1030925,30626.0,97164.44195347124
binned_pad,400,100,False,0.008459500037133694,1031394,469.0,55440.628635413996
binned_pad,400,100,False,0.008207809180021286,1031870,476.0,57993.550965906536
binned_pad,400,100,False,0.011023812927305698,1032728,858.0,77831.50944758471
binned_pad,400,100,False,0.2684580683708191,1056084,23356.0,87000.55148924983
binned_pad,400,100,False,0.18866702634841204,1074144,18060.0,95724.19913296633
binned_pad,400,100,False,0.06274298205971718,1080555,6411.0,102178.75831751466
binned_pad,400,100,False,0.026312511414289474,1082683,2128.0,80874.07418070902
binned_pad,400,100,False,0.13949702959507704,1095751,13068.0,93679.41409170465
binned_pad,400,100,False,0.2455876125022769,1118597,22846.0,93025.86464856076
binned_pad,400,100,False,0.34107800107449293,1148319,29722.0,87141.35742078711
binned_pad,400,100,False,0.21138541121035814,1170063,21744.0,102864.24155525884
binned_pad,400,100,False,0.440659835934639,1203182,33119.0,75157.74595103419
binned_pad,400,100,False,0.04182688798755407,1206827,3645.0,87144.90069365426
binned_pad,400,100,False,0.39232232980430126,1238963,32136.0,81912.23786836228
binned_pad,400,100,False,0.05701660457998514,1244528,5565.0,97603.14632894701
binned_pad,400,100,False,0.05484473239630461,1249764,5236.0,95469.51496025163
binned_pad,400,100,False,0.06500973459333181,1254818,5054.0,77742.20325025599
binned_pad,400,100,False,0.07676190789788961,1262217,7399.0,96388.95387856061
binned_pad,400,100,False,0.008316350169479847,1262769,552.0,66375.27145330934
binned_pad,400,100,False,0.1199102783575654,1273468,10699.0,89225.04514664048
binned_pad,400,100,False,0.014628376811742783,1274706,1238.0,84630.03215819597
binned_pad,400,100,False,0.03462401870638132,1277801,3095.0,89388.81492198308
binned_pad,400,100,False,0.017079859040677547,1279334,1533.0,89754.83909726616
binned_pad,400,100,False,0.20178409107029438,1298067,18733.0,92836.85299786141
binned_pad,400,100,False,0.08751234132796526,1306564,8497.0,97094.87680321858
binned_pad,400,100,False,0.12781739607453346,1318788,12224.0,95636.43428373306
binned_pad,400,100,False,0.036168262362480164,1321846,3058.0,84549.26502557874
binned_pad,400,100,False,0.4135096138343215,1358716,36870.0,89163.58596386224
binned_pad,400,100,False,0.01234455406665802,1359808,1092.0,88460.06053385383
binned_pad,400,100,False,0.275976637378335,1385404,25596.0,92746.9812051901
binned_pad,400,100,False,0.2120155030861497,1406486,21082.0,99436.12468487084
binned_pad,400,100,False,0.035040260292589664,1409562,3076.0,87784.73602407897
binned_pad,400,100,False,0.08266145456582308,1416566,7004.0,84731.1487172384
binned_pad,400,100,False,0.09274691622704268,1424904,8338.0,89900.56315822658
binned_pad,400,100,False,0.23076444398611784,1448238,23334.0,101116.09742358624
binned_pad,400,100,False,0.36972447391599417,1478978,30740.0,83142.99476692067
binned_pad,400,100,False,0.046393973752856255,1483541,4563.0,98353.29097497449
binned_pad,400,100,False,0.40355077385902405,1517549,34008.0,84271.92364121278
binned_pad,400,100,False,0.2508248779922724,1541126,23577.0,93997.85295909276
binned_pad,400,100,False,0.008228130638599396,1541766,640.0,77781.94441853705
binned_pad,400,100,False,0.033602518029510975,1544839,3073.0,91451.47983556404
binned_pad,400,100,False,0.03564063087105751,1547905,3066.0,86025.41327319179
binned_pad,400,100,False,0.21672635897994041,1566599,18694.0,86256.23614952284
binned_pad,400,100,False,0.1936124823987484,1586598,19999.0,103293.95993596994
binned_pad,400,100,False,0.05158869829028845,1591496,4898.0,94943.27560736392
binned_pad,400,100,False,0.01278410479426384,1592536,1040.0,81351.0227533994
binned_pad,400,100,False,0.008234030567109585,1593085,549.0,66674.51566101206
binned_pad,400,100,False,0.32093765772879124,1623157,30072.0,93700.44080465117
binned_pad,400,100,False,0.349905401468277,1659727,36570.0,104513.96247827142
binned_pad,400,100,False,0.033914378844201565,1662751,3024.0,89165.71976422978
binned_pad,400,100,False,0.010099180974066257,1663624,873.0,86442.65334404656
binned_pad,400,100,False,0.04392740968614817,1667307,3683.0,83842.8677291522
binned_pad,400,100,False,0.3460236070677638,1699517,32210.0,93086.13441999098
binned_pad,400,100,False,0.30253609735518694,1730584,31067.0,102688.57260866415
binned_pad,400,100,False,0.02356464695185423,1732774,2190.0,92935.82901854915
binned_pad,400,100,False,0.1015192773193121,1742869,10095.0,99439.24214755635
binned_pad,400,100,False,0.28639092948287725,1770851,27982.0,97705.6083812633
binned_pad,400,100,False,0.10845708474516869,1780113,9262.0,85397.83290102295
binned_pad,400,100,False,0.008208990097045898,1780570,457.0,55670.67259155993
binned_pad,400,100,False,0.1395535795018077,1793141,12571.0,90080.09715606875
binned_pad,400,100,False,0.008129598572850227,1793781,640.0,78724.67432000357
binned_pad,400,100,False,0.3827575286850333,1825523,31742.0,82929.78614698947
binned_pad,400,100,False,0.1652700686827302,1840615,15092.0,91317.20050877567
binned_pad,400,100,False,0.35524822771549225,1872374,31759.0,89399.46077770398
binned_pad,400,100,False,0.008377859368920326,1872852,478.0,57055.14725793266
binned_pad,400,100,False,0.32867143768817186,1901079,28227.0,85882.12044996883
binned_pad,400,100,False,0.3751224596053362,1935063,33984.0,90594.41558299212
binned_pad,400,100,False,0.012137994170188904,1936000,937.0,77195.62119260908
binned_pad,400,100,False,0.04431315045803785,1939674,3674.0,82909.92542900055
binned_pad,400,100,False,0.10411458928138018,1950211,10537.0,101205.7971195823
binned_pad,400,100,False,0.13827780913561583,1961961,11750.0,84973.86582453153
binned_pad,400,100,False,0.034800450317561626,1964863,2902.0,83389.72552132582
binned_pad,400,100,False,0.05825603660196066,1970326,5463.0,93775.6895019552
binned_pad,400,100,False,0.022692506201565266,1972339,2013.0,88707.69857324744
binned_pad,400,100,False,0.16778772324323654,1987400,15061.0,89762.22877860107
binned_pad,400,100,False,0.08924284297972918,1993662,6262.0,70168.09181462726
binned_pad,400,100,False,0.07714616786688566,1999896,6234.0,80807.64310622215
binned_pad,400,100,False,0.008144058287143707,2000329,433.0,53167.5959003803
binned_pad,400,100,False,0.0344088189303875,2003360,3031.0,88087.88253185958
binned_pad,400,100,False,0.3220261000096798,2031295,27935.0,86747.62697545417
binned_pad,400,100,False,0.23718359228223562,2050522,19227.0,81063.78613711572
binned_pad,400,100,False,0.084440216422081,2058421,7899.0,93545.47317259626
binned_pad,400,100,False,0.08115463424474001,2063352,4931.0,60760.5473906698
binned_pad,400,100,False,0.017036939971148968,2064854,1502.0,88161.37185102176
binned_pad,400,100,False,0.25342193990945816,2089612,24758.0,97694.77736949478
binned_pad,400,100,False,0.31004233565181494,2119957,30345.0,97873.73048975534
binned_pad,400,100,False,0.0649547940120101,2125165,5208.0,80178.8394408124
binned_pad,400,100,False,0.3039408577606082,2151105,25940.0,85345.55107569981
binned_pad,400,100,False,0.355211166664958,2185519,34414.0,96883.21547745695
binned_pad,400,100,False,0.03643197100609541,2188563,3044.0,83552.98700393428
binned_pad,400,100,False,0.25939367711544037,2212034,23471.0,90484.08681740721
binned_pad,400,100,False,0.04545526206493378,2216391,4357.0,95852.48884443645
binned_pad,400,100,False,0.252514960244298,2237846,21455.0,84965.26296597697
binned_pad,400,100,False,0.39438855182379484,2270910,33064.0,83836.1048947799
binned_pad,400,100,False,0.25407060142606497,2295321,24411.0,96079.59308548197
binned_pad,400,100,False,0.7723327660933137,2332265,36944.0,47834.30358247471
binned_pad,400,100,False,0.22797354124486446,2355294,23029.0,101016.10859860595
binned_pad,400,100,False,0.05928119830787182,2360295,5001.0,84360.64288086309
binned_pad,400,100,False,0.008342728950083256,2360838,543.0,65086.61653146255
binned_pad,400,100,False,0.041836418211460114,2364654,3816.0,91212.39731164882
binned_pad,400,100,False,0.04458004143089056,2368347,3693.0,82839.76150459639
binned_pad,400,100,False,0.051060689613223076,2373487,5140.0,100664.52370570619
binned_pad,400,100,False,0.022400445304811,2375509,2022.0,90266.06268250078
binned_pad,400,100,False,0.017094089649617672,2377075,1566.0,91610.61115851965
binned_pad,400,100,False,0.011601393111050129,2378070,995.0,85765.56198688582
binned_pad,400,100,False,0.0618830407038331,2382208,4138.0,66868.07811859329
binned_pad,400,100,False,0.4067227765917778,2417675,35467.0,87201.90272402116
binned_pad,400,100,False,0.08662984985858202,2424411,6736.0,77756.10844294561
binned_pad,400,100,False,0.43974117562174797,2462983,38572.0,87715.23372916633
binned_pad,400,100,False,0.06204726081341505,2467727,4744.0,76457.84741837168
binned_pad,400,100,False,0.009938770905137062,2468372,645.0,64897.36066525271
binned_pad,400,100,False,0.13189199194312096,2480525,12153.0,92143.577642235
binned_pad,400,100,False,0.20937334094196558,2501250,20725.0,98985.8589768818
binned_pad,400,100,False,0.3237417805939913,2532996,31746.0,98059.63240751142
binned_pad,400,100,False,0.0923869265243411,2541234,8238.0,89168.46040797277
binned_pad,400,100,False,0.011692033149302006,2542132,898.0,76804.4349971424
binned_pad,400,100,False,0.37643251195549965,2576930,34798.0,92441.53704798399
binned_pad,400,100,False,0.008458839729428291,2577437,507.0,59937.29828408354
binned_pad,400,100,False,0.373077567666769,2609620,32183.0,86263.56229690468
binned_pad,400,100,False,0.26963414065539837,2635991,26371.0,97802.8966802948
binned_pad,400,100,False,0.35216622427105904,2667866,31875.0,90511.23532921803
binned_pad,400,100,False,0.273311504162848,2690504,22638.0,82828.56614228552
binned_pad,400,100,False,0.12143277935683727,2702728,12224.0,100664.74690560336
binned_pad,400,100,False,0.03395300917327404,2705047,2319.0,68300.27901695944
binned_pad,400,100,False,0.3916447600349784,2740927,35880.0,91613.63475613845
binned_pad,400,100,False,0.17073496617376804,2757376,16449.0,96342.30391482191
binned_pad,400,100,False,0.024410108104348183,2759733,2357.0,96558.35975507813
binned_pad,400,100,False,0.00805197935551405,2760189,456.0,56632.037896089256
binned_pad,400,100,False,0.09900714363902807,2768363,8174.0,82559.69922535826
binned_pad,400,100,False,0.30471961945295334,2796957,28594.0,93837.0822703614
binned_pad,400,100,False,0.04582619294524193,2801156,4199.0,91628.82033463739
binned_pad,400,100,False,0.17691336292773485,2817132,15976.0,90304.08859802093
binned_pad,400,100,False,0.008377499878406525,2817718,586.0,69949.26989022677
binned_pad,400,100,False,0.008290699683129787,2818346,628.0,75747.52722956265
binned_pad,400,100,False,0.08806640096008778,2827305,8959.0,101730.05711974391
binned_pad,400,100,False,0.22683669067919254,2843655,16350.0,72078.28659043193
binned_pad,400,100,False,0.05157830845564604,2848564,4909.0,95175.66874496122
binned_pad,400,100,False,0.1629602164030075,2860084,11520.0,70692.1005278402
binned_pad,400,100,False,0.1554346987977624,2873177,13093.0,84234.73073432226
binned_pad,400,100,False,0.15706055145710707,2890071,16894.0,107563.61061557662
binned_pad,400,100,False,0.09296923689544201,2898143,8072.0,86824.41923319417
binned_pad,400,100,False,0.013480585999786854,2899259,1116.0,82785.71866368757
binned_pad,400,100,False,0.02929424401372671,2901905,2646.0,90324.91156829771
binned_pad,400,100,False,0.008110248483717442,2902291,386.0,47594.10279166585
binned_pad,400,100,False,0.2592436773702502,2926621,24330.0,93849.92624237483
binned_pad,400,100,False,0.3301423490047455,2954560,27939.0,84627.1315516641
binned_pad,400,100,False,0.058664778247475624,2958764,4204.0,71661.39761520193
binned_pad,400,100,False,0.008321800269186497,2959365,601.0,72219.95007803175
binned_pad,400,100,False,0.03478480037301779,2961732,2367.0,68046.96231162096
binned_pad,400,100,False,0.3488337304443121,2997123,35391.0,101455.21178505938
binned_pad,400,100,False,0.30818628426641226,3028827,31704.0,102872.8454787216
binned_pad,400,100,False,0.0364971524104476,3032473,3646.0,99898.20463243329
binned_pad,400,100,False,0.3188986564055085,3061715,29242.0,91696.84290803706
binned_pad,400,100,False,0.07480455655604601,3069036,7321.0,97868.36974984096
binned_pad,400,100,False,0.05094626825302839,3073199,4163.0,81713.54139863893
binned_pad,400,100,False,0.008148789405822754,3073839,640.0,78539.27351990287
binned_pad,400,100,False,0.00838777981698513,3074358,519.0,61875.7300887933
binned_pad,400,100,False,0.06004683952778578,3079206,4848.0,80736.97197263247
binned_pad,400,100,False,0.0348234698176384,3082225,3019.0,86694.40511843681
binned_pad,400,100,False,0.4023793525993824,3117904,35679.0,88670.05667540498
binned_pad,400,100,False,0.02060268446803093,3119560,1656.0,80377.87515358039
binned_pad,400,100,False,0.017862580716609955,3120908,1348.0,75465.01938247531
binned_pad,400,100,False,0.4709620615467429,3157834,36926.0,78405.46620406515
binned_pad,400,100,False,0.011947054415941238,3158734,900.0,75332.37638887027
binned_pad,400,100,False,0.048694935627281666,3162880,4146.0,85142.32428058033
binned_pad,400,100,False,0.01961074210703373,3164483,1603.0,81740.91481347136
binned_pad,400,100,False,0.06442748382687569,3170127,5644.0,87602.36571035584
binned_pad,400,100,False,0.06710517778992653,3176393,6266.0,93375.8050625509
binned_pad,400,100,False,0.08222377393394709,3183804,7411.0,90132.08279582845
binned_pad,400,100,False,0.3336110822856426,3214136,30332.0,90920.24099495982
binned_pad,400,100,False,0.13058944884687662,3225350,11214.0,85872.1749652917
binned_pad,400,100,False,0.062324631959199905,3231191,5841.0,93718.96498039078
binned_pad,400,100,False,0.34458879660815,3263095,31904.0,92585.71466639907
binned_pad,400,100,False,0.021411803551018238,3264943,1848.0,86307.53572891427
binned_pad,400,100,False,0.3800639156252146,3297837,32894.0,86548.60050549275
binned_pad,400,100,False,0.05786323640495539,3303409,5572.0,96296.03088573206
binned_pad,400,100,False,0.09531374834477901,3309510,6101.0,64009.653444021686
binned_pad,400,100,False,0.19575560465455055,3329583,20073.0,102541.12537632204
binned_pad,400,100,False,0.022353586740791798,3331566,1983.0,88710.59588756444
binned_pad,400,100,False,0.34346197452396154,3365388,33822.0,98473.78315132936
binned_pad,400,100,False,0.12991690915077925,3377041,11653.0,89695.79153453949
binned_pad,400,100,False,0.03225090727210045,3380155,3114.0,96555.42319250823
binned_pad,400,100,False,0.023096617311239243,3382443,2288.0,99062.12538260383
binned_pad,400,100,False,0.30921779479831457,3410708,28265.0,91408.06407482362
binned_pad,400,100,False,0.316179602406919,3441198,30490.0,96432.53318017577
binned_pad,400,100,False,0.16457541845738888,3456877,15679.0,95269.39166835256
binned_pad,400,100,False,0.016932829283177853,3458139,1262.0,74529.77756373832
binned_pad,400,100,False,0.06851278897374868,3464976,6837.0,99791.58785405249
binned_pad,400,100,False,0.01702168956398964,3466190,1214.0,71320.76962373269
binned_pad,400,100,False,0.008093548938632011,3466830,640.0,79075.3234276698
binned_pad,400,100,False,0.032291727140545845,3469534,2704.0,83736.61737667875
binned_pad,400,100,False,0.4467868432402611,3505735,36201.0,81025.21492678064
binned_pad,400,100,False,0.3776317732408643,3535801,30066.0,79617.24126646263
binned_pad,400,100,False,0.1262298747897148,3548813,13012.0,103081.77855421763
binned_pad,400,100,False,0.09959745407104492,3558397,9584.0,96227.35931747347
binned_pad,400,100,False,0.008359060622751713,3558931,534.0,63882.776318975055
binned_pad,400,100,False,0.06092218030244112,3564855,5924.0,97238.80482594331
binned_pad,400,100,False,0.12764437682926655,3578331,13476.0,105574.5684592523
binned_pad,400,100,False,0.008239179849624634,3578828,497.0,60321.53795291198
binned_pad,400,100,False,0.1552642583847046,3592997,14169.0,91257.31927880588
binned_pad,400,100,False,0.04143903777003288,3596686,3689.0,89022.33735426508
binned_pad,400,100,False,0.09943339321762323,3606171,9485.0,95390.48898030477
binned_pad,400,100,False,0.011527853086590767,3607117,946.0,82062.11450598638
binned_pad,400,100,False,0.4394241953268647,3631549,24432.0,55600.03354350188
binned_pad,400,100,False,0.06014589872211218,3636358,4809.0,79955.57639297537
binned_pad,400,100,False,0.3171280547976494,3668914,32556.0,102658.84555932171
binned_pad,400,100,False,0.009365950711071491,3669412,498.0,53171.32401853387
binned_pad,400,100,False,0.06137359049171209,3675046,5634.0,91798.44221042954
binned_pad,400,100,False,0.3701111953705549,3707388,32342.0,87384.54930448462
binned_pad,400,100,False,0.062467001378536224,3712909,5521.0,88382.66409722407
binned_pad,400,100,False,0.3437636150047183,3738075,25166.0,73207.28227638223
binned_pad,400,100,False,0.008344128727912903,3738550,475.0,56926.255033796755
binned_pad,400,100,False,0.07385814469307661,3745109,6559.0,88805.37180099021
binned_pad,400,100,False,0.008181699551641941,3745749,640.0,78223.35640173464
binned_pad,400,100,False,0.2382594235241413,3767832,22083.0,92684.68660490346
binned_pad,400,100,False,0.02027058321982622,3769580,1748.0,86233.33532358945
binned_pad,400,100,False,0.11143096815794706,3779990,10410.0,93421.06751907976
binned_pad,400,100,False,0.019398623146116734,3781577,1587.0,81809.92991338614
binned_pad,400,100,False,0.4215175546705723,3815759,34182.0,81092.70805272674
binned_pad,400,100,False,0.008351519703865051,3816399,640.0,76632.75938914572
binned_pad,400,100,False,0.017119349911808968,3817834,1435.0,83823.27643236813
binned_pad,400,100,False,0.3164426339790225,3846568,28734.0,90803.18804925896
binned_pad,400,100,False,0.008295450359582901,3846985,417.0,50268.51851609018
binned_pad,400,100,False,0.07375145424157381,3853193,6208.0,84174.61138685643
binned_pad,400,100,False,0.1405179025605321,3866637,13444.0,95674.64184293964
binned_pad,400,100,False,0.06619065534323454,3871869,5232.0,79044.39037307056
binned_pad,400,100,False,0.06252435222268105,3878205,6336.0,101336.51568966726
binned_pad,400,100,False,0.3441347349435091,3912514,34309.0,99696.41688634522
binned_pad,400,100,False,0.22707234136760235,3932503,19989.0,88029.2151814309
binned_pad,400,100,False,0.00844883918762207,3933100,597.0,70660.59451985214
binned_pad,400,100,False,0.1656763693317771,3949369,16269.0,98197.46814598725
binned_pad,400,100,False,0.008398368954658508,3949882,513.0,61083.28923980447
binned_pad,400,100,False,0.008222699165344238,3950431,549.0,66766.39737883642
binned_pad,400,100,False,0.2458682730793953,3972873,22442.0,91276.51859641554
binned_pad,400,100,False,0.019886032678186893,3974559,1686.0,84783.12528619061
binned_pad,400,100,False,0.03004620410501957,3977066,2507.0,83438.1604823478
binned_pad,400,100,False,0.030966734513640404,3979602,2536.0,81894.33079819664
binned_pad,400,100,False,0.21587069798260927,4001180,21578.0,99957.98504222347
binned_pad,400,100,False,0.05325594171881676,4005691,4511.0,84704.16359957338
binned_pad,400,100,False,0.2243203381076455,4028137,22446.0,100062.2600222221
binned_pad,400,100,False,0.12187309004366398,4040390,12253.0,100539.0114881806
binned_pad,400,100,False,0.051676319912075996,4044909,4519.0,87448.17757318621
binned_pad,400,100,False,0.00832424871623516,4045424,515.0,61867.4450458901
binned_pad,400,100,False,0.39244525972753763,4083180,37756.0,96207.04815293934
binned_pad,400,100,False,0.2895871317014098,4112445,29265.0,101057.66726601245
binned_pad,400,100,False,0.022336594760417938,4114284,1839.0,82331.26041480777
binned_pad,400,100,False,0.045619082637131214,4118848,4564.0,100045.85222161342
binned_pad,400,100,False,0.3982017273083329,4152193,33345.0,83738.96372925706
binned_pad,400,100,False,0.3675359534099698,4187031,34838.0,94788.00557272224
binned_pad,400,100,False,0.21552903857082129,4205864,18833.0,87380.33689048175
binned_pad,400,100,False,0.023133636452257633,4208008,2144.0,92678.90089068832
binned_pad,400,100,False,0.3139672111719847,4236561,28553.0,90942.61752179996
binned_pad,400,100,False,0.03447230998426676,4240089,3528.0,102343.01100245929
binned_pad,400,100,False,0.016974370926618576,4241505,1416.0,83419.8808380864
binned_pad,400,100,False,0.04502080101519823,4245198,3693.0,82028.7493053113
binned_pad,400,100,False,0.20667541678994894,4262743,17545.0,84891.56704027147
binned_pad,400,100,False,0.2539347615092993,4285499,22756.0,89613.56792881095
binned_pad,400,100,False,0.035080050118267536,4288531,3032.0,86430.8913407487
binned_pad,400,100,False,0.1488271113485098,4302955,14424.0,96917.82545065455
binned_pad,400,100,False,0.3326918724924326,4334784,31829.0,95671.10780779288
binned_pad,400,100,False,0.068720368668437,4340655,5871.0,85433.185440644
binned_pad,400,100,False,0.09891609381884336,4348215,7560.0,76428.41228491608
binned_pad,400,100,False,0.020205522887408733,4349953,1738.0,86016.08627921485
binned_pad,400,100,False,0.20125527121126652,4366924,16971.0,84325.7416208731
binned_pad,400,100,False,0.40033596009016037,4401687,34763.0,86834.56762707743
binned_pad,400,100,False,0.05022936873137951,4406318,4631.0,92197.05755742261
binned_pad,400,100,False,0.17583778221160173,4422144,15826.0,90003.40996655157
binned_pad,400,100,False,0.0662548765540123,4426997,4853.0,73247.43856467286
binned_pad,400,100,False,0.11950861755758524,4435529,8532.0,71392.3411915367
binned_pad,400,100,False,0.39311105106025934,4471361,35832.0,91149.81607196631
binned_pad,400,100,False,0.05941868852823973,4477023,5662.0,95289.88505542393
binned_pad,400,100,False,0.06679164711385965,4483438,6415.0,96044.94389941239
binned_pad,400,100,False,0.011482194066047668,4484320,882.0,76814.58743220814
binned_pad,400,100,False,0.039147456176579,4488068,3748.0,95740.57591620322
binned_pad,400,100,False,0.20262008253484964,4507461,19393.0,95711.14450940222
binned_pad,400,100,False,0.06743548717349768,4513978,6517.0,96640.51189002454
binned_pad,400,100,False,0.1048800703138113,4523379,9401.0,89635.71412444042
binned_pad,400,100,False,0.10107906628400087,4533211,9832.0,97270.38803836123
binned_pad,400,100,False,0.14924426190555096,4547073,13862.0,92881.29287525003
binned_pad,400,100,False,0.008332048542797565,4547582,509.0,61089.41845279965
binned_pad,400,100,False,0.019984932616353035,4549291,1709.0,85514.42393163635
binned_pad,400,100,False,0.018072720617055893,4550631,1340.0,74144.89652074811
binned_pad,400,100,False,0.13998017087578773,4564486,13855.0,98978.3046649823
binned_pad,400,100,False,0.3417797423899174,4596932,32446.0,94932.4842166455
binned_pad,400,100,False,0.04547698237001896,4601132,4200.0,92354.41274065012
binned_pad,400,100,False,0.1850868733599782,4617432,16300.0,88066.7532175439
binned_pad,400,100,False,0.07116502244025469,4622788,5356.0,75261.69199899478
binned_pad,400,100,False,0.05295095033943653,4626940,4152.0,78412.19040232588
binned_pad,400,100,False,0.00821759831160307,4627392,452.0,55003.90538215842
binned_pad,400,100,False,0.02309751696884632,4629504,2112.0,91438.40019031666
binned_pad,400,100,False,0.032921348698437214,4632572,3068.0,93191.80778719552
binned_pad,400,100,False,0.30197510682046413,4662105,29533.0,97799.45211695383
binned_pad,400,100,False,0.014605745673179626,4663301,1196.0,81885.5830275206
binned_pad,400,100,False,0.28918943274766207,4694291,30990.0,107161.59199026105
binned_pad,400,100,False,0.2782382993027568,4719814,25523.0,91730.7217013568
binned_pad,400,100,False,0.06953749991953373,4725857,6043.0,86902.75041513918
binned_pad,400,100,False,0.045251681469380856,4730024,4167.0,92084.97595430931
binned_pad,400,100,False,0.013534835539758205,4731116,1092.0,80680.69957645811
binned_pad,400,100,False,0.20823932997882366,4749876,18760.0,90088.64944920706
binned_pad,400,100,False,0.008155790157616138,4750516,640.0,78471.85712623411
binned_pad,400,100,False,0.3067631721496582,4780311,29795.0,97127.04361221087
binned_pad,400,100,False,0.16316034831106663,4795418,15107.0,92589.89795240185
binned_pad,400,100,False,0.29565302934497595,4814453,19035.0,64382.901951562446
binned_pad,400,100,False,0.00897079985588789,4814960,507.0,56516.69953011335
binned_pad,400,100,False,0.03584880009293556,4818022,3062.0,85414.2953756325
binned_pad,400,100,False,0.05282336939126253,4823022,5000.0,94655.07516124191
binned_pad,400,100,False,0.03039059415459633,4825503,2481.0,81637.10085361292
binned_pad,400,100,False,0.06512789521366358,4830123,4620.0,70937.3454315278
binned_pad,400,100,False,0.03997427597641945,4833527,3404.0,85154.76307833559
binned_pad,400,100,False,0.04936716705560684,4838024,4497.0,91092.93216956545
binned_pad,400,100,False,0.020275212824344635,4839767,1743.0,85967.0384276886
binned_pad,400,100,False,0.14141083229333162,4852000,12233.0,86506.80999193058
binned_pad,400,100,False,0.029653023928403854,4854658,2658.0,89636.72664270748
binned_pad,400,100,False,0.10725312307476997,4863691,9033.0,84221.32373434733
binned_pad,480,100,True,0.05665047466754913,5001,5001.0,88278.16588207164
binned_pad,480,100,True,0.3141156919300556,38065,33064.0,105260.5802557689
binned_pad,480,100,True,0.015287328511476517,39774,1709.0,111791.93269229597
binned_pad,480,100,True,0.10462560132145882,47039,7265.0,69438.07164059703
binned_pad,480,100,True,0.324119932949543,82718,35679.0,110079.62292018087
binned_pad,480,100,True,0.01520581729710102,84321,1603.0,105420.18022968163
binned_pad,480,100,True,0.2459951527416706,113586,29265.0,118965.75877140292
binned_pad,480,100,True,0.008970470167696476,114523,937.0,104453.83379950662
binned_pad,480,100,True,0.05907858815044165,119577,5054.0,85547.06803639515
binned_pad,480,100,True,0.19240666180849075,135927,16350.0,84976.26769427423
binned_pad,480,100,True,0.07352439500391483,142931,7004.0,95260.8994555762
binned_pad,480,100,True,0.2477351650595665,171665,28734.0,115986.76349839586
binned_pad,480,100,True,0.09834773279726505,174468,2803.0,28500.911208376616
binned_pad,480,100,True,0.009375830180943012,174924,456.0,48635.69318126621
binned_pad,480,100,True,0.06225368194282055,182823,7899.0,126884.0613677302
binned_pad,480,100,True,0.034015119075775146,187513,4690.0,137879.8642319062
binned_pad,480,100,True,0.17802435532212257,206740,19227.0,108002.07626203782
binned_pad,480,100,True,0.04676592443138361,213076,6336.0,135483.26216231164
binned_pad,480,100,True,0.2438756199553609,241629,28553.0,117080.1739231923
binned_pad,480,100,True,0.04635071288794279,246538,4909.0,105909.9136591053
binned_pad,480,100,True,0.05599937494844198,252172,5634.0,100608.26580988025
binned_pad,480,100,True,0.006048796698451042,252730,558.0,92249.75277196719
binned_pad,480,100,True,0.006014777347445488,253243,513.0,85289.94015345791
binned_pad,480,100,True,0.0916360355913639,265467,12224.0,133397.30293998044
binned_pad,480,100,True,0.006197936832904816,266040,573.0,92450.11936196992
binned_pad,480,100,True,0.022272405214607716,268686,2646.0,118801.71784341361
binned_pad,480,100,True,0.18297570943832397,288644,19958.0,109074.58733874885
binned_pad,480,100,True,0.29537411965429783,319384,30740.0,104071.40624228593
binned_pad,480,100,True,0.24898409564048052,347319,27935.0,112195.92130228519
binned_pad,480,100,True,0.006356997415423393,347816,497.0,78181.56395567741
binned_pad,480,100,True,0.058186416514217854,355215,7399.0,127160.26253639549
binned_pad,480,100,True,0.006016746163368225,355801,586.0,97394.83503022708
binned_pad,480,100,True,0.005675646476447582,355918,117.0,20614.39176761956
binned_pad,480,100,True,0.278147229924798,386250,30332.0,109050.16026296861
binned_pad,480,100,True,0.5883768163621426,423194,36944.0,62789.6935647804
binned_pad,480,100,True,0.006394697353243828,423791,597.0,93358.60120059643
binned_pad,480,100,True,0.3133038207888603,458589,34798.0,111067.90818057352
binned_pad,480,100,True,0.006193307228386402,459190,601.0,97040.23679713107
binned_pad,480,100,True,0.013104604557156563,460404,1214.0,92639.19370516387
binned_pad,480,100,True,0.0155157670378685,462249,1845.0,118911.29813286108
binned_pad,480,100,True,0.14939368143677711,482322,20073.0,134363.1123281129
binned_pad,480,100,True,0.0060541070997715,482874,552.0,91177.77252748537
binned_pad,480,100,True,0.3693191250786185,516753,33879.0,91733.67339909091
binned_pad,480,100,True,0.1069854823872447,530197,13444.0,125661.90944803231
binned_pad,480,100,True,0.042771318927407265,533864,3667.0,85735.02271986842
binned_pad,480,100,True,0.009428720921278,534980,1116.0,118361.75970395927
binned_pad,480,100,True,0.11676762532442808,548073,13093.0,112128.68261748328
binned_pad,480,100,True,0.008648829534649849,548971,898.0,103829.07842065081
binned_pad,480,100,True,0.040541437454521656,552671,3700.0,91264.64753872047
binned_pad,480,100,True,0.006074637174606323,553311,640.0,105356.08656190668
binned_pad,480,100,True,0.2301520649343729,578907,25596.0,111213.42755407654
binned_pad,480,100,True,0.017254449427127838,581097,2190.0,126923.78329712637
binned_pad,480,100,True,0.1925052423030138,603539,22442.0,116578.64342559078
binned_pad,480,100,True,0.26024109963327646,635285,31746.0,121986.88079913381
binned_pad,480,100,True,0.290479963645339,671855,36570.0,125895.08598482914
binned_pad,480,100,True,0.06395732425153255,680352,8497.0,132854.21332798165
binned_pad,480,100,True,0.04108830727636814,684032,3680.0,89563.19313053193
binned_pad,480,100,True,0.062045611441135406,690768,6736.0,108565.29323416615
binned_pad,480,100,True,0.0500325970351696,695765,4997.0,99874.88749559493
binned_pad,480,100,True,0.045281391590833664,700262,4497.0,99312.31885793744
binned_pad,480,100,True,0.10628881212323904,712495,12233.0,115092.07559697029
binned_pad,480,100,True,0.005946666933596134,712947,452.0,76008.96519803263
binned_pad,480,100,True,0.30166187696158886,747124,34177.0,113295.72150196433
binned_pad,480,100,True,0.16069989558309317,766872,19748.0,122887.44761373471
binned_pad,480,100,True,0.0061156973242759705,767406,534.0,87316.28981707651
binned_pad,480,100,True,0.1615602057427168,784301,16895.0,104574.01884536554
binned_pad,480,100,True,0.23080360516905785,812500,28199.0,122177.46763247022
binned_pad,480,100,True,0.026193790137767792,814514,2014.0,76888.45292747814
binned_pad,480,100,True,0.1278228759765625,829575,15061.0,117827.10946639608
binned_pad,480,100,True,0.17748745437711477,852021,22446.0,126465.27653897202
binned_pad,480,100,True,0.08736503962427378,859581,7560.0,86533.46959507938
binned_pad,480,100,True,0.005912327207624912,859998,417.0,70530.60247785514
binned_pad,480,100,True,0.008890960365533829,860993,995.0,111911.42003704776
binned_pad,480,100,True,0.04683194402605295,867404,6411.0,136893.74065773384
binned_pad,480,100,True,0.062152971513569355,873447,6043.0,97227.85335662802
binned_pad,480,100,True,0.16250348649919033,891507,18060.0,111136.07707173706
binned_pad,480,100,True,0.11714591458439827,905676,14169.0,120951.72119546589
binned_pad,480,100,True,0.016935359686613083,907689,2013.0,118863.72874567399
binned_pad,480,100,True,0.04331761971116066,913351,5662.0,130708.93640402873
binned_pad,480,100,True,0.25890788715332747,938517,25166.0,97200.59236780407
binned_pad,480,100,True,0.25032177846878767,969143,30626.0,122346.52608869475
binned_pad,480,100,True,0.0085070189088583,969955,812.0,95450.59305727769
binned_pad,480,100,True,0.017319119535386562,972370,2415.0,139441.2686548905
binned_pad,480,100,True,0.008858740329742432,973015,645.0,72809.44874684609
binned_pad,480,100,True,0.03311416879296303,977579,4564.0,137826.19846311465
binned_pad,480,100,True,0.017413510009646416,979691,2112.0,121285.14003380324
binned_pad,480,100,True,0.049830976873636246,984647,4956.0,99456.20798419545
binned_pad,480,100,True,0.21560075785964727,1009058,24411.0,113223.16415924279
binned_pad,480,100,True,0.2511714790016413,1037285,28227.0,112381.39024461273
binned_pad,480,100,True,0.09872649423778057,1050761,13476.0,136498.31389275662
binned_pad,480,100,True,0.006044207140803337,1051401,640.0,105886.51002370138
binned_pad,480,100,True,0.040462556295096874,1056637,5236.0,129403.58888384128
binned_pad,480,100,True,0.022100104950368404,1059118,2481.0,112261.91031996172
binned_pad,480,100,True,0.04955993685871363,1065635,6517.0,131497.34267375647
binned_pad,480,100,True,0.049325866624712944,1071910,6275.0,127215.2002466012
binned_pad,480,100,True,0.048791106790304184,1076376,4466.0,91533.07423818244
binned_pad,480,100,True,0.03264527674764395,1080522,4146.0,127001.52711369561
binned_pad,480,100,True,0.07549549732357264,1086409,5887.0,77978.16040297611
binned_pad,480,100,True,0.06191776134073734,1091394,4985.0,80510.01670695475
binned_pad,480,100,True,0.04544344265013933,1097398,6004.0,132120.2719218191
binned_pad,480,100,True,0.14519850723445415,1112490,15092.0,103940.46252576637
binned_pad,480,100,True,0.19425115268677473,1136067,23577.0,121373.79713785967
binned_pad,480,100,True,0.2974884817376733,1167809,31742.0,106699.92940429284
binned_pad,480,100,True,0.022245265543460846,1170467,2658.0,119486.09895472064
binned_pad,480,100,True,0.016731368377804756,1172633,2166.0,129457.43295409951
binned_pad,480,100,True,0.21204509399831295,1199004,26371.0,124365.05604892613
binned_pad,480,100,True,0.048838065937161446,1203448,4444.0,90994.59437476432
binned_pad,480,100,True,0.19637490529567003,1226204,22756.0,115880.38688414714
binned_pad,480,100,True,0.012831115163862705,1227620,1416.0,110356.73687880176
binned_pad,480,100,True,0.00586626585572958,1228077,457.0,77903.0496126677
binned_pad,480,100,True,0.17388100922107697,1246810,18733.0,107734.5943867991
binned_pad,480,100,True,0.2407739469781518,1275404,28594.0,118758.69610840688
binned_pad,480,100,True,0.15651350934058428,1292949,17545.0,112098.9496300978
binned_pad,480,100,True,0.2929034372791648,1326647,33698.0,115048.15482203648
binned_pad,480,100,True,0.36503559071570635,1365219,38572.0,105666.40892295976
binned_pad,480,100,True,0.21341540478169918,1386674,21455.0,100531.63698256055
binned_pad,480,100,True,0.025681800208985806,1388876,2202.0,85741.65292468642
binned_pad,480,100,True,0.05764224659651518,1395342,6466.0,112174.67017308983
binned_pad,480,100,True,0.12249597068876028,1407913,12571.0,102623.78369930713
binned_pad,480,100,True,0.06136416085064411,1415526,7613.0,124062.64331601448
binned_pad,480,100,True,0.01494754757732153,1417274,1748.0,116942.2603245011
binned_pad,480,100,True,0.07914671115577221,1426307,9033.0,114129.8212912694
binned_pad,480,100,True,0.1988699184730649,1451065,24758.0,124493.43867636393
binned_pad,480,100,True,0.08147361222654581,1459403,8338.0,102339.88370142873
binned_pad,480,100,True,0.296057989820838,1494241,34838.0,117672.8924663797
binned_pad,480,100,True,0.34630595799535513,1527360,33119.0,95635.08578285624
binned_pad,480,100,True,0.30853309482336044,1560705,33345.0,108075.92624412135
binned_pad,480,100,True,0.09026073385030031,1570800,10095.0,111842.65371410352
binned_pad,480,100,True,0.06639646738767624,1576588,5788.0,87173.31249274118
binned_pad,480,100,True,0.3142751110717654,1609482,32894.0,104666.25845050956
binned_pad,480,100,True,0.012856445275247097,1610917,1435.0,111617.1670533883
binned_pad,480,100,True,0.14196185301989317,1625596,14679.0,103401.01715876466
binned_pad,480,100,True,0.05969856958836317,1630828,5232.0,87640.29081560868
binned_pad,480,100,True,0.21733518037945032,1652466,21638.0,99560.50356054521
binned_pad,480,100,True,0.058466787450015545,1659850,7384.0,126293.92381636724
binned_pad,480,100,True,0.3596658343449235,1684282,24432.0,67929.72161089242
binned_pad,480,100,True,0.07421717513352633,1690137,5855.0,78890.09504156007
binned_pad,480,100,True,0.026080680079758167,1693665,3528.0,135272.54616102454
binned_pad,480,100,True,0.06600729655474424,1699873,6208.0,94050.20844705089
binned_pad,480,100,True,0.039394574239850044,1703511,3638.0,92347.74255587558
binned_pad,480,100,True,0.04538546223193407,1707905,4394.0,96815.14264513315
binned_pad,480,100,True,0.3412609025835991,1744775,36870.0,108040.50426189069
binned_pad,480,100,True,0.22417470812797546,1772345,27570.0,122984.43580112084
binned_pad,480,100,True,0.07406797539442778,1781448,9103.0,122900.61867527204
binned_pad,480,100,True,0.05930447857826948,1787714,6266.0,105658.12481986826
binned_pad,480,100,True,0.07605207711458206,1797546,9832.0,129279.83525271571
binned_pad,480,100,True,0.28430807683616877,1829450,31904.0,112216.29844298984
binned_pad,480,100,True,0.06715528760105371,1837688,8238.0,122670.9064063444
binned_pad,480,100,True,0.27940613217651844,1869517,31829.0,113916.61218047862
binned_pad,480,100,True,0.16729289200156927,1888211,18694.0,111744.13793877533
binned_pad,480,100,True,0.276394747197628,1916150,27939.0,101083.68658693442
binned_pad,480,100,True,0.2608122993260622,1944461,28311.0,108549.32866722734
binned_pad,480,100,True,0.057605826295912266,1949205,4744.0,82352.78104736841
binned_pad,480,100,True,0.19261393137276173,1972051,22846.0,118610.31981007964
binned_pad,480,100,True,0.05871225707232952,1977111,5060.0,86183.02637840039
binned_pad,480,100,True,0.10757652390748262,1991284,14173.0,131748.075557721
binned_pad,480,100,True,0.0059735774993896484,1991924,640.0,107138.47774895231
binned_pad,480,100,True,0.09591113030910492,2004113,12189.0,127086.39717535357
binned_pad,480,100,True,0.05500518251210451,2009141,5028.0,91409.56852372104
binned_pad,480,100,True,0.01646654959768057,2010980,1839.0,111680.95593378204
binned_pad,480,100,True,0.10707735270261765,2024835,13855.0,129392.44060767013
binned_pad,480,100,True,0.006004326976835728,2025441,606.0,100927.21504639996
binned_pad,480,100,True,0.09674481116235256,2036655,11214.0,115913.19333066035
binned_pad,480,100,True,0.2076439093798399,2059293,22638.0,109023.18333155944
binned_pad,480,100,True,0.07566987723112106,2068877,9584.0,126655.41891560449
binned_pad,480,100,True,0.06566553562879562,2075803,6926.0,105473.89789298868
binned_pad,480,100,True,0.16143540665507317,2096528,20725.0,128379.51989232165
binned_pad,480,100,True,0.01722163986414671,2098672,2144.0,124494.53228107149
binned_pad,480,100,True,0.033232118003070354,2103235,4563.0,137306.92697884675
binned_pad,480,100,True,0.16725680232048035,2124979,21744.0,130003.68115573784
binned_pad,480,100,True,0.30751354340463877,2158963,33984.0,110512.20581619222
binned_pad,480,100,True,0.017023969441652298,2160946,1983.0,116482.82187045184
binned_pad,480,100,True,0.3270791657269001,2193764,32818.0,100336.56508529163
binned_pad,480,100,True,0.013737466186285019,2195112,1348.0,98125.810227347
binned_pad,480,100,True,0.33334069326519966,2230579,35467.0,106398.65073953966
binned_pad,480,100,True,0.3133480716496706,2266354,35775.0,114170.16167247125
binned_pad,480,100,True,0.08127074409276247,2272616,6262.0,77051.0971679126
binned_pad,480,100,True,0.03936345595866442,2276284,3668.0,93182.8750974449
binned_pad,480,100,True,0.32514318358153105,2314040,37756.0,116121.14879392057
binned_pad,480,100,True,0.06061564013361931,2318660,4620.0,76217.95282233777
binned_pad,480,100,True,0.13403052370995283,2329604,10944.0,81653.04213600802
binned_pad,480,100,True,0.048265594989061356,2334049,4445.0,92094.58623699531
binned_pad,480,100,True,0.09676501154899597,2345702,11653.0,120425.75940891221
binned_pad,480,100,True,0.26863323897123337,2375774,30072.0,111944.44929884594
binned_pad,480,100,True,0.3419401226565242,2409956,34182.0,99964.87026570881
binned_pad,480,100,True,0.1566457999870181,2429349,19393.0,123801.59571215557
binned_pad,480,100,True,0.0059791067615151405,2429824,475.0,79443.3046516855
binned_pad,480,100,True,0.32785531785339117,2465656,35832.0,109292.11163816835
binned_pad,480,100,True,0.013409645296633244,2466996,1340.0,99928.07194806513
binned_pad,480,100,True,0.05692698433995247,2474317,7321.0,128603.33433931752
binned_pad,480,100,True,0.3268566755577922,2508325,34008.0,104045.60329680945
binned_pad,480,100,True,0.03292740788310766,2511122,2797.0,84944.43321895709
binned_pad,480,100,True,0.369457496330142,2548048,36926.0,99946.54423523578
binned_pad,480,100,True,0.006092446856200695,2548545,497.0,81576.41941417503
binned_pad,480,100,True,0.29366647731512785,2583936,35391.0,120514.26612790604
binned_pad,480,100,True,0.043741230852901936,2587575,3639.0,83193.81803035332
binned_pad,480,100,True,0.2782847099006176,2618332,30757.0,110523.49951596008
binned_pad,480,100,True,0.06770428828895092,2627291,8959.0,132325.44387387164
binned_pad,480,100,True,0.0086756506934762,2628173,882.0,101663.84414983819
binned_pad,480,100,True,0.09090375434607267,2639733,11560.0,127167.46500909979
binned_pad,480,100,True,0.03973217494785786,2644535,4802.0,120859.22822754756
binned_pad,480,100,True,0.19024140946567059,2666113,21578.0,113424.30683522554
binned_pad,480,100,True,0.13452825415879488,2681939,15826.0,117640.71494839483
binned_pad,480,100,True,0.25113778933882713,2708431,26492.0,105487.90793191953
binned_pad,480,100,True,0.17814346496015787,2731460,23029.0,129272.21329814417
binned_pad,480,100,True,0.31004861649125814,2763840,32380.0,104435.23459783914
binned_pad,480,100,True,0.025065419264137745,2766544,2704.0,107877.70878697162
binned_pad,480,100,True,0.1433561248704791,2781651,15107.0,105380.91772255306
binned_pad,480,100,True,0.3115599285811186,2813834,32183.0,103296.33899508597
binned_pad,480,100,True,0.006038927473127842,2814220,386.0,63918.63484329488
binned_pad,480,100,True,0.04917281772941351,2820635,6415.0,130458.25511363293
binned_pad,480,100,True,0.008757219649851322,2821581,946.0,108025.15385303381
binned_pad,480,100,True,0.31834789644926786,2853717,32136.0,100946.16725422973
binned_pad,480,100,True,0.024457387626171112,2856224,2507.0,102504.81524516277
binned_pad,480,100,True,0.2936286376789212,2890638,34414.0,117202.46455535179
binned_pad,480,100,True,0.006101507693529129,2891278,640.0,104892.10735221121
binned_pad,480,100,True,0.2565839346498251,2922345,31067.0,121079.28753372235
binned_pad,480,100,True,0.006193486973643303,2922973,628.0,101396.83875537089
binned_pad,480,100,True,0.36704414151608944,2959174,36201.0,98628.464278085
binned_pad,480,100,True,0.039148105308413506,2963685,4511.0,115229.07595301987
binned_pad,480,100,True,0.09297666698694229,2975938,12253.0,131785.75224384866
binned_pad,480,100,True,0.13138167187571526,2990362,14424.0,109787.00296678253
binned_pad,480,100,True,0.2222390752285719,3013833,23471.0,105611.49057995396
binned_pad,480,100,True,0.009046129882335663,3014812,979.0,108223.07580523346
binned_pad,480,100,True,0.046468762680888176,3019331,4519.0,97248.12410076478
binned_pad,480,100,True,0.28404844738543034,3049967,30636.0,107854.84054566745
binned_pad,480,100,True,0.060346540063619614,3055578,5611.0,92979.64711953115
binned_pad,480,100,True,0.127787247300148,3071847,16269.0,127313.17360477454
binned_pad,480,100,True,0.3763213325291872,3112580,40733.0,108239.94410904351
binned_pad,480,100,True,0.01536999735981226,3114236,1656.0,107742.37374496384
binned_pad,480,100,True,0.03306095860898495,3118435,4199.0,127007.81152966453
binned_pad,480,100,True,0.014935318380594254,3120022,1587.0,106258.19681634773
binned_pad,480,100,True,0.313254171051085,3155902,35880.0,114539.57621572657
binned_pad,480,100,True,0.3238226929679513,3190665,34763.0,107351.95758328306
binned_pad,480,100,True,0.03948012553155422,3195563,4898.0,124062.42214415723
binned_pad,480,100,True,0.21565387770533562,3220647,25084.0,116316.01651176515
binned_pad,480,100,True,0.006159906275570393,3221145,498.0,80845.385907091
binned_pad,480,100,True,0.026196599937975407,3224047,2902.0,110777.73477744989
binned_pad,480,100,True,0.12992939911782742,3240496,16449.0,126599.52336948087
binned_pad,480,100,True,0.006021446548402309,3241136,640.0,106286.75266905979
binned_pad,480,100,True,0.017153100110590458,3243424,2288.0,133386.9670933344
binned_pad,480,100,True,0.0165163092315197,3245446,2022.0,122424.44553782139
binned_pad,480,100,True,0.12172169052064419,3256927,11481.0,94321.72648023488
binned_pad,480,100,True,0.25179543998092413,3286460,29533.0,117289.65386441232
binned_pad,480,100,True,0.00612797774374485,3286975,515.0,84040.7752011971
binned_pad,480,100,True,0.3063948918133974,3317041,30066.0,98128.26781169378
binned_pad,480,100,True,0.046521623618900776,3322965,5924.0,127338.63393351562
binned_pad,480,100,True,0.009532870724797249,3324057,1092.0,114551.01317585794
binned_pad,480,100,True,0.23096783552318811,3350439,26382.0,114223.69673352793
binned_pad,480,100,True,0.04016272630542517,3355439,5000.0,124493.54065201001
binned_pad,480,100,True,0.006020267494022846,3355948,509.0,84547.73820355239
binned_pad,480,100,True,0.15133405476808548,3372919,16971.0,112142.63720090964
binned_pad,480,100,True,0.08309452515095472,3379415,6496.0,78176.0289044189
binned_pad,480,100,True,0.05070167873054743,3386252,6837.0,134847.6060592596
binned_pad,480,100,True,0.005930936895310879,3386730,478.0,80594.34933086486
binned_pad,480,100,True,0.012922875583171844,3388296,1566.0,121180.45940481263
binned_pad,480,100,True,0.005992547608911991,3388815,519.0,86607.57224993157
binned_pad,480,100,True,0.14140461292117834,3405115,16300.0,115272.05275181464
binned_pad,480,100,True,0.005961325950920582,3405548,433.0,72634.84727472982
binned_pad,480,100,True,0.0060782479122281075,3406091,543.0,89334.95438835303
binned_pad,480,100,True,0.10446410160511732,3414623,8532.0,81673.99009711148
binned_pad,480,100,True,0.009038031101226807,3415627,1004.0,111086.14130169555
binned_pad,480,100,True,0.00589984655380249,3416267,640.0,108477.39753290969
binned_pad,480,100,True,0.05695624556392431,3423390,7123.0,125060.91174857315
binned_pad,480,100,True,0.2754486966878176,3454644,31254.0,113465.7755720733
binned_pad,480,100,True,0.10214743763208389,3466394,11750.0,115029.80664401312
binned_pad,480,100,True,0.04381377063691616,3470046,3652.0,83352.78947489023
binned_pad,480,100,True,0.34806215949356556,3507847,37801.0,108604.1644256902
binned_pad,480,100,True,0.27838037069886923,3540293,32446.0,116552.75807897253
binned_pad,480,100,True,0.043827200308442116,3543953,3660.0,83509.78329078895
binned_pad,480,100,True,0.0478212246671319,3548620,4667.0,97592.64913195929
binned_pad,480,100,True,0.2587939975783229,3578965,30345.0,117255.42432960107
binned_pad,480,100,True,0.23389755934476852,3606947,27982.0,119633.56983453645
binned_pad,480,100,True,0.0500419270247221,3611382,4435.0,88625.6837753068
binned_pad,480,100,True,0.0304929343983531,3615198,3816.0,125143.74478194199
binned_pad,480,100,True,0.18391074147075415,3636280,21082.0,114631.69487222421
binned_pad,480,100,True,0.13803444989025593,3653174,16894.0,122389.7368622945
binned_pad,480,100,True,0.1073864633217454,3663873,10699.0,99630.80698490131
binned_pad,480,100,True,0.09709437191486359,3676885,13012.0,134013.94687850153
binned_pad,480,100,True,0.251354000531137,3708589,31704.0,126132.8641398433
binned_pad,480,100,True,0.1261601857841015,3724268,15679.0,124278.5107088503
binned_pad,480,100,True,0.2487219264730811,3743303,19035.0,76531.250259756
binned_pad,480,100,True,0.016112517565488815,3745219,1916.0,118913.75709677143
binned_pad,480,100,True,0.012738235294818878,3746752,1533.0,120346.34033047961
binned_pad,480,100,True,0.04250716883689165,3752215,5463.0,128519.49799250576
binned_pad,480,100,True,0.025277769193053246,3753910,1695.0,67054.96782784988
binned_pad,480,100,True,0.04067659750580788,3757577,3667.0,90150.11640234706
binned_pad,480,100,True,0.01750406064093113,3759934,2357.0,134654.4695171154
binned_pad,480,100,True,0.11259473860263824,3772158,12224.0,108566.35178256522
binned_pad,480,100,True,0.06344702374190092,3777140,4982.0,78522.20177051185
binned_pad,480,100,True,0.15557315945625305,3793116,15976.0,102691.23578796012
binned_pad,480,100,True,0.006076477468013763,3793756,640.0,105324.17891268816
binned_pad,480,100,True,0.11530028283596039,3805909,12153.0,105403.03719194057
binned_pad,480,100,True,0.2446336606517434,3836899,30990.0,126679.21461600033
binned_pad,480,100,True,0.2674483982846141,3867389,30490.0,114003.30005922509
binned_pad,480,100,True,0.16042914520949125,3886149,18760.0,116936.35826272624
binned_pad,480,100,True,0.0060492269694805145,3886789,640.0,105798.64224452482
binned_pad,480,100,True,0.26096470933407545,3915054,28265.0,108309.66406195713
binned_pad,480,100,True,0.012943564914166927,3916482,1428.0,110325.09277540939
binned_pad,480,100,True,0.0407161470502615,3920144,3662.0,89939.74787151381
binned_pad,480,100,True,0.045783733017742634,3924541,4397.0,96038.47720971168
binned_pad,480,100,True,0.15042972285300493,3944540,19999.0,132945.80100730743
binned_pad,480,100,True,0.04752172343432903,3949748,5208.0,109591.9849623512
binned_pad,480,100,True,0.06587025616317987,3958245,8497.0,128996.00661868458
binned_pad,480,100,True,0.2701125405728817,3990455,32210.0,119246.59229699521
binned_pad,480,100,True,0.010183142498135567,3991693,1238.0,121573.47304397101
binned_pad,480,100,True,0.09834965318441391,4002103,10410.0,105846.8399525555
binned_pad,480,100,True,0.14071401208639145,4018218,16115.0,114523.06533699136
binned_pad,480,100,True,0.2811367539688945,4050093,31875.0,113378.98567160206
binned_pad,480,100,True,0.015001136809587479,4051779,1686.0,112391.48215236922
binned_pad,480,100,True,0.07494159694761038,4061264,9485.0,126565.2239387253
binned_pad,480,100,True,0.07356606516987085,4068256,6992.0,95043.82195588177
binned_pad,480,100,True,0.19962691981345415,4090339,22083.0,110621.35317539315
binned_pad,480,100,True,0.013286164961755276,4091841,1502.0,113049.92857785248
binned_pad,480,100,True,0.005920136347413063,4092317,476.0,80403.5535782886
binned_pad,480,100,True,0.07982147205621004,4101718,9401.0,117775.32733773494
binned_pad,480,100,True,0.0609090207144618,4109129,7411.0,121673.27455061817
binned_pad,480,100,True,0.04312883876264095,4114701,5572.0,129194.29689877428
binned_pad,480,100,True,0.20908718090504408,4138057,23356.0,111704.60043940721
binned_pad,480,100,True,0.09525691997259855,4147319,9262.0,97231.78119410423
binned_pad,480,100,True,0.04665217362344265,4151669,4350.0,93243.24382206559
binned_pad,480,100,True,0.21183576434850693,4175958,24289.0,114659.58108962348
binned_pad,480,100,True,0.009330861270427704,4176998,1040.0,111458.09265175463
binned_pad,480,100,True,0.1741642402485013,4196987,19989.0,114770.97693234422
binned_pad,480,100,True,0.03965740464627743,4202127,5140.0,129610.09541209305
binned_pad,480,100,True,0.06199334096163511,4207158,5031.0,81153.87752877297
binned_pad,480,100,True,0.029985403642058372,4210906,3748.0,124994.14864447413
binned_pad,480,100,True,0.005990287289023399,4211413,507.0,84637.00913460806
binned_pad,480,100,True,0.18234392069280148,4234747,23334.0,127966.9753252222
binned_pad,480,100,True,0.006002596579492092,4235254,507.0,84463.44732414112
binned_pad,480,100,True,0.0060126567259430885,4235803,549.0,91307.39122877318
binned_pad,480,100,True,0.055826484225690365,4242362,6559.0,117489.03931481438
binned_pad,480,100,True,0.2642883947119117,4272084,29722.0,112460.48103019639
binned_pad,480,100,True,0.2589022284373641,4301879,29795.0,115082.05309715311
binned_pad,480,100,True,0.11848585586994886,4313399,11520.0,97226.7948390773
binned_pad,480,100,True,0.0582783967256546,4319043,5644.0,96845.4919336425
binned_pad,480,100,True,0.03861656505614519,4323803,4760.0,123263.16421668696
binned_pad,480,100,True,0.1641491586342454,4342636,18833.0,114731.01754949227
binned_pad,480,100,True,0.30776326544582844,4374978,32342.0,105087.26554206887
binned_pad,480,100,True,0.016158869490027428,4376826,1848.0,114364.43627077424
binned_pad,480,100,True,0.0818245243281126,4384898,8072.0,98650.13046249616
binned_pad,480,100,True,0.03368809912353754,4389255,4357.0,129333.50688688182
binned_pad,480,100,True,0.26127935107797384,4421811,32556.0,124602.2690491308
binned_pad,480,100,True,0.009058980271220207,4422669,858.0,94712.64693287945
binned_pad,480,100,True,0.023637037724256516,4424535,1866.0,78943.90243685637
binned_pad,480,100,True,0.3344339467585087,4450029,25494.0,76230.29972614878
binned_pad,480,100,True,0.009206630289554596,4451121,1092.0,118610.17176272748
binned_pad,480,100,True,0.0920769963413477,4463335,12214.0,132649.8526811222
binned_pad,480,100,True,0.21833452116698027,4488858,25523.0,116898.60065912454
binned_pad,480,100,True,0.05688468459993601,4495092,6234.0,109590.13034603365
binned_pad,480,100,True,0.10671543329954147,4508960,13868.0,129953.08711415397
binned_pad,480,100,True,0.02467470895498991,4512074,3114.0,126202.09647377676
binned_pad,480,100,True,0.008543780073523521,4512974,900.0,105339.79014617039
binned_pad,480,100,True,0.02159811556339264,4515551,2577.0,119315.96497093675
binned_pad,480,100,True,0.146124049089849,4531054,15503.0,106094.78793232379
binned_pad,480,100,True,0.006068897433578968,4531627,573.0,94415.83191530207
binned_pad,480,100,True,0.008516610600054264,4532478,851.0,99922.37991890551
binned_pad,480,100,True,0.1070484034717083,4545546,13068.0,122075.61790918
binned_pad,480,100,True,0.012690764851868153,4546510,964.0,75960.7487217836
binned_pad,480,100,True,0.23425257951021194,4573069,26559.0,113377.6202402168
binned_pad,480,100,True,0.03877684473991394,4577700,4631.0,119426.94231728453
binned_pad,480,100,True,0.11515125166624784,4591562,13862.0,120380.80176650925
binned_pad,480,100,True,0.04584204312413931,4597083,5521.0,120435.29528230768
binned_pad,480,100,True,0.2805374739691615,4628842,31759.0,113207.69218693099
binned_pad,480,100,True,0.015130776911973953,4630580,1738.0,114865.21875982516
binned_pad,480,100,True,0.05612834356725216,4636421,5841.0,104065.06995884173
binned_pad,480,100,True,0.015284688211977482,4638164,1743.0,114035.69217945445
binned_pad,480,100,True,0.061955031007528305,4644035,5871.0,94762.28006869371
binned_pad,480,100,True,0.0059368666261434555,4644504,469.0,78997.90066610591
binned_pad,480,100,True,0.02578531950712204,4647528,3024.0,117276.0337200691
binned_pad,480,100,True,0.2690154993906617,4676770,29242.0,108700.05656267058
binned_pad,480,100,True,0.20077748131006956,4701100,24330.0,121178.92824059339
binned_pad,480,100,True,0.08881825301796198,4709274,8174.0,92030.63246860921
binned_pad,480,100,True,0.2926087770611048,4743583,34309.0,117252.1219103258
binned_pad,480,100,True,0.08157690335065126,4750150,6567.0,80500.7266796132
binned_pad,480,100,True,0.07977486215531826,4760687,10537.0,132084.21444194927
binned_pad,480,100,True,0.04329067934304476,4766252,5565.0,128549.61124314381
binned_pad,480,100,True,0.016639338806271553,4768259,2007.0,120617.7735405892
binned_pad,480,100,True,0.07391850464046001,4773190,4931.0,66708.60055928363
binned_pad,480,100,True,0.2843750072643161,4807012,33822.0,118934.50245634174
binned_pad,480,100,True,0.24455944169312716,4833214,26202.0,107139.59689554016
binned_pad,480,100,True,0.23561322130262852,4859154,25940.0,110095.6892681413
binned_pad,480,100,True,0.013483996503055096,4860416,1262.0,93592.4300865894
binned_pad,480,100,True,0.0431516794487834,4864817,4401.0,101989.07797374454
binned_pad,480,100,True,0.005969366990029812,4865366,549.0,91969.5506938933
binned_pad,480,100,True,0.009973801672458649,4866562,1196.0,119914.15503103474
binned_pad,400,300,False,0.05480039305984974,4367,4367.0,79689.20944108232
binned_pad,400,300,False,0.10921291634440422,14207,9840.0,90099.23303365917
binned_pad,400,300,False,0.024148397147655487,16199,1992.0,82489.94696500586
binned_pad,400,300,False,0.008440639823675156,16585,386.0,45731.13034835444
binned_pad,400,300,False,0.050233458168804646,21606,5021.0,99953.30170436243
binned_pad,400,300,False,0.031430105678737164,24486,2880.0,91631.89043771985
binned_pad,400,300,False,0.008559769950807095,24961,475.0,55492.145551787005
binned_pad,400,300,False,0.008311240002512932,25459,498.0,59918.85685522593
binned_pad,400,300,False,0.13213870208710432,38831,13372.0,101196.69550852203
binned_pad,400,300,False,0.15160811506211758,51865,13034.0,85971.65128436331
binned_pad,400,300,False,0.13529812637716532,64895,13030.0,96305.8421347002
binned_pad,400,300,False,0.011387303471565247,65734,839.0,73678.54928034819
binned_pad,400,300,False,0.031914026476442814,68342,2608.0,81719.55368668641
binned_pad,400,300,False,0.029985004104673862,70818,2476.0,82574.60933994195
binned_pad,400,300,False,0.042755148373544216,75407,4589.0,107332.10325705605
binned_pad,400,300,False,0.10786301456391811,86395,10988.0,101869.95092269246
binned_pad,400,300,False,0.028181912377476692,88990,2595.0,92080.337389522
binned_pad,400,300,False,0.02744109183549881,91076,2086.0,76017.38343739929
binned_pad,400,300,False,0.06325342319905758,97465,6389.0,101006.391067467
binned_pad,400,300,False,0.1718695880845189,111476,14011.0,81521.11235124346
binned_pad,400,300,False,0.10818497464060783,122671,11195.0,103480.17400003987
binned_pad,400,300,False,0.11329258978366852,134656,11985.0,105788.03099907312
binned_pad,400,300,False,0.00830059964209795,135169,513.0,61802.76391096257
binned_pad,400,300,False,0.06432844419032335,140873,5704.0,88669.95108919528
binned_pad,400,300,False,0.012925565242767334,142058,1185.0,91678.77595628415
binned_pad,400,300,False,0.027652922086417675,144599,2541.0,91889.02323086017
binned_pad,400,300,False,0.051127818413078785,149771,5172.0,101158.2375413259
binned_pad,400,300,False,0.012796914204955101,150938,1167.0,91193.85980943165
binned_pad,400,300,False,0.043712200596928596,154460,3522.0,80572.47065816839
binned_pad,400,300,False,0.20987962186336517,165908,11448.0,54545.55281909562
binned_pad,400,300,False,0.08206032309681177,173133,7225.0,88044.9860217612
binned_pad,400,300,False,0.15227672457695007,188167,15034.0,98728.1545605012
binned_pad,400,300,False,0.026471841149032116,189997,1830.0,69130.06124875866
binned_pad,400,300,False,0.00827700924128294,190625,628.0,75872.81609735882
binned_pad,400,300,False,0.010779711417853832,191474,849.0,78759.06571987158
binned_pad,400,300,False,0.022417276166379452,193472,1998.0,89127.68817991018
binned_pad,400,300,False,0.03628545254468918,196911,3439.0,94776.27420422899
binned_pad,400,300,False,0.1465107286348939,210187,13276.0,90614.52443584467
binned_pad,400,300,False,0.14708272833377123,224790,14603.0,99284.26107830806
binned_pad,400,300,False,0.028586103580892086,227371,2581.0,90288.62547483481
binned_pad,400,300,False,0.042725009843707085,231524,4153.0,97203.02031976455
binned_pad,400,300,False,0.13701037783175707,245686,14162.0,103364.43285624929
binned_pad,400,300,False,0.0989883141592145,255093,9407.0,95031.41941451412
binned_pad,400,300,False,0.02228973526507616,257118,2025.0,90848.9928623242
binned_pad,400,300,False,0.009191589429974556,257537,419.0,45585.151859982485
binned_pad,400,300,False,0.11480912193655968,270025,12488.0,108771.84486177431
binned_pad,400,300,False,0.010040352120995522,270818,793.0,78981.29372791084
binned_pad,400,300,False,0.07725153863430023,276079,5261.0,68102.20343836723
binned_pad,400,300,False,0.08215564396232367,284021,7942.0,96670.16916868399
binned_pad,400,300,False,0.008239079266786575,284564,543.0,65905.42248925129
binned_pad,400,300,False,0.02161090448498726,286424,1860.0,86067.66094830097
binned_pad,400,300,False,0.009387930855154991,287182,758.0,80741.9666479303
binned_pad,400,300,False,0.05482158251106739,292779,5597.0,102094.82732225172
binned_pad,400,300,False,0.008031128905713558,293192,413.0,51424.89989248969
binned_pad,400,300,False,0.06062157917767763,298957,5765.0,95098.14950717773
binned_pad,400,300,False,0.08016078174114227,307489,8532.0,106436.08775612748
binned_pad,400,300,False,0.00826293881982565,307979,490.0,59300.93525856932
binned_pad,400,300,False,0.009687941521406174,308669,690.0,71222.56038348265
binned_pad,400,300,False,0.015833298675715923,309910,1241.0,78379.11893264318
binned_pad,400,300,False,0.021630804985761642,312067,2157.0,99718.89633417866
binned_pad,400,300,False,0.04000534676015377,315909,3842.0,96037.1628081154
binned_pad,400,300,False,0.019237731583416462,317641,1732.0,90031.4048197366
binned_pad,400,300,False,0.009080389514565468,318203,562.0,61891.61809617524
binned_pad,400,300,False,0.10975974611938,329202,10999.0,100209.77989541773
binned_pad,400,300,False,0.10205128695815802,339553,10351.0,101429.39210795065
binned_pad,400,300,False,0.044967250898480415,343778,4225.0,93957.26702391708
binned_pad,400,300,False,0.01592656970024109,345106,1328.0,83382.67593051738
binned_pad,400,300,False,0.17265603877604008,362752,17646.0,102203.20195628617
binned_pad,400,300,False,0.06411267444491386,369097,6345.0,98966.39088814921
binned_pad,400,300,False,0.14366355538368225,382861,13764.0,95807.17923373458
binned_pad,400,300,False,0.09372977819293737,390941,8080.0,86205.26107901144
binned_pad,400,300,False,0.011415532790124416,391841,900.0,78839.94698684503
binned_pad,400,300,False,0.012427394278347492,392979,1138.0,91571.89146100893
binned_pad,400,300,False,0.031789347529411316,395419,2440.0,76755.27148654204
binned_pad,400,300,False,0.008161959238350391,395928,509.0,62362.47757871352
binned_pad,400,300,False,0.012610233388841152,396861,933.0,73987.52832168955
binned_pad,400,300,False,0.11285083927214146,408858,11997.0,106308.46945736096
binned_pad,400,300,False,0.043931251391768456,412435,3577.0,81422.67489949614
binned_pad,400,300,False,0.008080890402197838,412898,463.0,57295.66631346385
binned_pad,400,300,False,0.008141888305544853,413390,492.0,60428.24238511529
binned_pad,400,300,False,0.07140406221151352,419859,6469.0,90597.08649120678
binned_pad,400,300,False,0.11240888014435768,430302,10443.0,92901.91296798701
binned_pad,400,300,False,0.1538182469084859,444888,14586.0,94826.20100772528
binned_pad,400,300,False,0.02350194752216339,446704,1816.0,77270.19211014025
binned_pad,400,300,False,0.017518529668450356,448206,1502.0,85737.78898265628
binned_pad,400,300,False,0.028031553141772747,450846,2640.0,94179.58350890875
binned_pad,400,300,False,0.10088531579822302,460390,9544.0,94602.46939295507
binned_pad,400,300,False,0.14510340616106987,473598,13208.0,91024.74124789776
binned_pad,400,300,False,0.08215195499360561,481307,7709.0,93838.30245549286
binned_pad,400,300,False,0.12834609765559435,494351,13044.0,101631.44994873507
binned_pad,400,300,False,0.1229223320260644,506510,12159.0,98916.11881738309
binned_pad,400,300,False,0.043430959805846214,510949,4439.0,102208.19479569662
binned_pad,400,300,False,0.033892848528921604,513970,3021.0,89133.84773257126
binned_pad,400,300,False,0.07578781712800264,520122,6152.0,81173.99646976919
binned_pad,400,300,False,0.008054719306528568,520602,480.0,59592.3931962405
binned_pad,400,300,False,0.008005369454622269,521025,423.0,52839.53506427632
binned_pad,400,300,False,0.008067498914897442,521665,640.0,79330.65833057332
binned_pad,400,300,False,0.027004222385585308,524087,2422.0,89689.67761474403
binned_pad,400,300,False,0.07549994718283415,531488,7401.0,98026.55864218551
binned_pad,400,300,False,0.011543632484972477,532388,900.0,77965.06005987471
binned_pad,400,300,False,0.008006669580936432,532823,435.0,54329.70545402773
binned_pad,400,300,False,0.12880673818290234,545384,12561.0,97518.19025308828
binned_pad,400,300,False,0.008210279047489166,545881,497.0,60533.87432087226
binned_pad,400,300,False,0.0405829269438982,549777,3896.0,96000.96132508694
binned_pad,400,300,False,0.0608800807967782,555583,5806.0,95367.8103578873
binned_pad,400,300,False,0.09636742155998945,565570,9987.0,103634.60844267807
binned_pad,400,300,False,0.12455021310597658,577152,11582.0,92990.60765271573
binned_pad,400,300,False,0.21621043980121613,596322,19170.0,88663.61873008953
binned_pad,400,300,False,0.06086746044456959,602704,6382.0,104850.76843006982
binned_pad,400,300,False,0.08883022237569094,612464,9760.0,109872.5156706452
binned_pad,400,300,False,0.038355594500899315,616261,3797.0,98994.68511460493
binned_pad,400,300,False,0.060312189161777496,621268,5007.0,83018.04443824031
binned_pad,400,300,False,0.12496805470436811,633491,12223.0,97808.99629841768
binned_pad,400,300,False,0.012005284428596497,634460,969.0,80714.45585177885
binned_pad,400,300,False,0.13795053865760565,648648,14188.0,102848.4566864558
binned_pad,400,300,False,0.08043492306023836,655579,6931.0,86169.03872475043
binned_pad,400,300,False,0.13624919671565294,668639,13060.0,95853.7761309209
binned_pad,400,300,False,0.01608886756002903,670100,1461.0,90808.13143304686
binned_pad,400,300,False,0.034247130155563354,673351,3251.0,94927.66212038015
binned_pad,400,300,False,0.1055526714771986,682103,8752.0,82915.94971038321
binned_pad,400,300,False,0.03389643877744675,685132,3029.0,89360.41983311145
binned_pad,400,300,False,0.01134459301829338,686018,886.0,78098.87922566349
binned_pad,400,300,False,0.0717074517160654,692641,6623.0,92361.3912013579
binned_pad,400,300,False,0.01805101055651903,694121,1480.0,81989.8695070845
binned_pad,400,300,False,0.028022391721606255,696519,2398.0,85574.42290520325
binned_pad,400,300,False,0.008959630504250526,697097,578.0,64511.588923872674
binned_pad,400,300,False,0.13713490776717663,709461,12364.0,90159.39268352602
binned_pad,400,300,False,0.04685737378895283,712495,3034.0,64749.680886198126
binned_pad,400,300,False,0.07613440696150064,720132,7637.0,100309.44358523536
binned_pad,400,300,False,0.016214928589761257,721532,1400.0,86340.18905787935
binned_pad,400,300,False,0.1783770862966776,738204,16672.0,93464.91943629493
binned_pad,400,300,False,0.08316379599273205,746419,8215.0,98780.9647447783
binned_pad,400,300,False,0.052460829727351665,751645,5226.0,99617.18156499733
binned_pad,400,300,False,0.01675532851368189,752872,1227.0,73230.43526112122
binned_pad,400,300,False,0.16758710239082575,768913,16041.0,95717.38977019353
binned_pad,400,300,False,0.12438418436795473,781181,12268.0,98629.90268689355
binned_pad,400,300,False,0.06074411980807781,787133,5952.0,97984.79291173295
binned_pad,400,300,False,0.09512609988451004,795866,8733.0,91804.45756319762
binned_pad,400,300,False,0.18155565951019526,813291,17425.0,95976.07723719292
binned_pad,400,300,False,0.04131378699094057,817246,3955.0,95730.7545025409
binned_pad,400,300,False,0.11702228523790836,829753,12507.0,106877.07879377888
binned_pad,400,300,False,0.03544458094984293,833075,3322.0,93723.77697738647
binned_pad,400,300,False,0.14350025542080402,846158,13083.0,91170.56942954601
binned_pad,400,300,False,0.035211700946092606,849248,3090.0,87754.92001169268
binned_pad,400,300,False,0.1517535150051117,864076,14828.0,97711.08102175116
binned_pad,400,300,False,0.15972643345594406,877394,13318.0,83380.06247208535
binned_pad,400,300,False,0.056693765334784985,882553,5159.0,90997.66031653305
binned_pad,400,300,False,0.020627654157578945,884421,1868.0,90558.04337856158
binned_pad,400,300,False,0.010852771811187267,885266,845.0,77860.29363751628
binned_pad,400,300,False,0.14241918455809355,897610,12344.0,86673.71631358286
binned_pad,400,300,False,0.008234069682657719,898124,514.0,62423.56693708423
binned_pad,400,300,False,0.12681996542960405,910319,12195.0,96159.93789849493
binned_pad,400,300,False,0.008143079467117786,910817,498.0,61156.22498969242
binned_pad,400,300,False,0.008021079003810883,911249,432.0,53858.090637774934
binned_pad,400,300,False,0.07396631501615047,917182,5933.0,80212.18846314751
binned_pad,400,300,False,0.02077673375606537,918963,1781.0,85720.88476034263
binned_pad,400,300,False,0.027699612081050873,921141,2178.0,78629.2599920544
binned_pad,400,300,False,0.008168679662048817,921690,549.0,67207.92376650785
binned_pad,400,300,False,0.10214928817003965,929941,8251.0,80773.93536277245
binned_pad,400,300,False,0.18547467328608036,943682,13741.0,74085.58676259572
binned_pad,400,300,False,0.011399033479392529,944533,851.0,74655.45228360458
binned_pad,400,300,False,0.0313367061316967,947425,2892.0,92287.9382359455
binned_pad,400,300,False,0.0081477090716362,947998,573.0,70326.51693403331
binned_pad,400,300,False,0.14941008295863867,961222,13224.0,88508.08284244653
binned_pad,400,300,False,0.04364523943513632,965448,4226.0,96826.13853638036
binned_pad,400,300,False,0.0987674044445157,975387,9939.0,100630.36541153013
binned_pad,400,300,False,0.0281881932169199,977641,2254.0,79962.55675752363
binned_pad,400,300,False,0.1137495618313551,988419,10778.0,94752.01333943989
binned_pad,400,300,False,0.1972422767430544,1005654,17235.0,87379.84718383609
binned_pad,400,300,False,0.13275741320103407,1017512,11858.0,89320.8124057334
binned_pad,400,300,False,0.09165511652827263,1026670,9158.0,99918.04436989673
binned_pad,400,300,False,0.21701805014163256,1042003,15333.0,70653.10922291127
binned_pad,400,300,False,0.0318368561565876,1044447,2444.0,76766.37378952675
binned_pad,400,300,False,0.008143190294504166,1044925,478.0,58699.35279820268
binned_pad,400,300,False,0.1739876102656126,1060734,15809.0,90862.79175779066
binned_pad,400,300,False,0.008113479241728783,1061167,433.0,53367.980258459174
binned_pad,400,300,False,0.02108585461974144,1063182,2015.0,95561.69462125924
binned_pad,400,300,False,0.08031839318573475,1071245,8063.0,100387.96445235734
binned_pad,400,300,False,0.03573942091315985,1074500,3255.0,91075.90209447
binned_pad,400,300,False,0.17052195686846972,1089409,14909.0,87431.5558758213
binned_pad,400,300,False,0.04394199978560209,1093601,4192.0,95398.48027976046
binned_pad,400,300,False,0.01943646278232336,1095107,1506.0,77483.23431409769
binned_pad,400,300,False,0.16712823137640953,1109869,14762.0,88327.38717106824
binned_pad,400,300,False,0.038602025248110294,1113324,3455.0,89503.07601203215
binned_pad,400,300,False,0.07132099289447069,1120718,7394.0,103672.14055671448
binned_pad,400,300,False,0.03177591599524021,1123255,2537.0,79840.3419866802
binned_pad,400,300,False,0.14685486909002066,1136754,13499.0,91920.68389455469
binned_pad,400,300,False,0.17159886751323938,1151407,14653.0,85391.00643464022
binned_pad,400,300,False,0.06007011886686087,1157321,5914.0,98451.61140945571
binned_pad,400,300,False,0.027706831693649292,1159712,2391.0,86296.4061151764
binned_pad,400,300,False,0.07402720488607883,1167537,7825.0,105704.38276093183
binned_pad,400,300,False,0.09794563334435225,1176615,9078.0,92684.07064237395
binned_pad,400,300,False,0.12962459865957499,1190210,13595.0,104879.78470586205
binned_pad,400,300,False,0.12492094468325377,1202050,11840.0,94779.94286723647
binned_pad,400,300,False,0.11847348604351282,1209655,7605.0,64191.57782870375
binned_pad,400,300,False,0.017176799476146698,1211200,1545.0,89946.90787102282
binned_pad,400,300,False,0.03257147688418627,1214038,2838.0,87131.44970647227
binned_pad,400,300,False,0.00848545040935278,1214678,640.0,75423.22082214791
binned_pad,400,300,False,0.06985598057508469,1222460,7782.0,111400.62648802873
binned_pad,400,300,False,0.011809524148702621,1223388,928.0,78580.64290439246
binned_pad,400,300,False,0.14770396053791046,1235870,12482.0,84506.87411862802
binned_pad,400,300,False,0.011938103474676609,1236636,766.0,64164.29557884613
binned_pad,400,300,False,0.05456014256924391,1241750,5114.0,93731.42662722462
binned_pad,400,300,False,0.043441000394523144,1245368,3618.0,83285.3748104784
binned_pad,400,300,False,0.04846975579857826,1249539,4171.0,86053.66235664727
binned_pad,400,300,False,0.1343628652393818,1262464,12925.0,96194.73339581389
binned_pad,400,300,False,0.0315772769972682,1265232,2768.0,87657.97000924
binned_pad,400,300,False,0.1319324728101492,1277606,12374.0,93790.4045640544
binned_pad,400,300,False,0.010132412426173687,1278416,810.0,79941.4755273519
binned_pad,400,300,False,0.15691416058689356,1291132,12716.0,81037.93789189807
binned_pad,400,300,False,0.021665845066308975,1293137,2005.0,92541.97073151944
binned_pad,400,300,False,0.1571473116055131,1309163,16026.0,101980.74555821909
binned_pad,400,300,False,0.1363170463591814,1321030,11867.0,87054.40967912167
binned_pad,400,300,False,0.02342876698821783,1322863,1833.0,78237.1518279986
binned_pad,400,300,False,0.029908264987170696,1325020,2157.0,72120.5325994422
binned_pad,400,300,False,0.07332228403538465,1332319,7299.0,99546.81712421247
binned_pad,400,300,False,0.03850623406469822,1335869,3550.0,92192.86399275728
binned_pad,400,300,False,0.055708213709294796,1341085,5216.0,93630.71713659563
binned_pad,400,300,False,0.027403411455452442,1343622,2537.0,92579.71417625138
binned_pad,400,300,False,0.06158116087317467,1349276,5654.0,91813.79369648967
binned_pad,400,300,False,0.029458683915436268,1351960,2684.0,91110.65544220024
binned_pad,400,300,False,0.027273811399936676,1354235,2275.0,83413.35087494526
binned_pad,400,300,False,0.03278192784637213,1357271,3036.0,92612.00299835278
binned_pad,400,300,False,0.011471843346953392,1358219,948.0,82637.11169415183
binned_pad,400,300,False,0.058592957444489,1364245,6026.0,102845.12444535737
binned_pad,400,300,False,0.014288745820522308,1365441,1196.0,83702.23776268991
binned_pad,400,300,False,0.00807981938123703,1365838,397.0,49134.76171533167
binned_pad,400,300,False,0.13813740015029907,1380518,14680.0,106271.00252377392
binned_pad,400,300,False,0.0174383707344532,1381965,1447.0,82977.93538367345
binned_pad,400,300,False,0.1435591345652938,1396357,14392.0,100251.37058383567
binned_pad,400,300,False,0.11271247919648886,1406430,10073.0,89368.98621881957
binned_pad,400,300,False,0.20524178724735975,1422696,16266.0,79252.86667084043
binned_pad,400,300,False,0.06806312780827284,1428740,6044.0,88799.91552879197
binned_pad,400,300,False,0.036481271497905254,1431925,3185.0,87305.0710467392
binned_pad,400,300,False,0.016878118738532066,1433160,1235.0,73171.66202774392
binned_pad,400,300,False,0.14542331732809544,1444979,11819.0,81273.07379004892
binned_pad,400,300,False,0.04473310150206089,1449362,4383.0,97981.13372036302
binned_pad,400,300,False,0.017678510397672653,1450579,1217.0,68840.64169570622
binned_pad,400,300,False,0.034826270304620266,1453710,3131.0,89903.39684995273
binned_pad,400,300,False,0.01732621993869543,1455156,1446.0,83457.32682121752
binned_pad,400,300,False,0.14621321856975555,1470133,14977.0,102432.5990940057
binned_pad,400,300,False,0.04209478944540024,1474235,4102.0,97446.73994201988
binned_pad,400,300,False,0.13991811126470566,1489072,14837.0,106040.59664535103
binned_pad,400,300,False,0.10841819457709789,1498794,9722.0,89671.2958366645
binned_pad,400,300,False,0.12235734146088362,1510824,12030.0,98318.57946869389
binned_pad,400,300,False,0.008173090405762196,1511331,507.0,62032.83884423383
binned_pad,400,300,False,0.1420216839760542,1525187,13856.0,97562.56658903026
binned_pad,400,300,False,0.008071508258581161,1525827,640.0,79291.25257594687
binned_pad,400,300,False,0.146721038967371,1540131,14304.0,97491.13079264003
binned_pad,400,300,False,0.08458756748586893,1547712,7581.0,89623.09976896392
binned_pad,400,300,False,0.02771624270826578,1550273,2561.0,92400.69178771609
binned_pad,400,300,False,0.11653830483555794,1563237,12964.0,111242.39380599305
binned_pad,400,300,False,0.18441184237599373,1580168,16931.0,91810.8066263972
binned_pad,400,300,False,0.06310979276895523,1586489,6321.0,100158.78238011591
binned_pad,400,300,False,0.028810132294893265,1588916,2427.0,84241.19595001642
binned_pad,400,300,False,0.12797516770660877,1601667,12751.0,99636.51721271801
binned_pad,400,300,False,0.008060489781200886,1602074,407.0,50493.20959989647
binned_pad,400,300,False,0.008170639164745808,1602570,496.0,60705.16516505974
binned_pad,400,300,False,0.031183755956590176,1605419,2849.0,91361.6693244391
binned_pad,400,300,False,0.044735790230333805,1609291,3872.0,86552.62330371287
binned_pad,400,300,False,0.010172552429139614,1610077,786.0,77266.74357051992
binned_pad,400,300,False,0.13442721497267485,1621948,11871.0,88308.01115989072
binned_pad,400,300,False,0.16761437244713306,1636450,14502.0,86520.02682272399
binned_pad,400,300,False,0.19423910416662693,1651508,15058.0,77523.00992431771
binned_pad,400,300,False,0.00810019951313734,1651911,403.0,49751.86096915179
binned_pad,400,300,False,0.09673166088759899,1660860,8949.0,92513.6601386244
binned_pad,400,300,False,0.1061506737023592,1671435,10575.0,99622.54247817337
binned_pad,400,300,False,0.03568888083100319,1674999,3564.0,99863.0362458418
binned_pad,400,300,False,0.05054206773638725,1679407,4408.0,87214.47691833362
binned_pad,400,300,False,0.15473525784909725,1693814,14407.0,93107.41585508692
binned_pad,400,300,False,0.07621335797011852,1701244,7430.0,97489.47163452802
binned_pad,400,300,False,0.1543476479128003,1715595,14351.0,92978.41719044329
binned_pad,400,300,False,0.008083430118858814,1716019,424.0,52452.980203391504
binned_pad,400,300,False,0.010312261991202831,1716798,779.0,75541.1374017212
binned_pad,400,300,False,0.023566607385873795,1718563,1765.0,74894.10635567212
binned_pad,400,300,False,0.056484305299818516,1724183,5620.0,99496.66496151555
binned_pad,400,300,False,0.08588260877877474,1731563,7380.0,85931.25086605326
binned_pad,400,300,False,0.008199600502848625,1732047,484.0,59027.26600300264
binned_pad,400,300,False,0.041203186847269535,1736074,4027.0,97735.15856739762
binned_pad,400,300,False,0.01713411044329405,1737447,1373.0,80132.55222930847
binned_pad,400,300,False,0.08611903060227633,1743626,6179.0,71749.53035103805
binned_pad,400,300,False,0.07294670399278402,1750229,6603.0,90518.14048587003
binned_pad,400,300,False,0.10014721471816301,1760853,10624.0,106083.82899013563
binned_pad,400,300,False,0.022654416970908642,1763119,2266.0,100024.64432917663
binned_pad,400,300,False,0.028028682805597782,1765662,2543.0,90728.48758672747
binned_pad,400,300,False,0.06144002079963684,1772296,6634.0,107975.22386319264
binned_pad,400,300,False,0.06438324507325888,1779002,6706.0,104157.53341369383
binned_pad,400,300,False,0.008049548603594303,1779429,427.0,53046.452792313714
binned_pad,400,300,False,0.15613482054322958,1793915,14486.0,92778.79174933443
binned_pad,400,300,False,0.09103293437510729,1803475,9560.0,105016.93772286172
binned_pad,400,300,False,0.09955575410276651,1814256,10781.0,108291.07867407949
binned_pad,400,300,False,0.03619575221091509,1817462,3206.0,88573.9293748731
binned_pad,400,300,False,0.09134379588067532,1826545,9083.0,99437.51420036616
binned_pad,400,300,False,0.05301274172961712,1830748,4203.0,79282.82640872867
binned_pad,400,300,False,0.022814416326582432,1832666,1918.0,84069.65019592564
binned_pad,400,300,False,0.16390857938677073,1846397,13731.0,83772.30802299448
binned_pad,400,300,False,0.010222181677818298,1847165,768.0,75130.73277366294
binned_pad,400,300,False,0.17241107858717442,1862871,15706.0,91096.23423681987
binned_pad,400,300,False,0.07581032626330853,1869916,7045.0,92929.29271311832
binned_pad,400,300,False,0.1120587382465601,1882061,12145.0,108380.65991139089
binned_pad,400,300,False,0.008120429702103138,1882506,445.0,54800.05570207054
binned_pad,400,300,False,0.17260530963540077,1897311,14805.0,85773.72290153202
binned_pad,400,300,False,0.021043524146080017,1899202,1891.0,89861.37430560817
binned_pad,400,300,False,0.05508681293576956,1904340,5138.0,93270.9613458821
binned_pad,400,300,False,0.1329821329563856,1917511,13171.0,99043.38054436017
binned_pad,400,300,False,0.07515287678688765,1924373,6862.0,91307.21661472382
binned_pad,400,300,False,0.023244837298989296,1926361,1988.0,85524.36717147681
binned_pad,400,300,False,0.010334082879126072,1927163,802.0,77607.27385107087
binned_pad,400,300,False,0.008211980573832989,1927721,558.0,67949.50316590317
binned_pad,400,300,False,0.1169687956571579,1939172,11451.0,97897.90461349643
binned_pad,400,300,False,0.011156043037772179,1940029,857.0,76819.35226480982
binned_pad,400,300,False,0.04972844757139683,1945259,5230.0,105171.18984040494
binned_pad,400,300,False,0.019407822750508785,1947010,1751.0,90221.35159154299
binned_pad,400,300,False,0.02310285624116659,1949217,2207.0,95529.31364682881
binned_pad,400,300,False,0.15121554397046566,1962076,12859.0,85037.55409239892
binned_pad,400,300,False,0.008205549791455269,1962549,473.0,57643.9132076868
binned_pad,400,300,False,0.04879146721214056,1967108,4559.0,93438.46907037887
binned_pad,400,300,False,0.03235372807830572,1969181,2073.0,64072.98704442092
binned_pad,400,300,False,0.01914034318178892,1970716,1535.0,80197.09915444336
binned_pad,400,300,False,0.029883344657719135,1973642,2926.0,97914.07332459313
binned_pad,400,300,False,0.010989553295075893,1974489,847.0,77073.19644916929
binned_pad,400,300,False,0.052595511078834534,1979125,4636.0,88144.40443503205
binned_pad,400,300,False,0.011824874207377434,1980075,950.0,80339.12102061123
binned_pad,400,300,False,0.03126963600516319,1982317,2242.0,71698.94781089887
binned_pad,400,300,False,0.15890374314039946,1996308,13991.0,88047.01338997563
binned_pad,400,300,False,0.054185871966183186,2001771,5463.0,100819.63806745417
binned_pad,400,300,False,0.008160038851201534,2002372,601.0,73651.61011598677
binned_pad,400,300,False,0.05303517263382673,2007514,5142.0,96954.52554670002
binned_pad,400,300,False,0.007965789176523685,2007941,427.0,53604.230608867954
binned_pad,400,300,False,0.08288108557462692,2016604,8663.0,104523.24483853136
binned_pad,400,300,False,0.011524644680321217,2017551,947.0,82171.73077943476
binned_pad,400,300,False,0.020462903194129467,2019274,1723.0,84201.15091461243
binned_pad,400,300,False,0.015539797954261303,2020579,1305.0,83977.92582896128
binned_pad,400,300,False,0.07578499708324671,2028107,7528.0,99333.64504495265
binned_pad,400,300,False,0.16011409554630518,2043437,15330.0,95744.22506459805
binned_pad,400,300,False,0.008312778547406197,2043948,511.0,61471.62432944221
binned_pad,400,300,False,0.008051148615777493,2044407,459.0,57010.498986507
binned_pad,400,300,False,0.11192758940160275,2055133,10726.0,95829.81334043105
binned_pad,400,300,False,0.1390491994097829,2066767,11634.0,83668.22714105813
binned_pad,400,300,False,0.14375664666295052,2080370,13603.0,94625.189970474
binned_pad,400,300,False,0.07842653058469296,2086995,6625.0,84473.96500404477
binned_pad,400,300,False,0.045832921750843525,2091309,4314.0,94124.48159974885
binned_pad,400,300,False,0.11282005999237299,2102126,10817.0,95878.3393727256
binned_pad,400,300,False,0.10667686350643635,2112718,10592.0,99290.50828684078
binned_pad,400,300,False,0.045337422750890255,2116871,4153.0,91602.03090543895
binned_pad,400,300,False,0.008018129505217075,2117511,640.0,79819.11486757325
binned_pad,400,300,False,0.0083521893247962,2117801,290.0,34721.435149828365
binned_pad,400,300,False,0.02840776275843382,2120336,2535.0,89236.17187162682
binned_pad,400,300,False,0.12604724522680044,2131577,11241.0,89180.8462753291
binned_pad,400,300,False,0.16189301665872335,2144594,13017.0,80404.95055719625
binned_pad,400,300,False,0.03509308025240898,2147319,2725.0,77650.63597724344
binned_pad,400,300,False,0.13899319991469383,2162136,14817.0,106602.3374459602
binned_pad,400,300,False,0.008106750436127186,2162307,171.0,21093.532032014955
binned_pad,400,300,False,0.1608092663809657,2177294,14987.0,93197.36565736827
binned_pad,400,300,False,0.05963263846933842,2182906,5612.0,94109.53705973529
binned_pad,400,300,False,0.031397066079080105,2185642,2736.0,87141.90023707341
binned_pad,400,300,False,0.11558156367391348,2197607,11965.0,103519.96996472955
binned_pad,400,300,False,0.012020563706755638,2198553,946.0,78698.47230777885
binned_pad,400,300,False,0.010019341483712196,2199309,756.0,75454.06065148901
binned_pad,400,300,False,0.012263353914022446,2200420,1111.0,90595.11841451749
binned_pad,400,300,False,0.0980070224031806,2210358,9938.0,101400.89716344126
binned_pad,400,300,False,0.06494151521474123,2216921,6563.0,101060.16125891452
binned_pad,400,300,False,0.05611017532646656,2222382,5461.0,97326.3756212878
binned_pad,400,300,False,0.013394935987889767,2223570,1188.0,88690.23346390453
binned_pad,400,300,False,0.008146480657160282,2224167,597.0,73283.17897315226
binned_pad,400,300,False,0.0165463387966156,2225460,1293.0,78144.17533046471
binned_pad,400,300,False,0.04485596250742674,2229210,3750.0,83600.9259500143
binned_pad,400,300,False,0.011187822557985783,2230027,817.0,73025.82748032875
binned_pad,400,300,False,0.013296755962073803,2231225,1198.0,90097.16380574652
binned_pad,400,300,False,0.14426802657544613,2245992,14767.0,102358.09243760243
binned_pad,400,300,False,0.1556905684992671,2260189,14197.0,91187.28344849503
binned_pad,400,300,False,0.025351518765091896,2262443,2254.0,88909.86062356448
binned_pad,400,300,False,0.008049839176237583,2262900,457.0,56771.32051892711
binned_pad,400,300,False,0.040758296847343445,2266696,3796.0,93134.4117301461
binned_pad,400,300,False,0.09075506497174501,2276265,9569.0,105437.64144710975
binned_pad,400,300,False,0.1046326607465744,2286709,10444.0,99815.8693994784
binned_pad,400,300,False,0.028500822372734547,2288922,2213.0,77646.88229196773
binned_pad,400,300,False,0.007931449450552464,2289349,427.0,53836.31360977247
binned_pad,400,300,False,0.08468874730169773,2297207,7858.0,92786.82529104398
binned_pad,400,300,False,0.10625478252768517,2306587,9380.0,88278.37935253407
binned_pad,400,300,False,0.160282745026052,2323219,16632.0,103766.62813764933
binned_pad,400,300,False,0.009996730834245682,2323964,745.0,74524.3632496198
binned_pad,400,300,False,0.03764909319579601,2327749,3785.0,100533.62986236923
binned_pad,400,300,False,0.07177593186497688,2334965,7216.0,100535.09320609813
binned_pad,400,300,False,0.1931707328185439,2352551,17586.0,91038.63583993087
binned_pad,400,300,False,0.12068790849298239,2364218,11667.0,96670.82763869753
binned_pad,400,300,False,0.03399201016873121,2367123,2905.0,85461.25944244009
binned_pad,400,300,False,0.02702817041426897,2369478,2355.0,87131.31388119138
binned_pad,400,300,False,0.008182798512279987,2369971,493.0,60248.336710252755
binned_pad,400,300,False,0.011136372573673725,2370853,882.0,79199.93643936081
binned_pad,400,300,False,0.13830981962382793,2384002,13149.0,95069.17177509425
binned_pad,400,300,False,0.04881663620471954,2387995,3993.0,81795.88579710375
binned_pad,400,300,False,0.04279595986008644,2391365,3370.0,78745.75102457331
binned_pad,400,300,False,0.028156721964478493,2393925,2560.0,90919.67464215486
binned_pad,400,300,False,0.09353411849588156,2402670,8745.0,93495.29498570145
binned_pad,400,300,False,0.12653194647282362,2413897,11227.0,88728.58051236351
binned_pad,400,300,False,0.039249805733561516,2417578,3681.0,93783.90367044466
binned_pad,400,300,False,0.11520498339086771,2429103,11525.0,100039.07522730988
binned_pad,400,300,False,0.010067020542919636,2429915,812.0,80659.41621337984
binned_pad,400,300,False,0.15310478582978249,2443297,13382.0,87404.19136785001
binned_pad,400,300,False,0.1624597068876028,2458671,15374.0,94632.69566672583
binned_pad,400,300,False,0.05016924813389778,2462699,4028.0,80288.22734695136
binned_pad,400,300,False,0.02181259635835886,2464608,1909.0,87518.23802343673
binned_pad,400,300,False,0.044219241477549076,2468421,3813.0,86229.43027948434
binned_pad,400,300,False,0.1522250659763813,2481630,13209.0,86772.83149970493
binned_pad,400,300,False,0.13235181290656328,2494814,13184.0,99613.29361848287
binned_pad,400,300,False,0.008076049387454987,2495454,640.0,79246.66743546052
binned_pad,400,300,False,0.030248355120420456,2498377,2923.0,96633.35372661977
binned_pad,400,300,False,0.059414018876850605,2503958,5581.0,93934.05976404193
binned_pad,400,300,False,0.10942255705595016,2514911,10953.0,100098.19085473838
binned_pad,400,300,False,0.008171739056706429,2515408,497.0,60819.3674016205
binned_pad,400,300,False,0.07662524934858084,2522866,7458.0,97330.84150985707
binned_pad,400,300,False,0.18502806406468153,2539005,16139.0,87224.60607034282
binned_pad,400,300,False,0.11624723393470049,2550346,11341.0,97559.31058428947
binned_pad,400,300,False,0.01697320956736803,2551674,1328.0,78240.94757853908
binned_pad,400,300,False,0.01775772962719202,2553153,1479.0,83287.67421569703
binned_pad,400,300,False,0.09372753836214542,2562732,9579.0,102200.48629665874
binned_pad,400,300,False,0.03440739028155804,2565882,3150.0,91550.09938921068
binned_pad,400,300,False,0.047558984719216824,2570479,4597.0,96658.91791299159
binned_pad,400,300,False,0.01939496211707592,2572046,1567.0,80794.17688680944
binned_pad,400,300,False,0.02333630621433258,2573969,1923.0,82403.78671492325
binned_pad,400,300,False,0.032450067810714245,2577101,3132.0,96517.51787606088
binned_pad,400,300,False,0.09068079479038715,2586509,9408.0,103748.53927721991
binned_pad,400,300,False,0.0840833866968751,2594454,7945.0,94489.53368924269
binned_pad,400,300,False,0.014402137137949467,2595692,1238.0,85959.46477539671
binned_pad,400,300,False,0.008023559115827084,2596134,442.0,55087.7725980882
binned_pad,400,300,False,0.028139163739979267,2598515,2381.0,84615.16561052408
binned_pad,400,300,False,0.16574576124548912,2613450,14935.0,90107.88503893922
binned_pad,400,300,False,0.11285626981407404,2625565,12115.0,107348.93169833589
binned_pad,400,300,False,0.12651084549725056,2636136,10571.0,83558.05352853908
binned_pad,400,300,False,0.02820675168186426,2638602,2466.0,87425.87688980624
binned_pad,400,300,False,0.034562550485134125,2641543,2941.0,85092.09993819665
binned_pad,400,300,False,0.028602792881429195,2643881,2338.0,81740.26954962089
binned_pad,400,300,False,0.007964499294757843,2644228,347.0,43568.338342172
binned_pad,400,300,False,0.025765899568796158,2646274,2046.0,79407.2799413459
binned_pad,400,300,False,0.042693148367106915,2649432,3158.0,73969.71459788363
binned_pad,400,300,False,0.12637106608599424,2661389,11957.0,94618.17780237275
binned_pad,400,300,False,0.026271280832588673,2663272,1883.0,71675.22634314043
binned_pad,400,300,False,0.015836249105632305,2664548,1276.0,80574.63553955962
binned_pad,400,300,False,0.04016461595892906,2668770,4222.0,105117.39996013581
binned_pad,400,300,False,0.029718535020947456,2671425,2655.0,89338.18568541795
binned_pad,400,300,False,0.0418996075168252,2675234,3809.0,90907.772786904
binned_pad,400,300,False,0.03512512054294348,2678741,3507.0,99843.07372589344
binned_pad,400,300,False,0.039425116032361984,2682462,3721.0,94381.45970060377
binned_pad,400,300,False,0.03441269975155592,2685894,3432.0,99730.62342616194
binned_pad,400,300,False,0.007997250184416771,2686534,640.0,80027.50761093944
binned_pad,400,300,False,0.11507414281368256,2697157,10623.0,92314.39609504442
binned_pad,400,300,False,0.03698595333844423,2700470,3313.0,89574.54657675067
binned_pad,400,300,False,0.09082318376749754,2709873,9403.0,103530.83441856843
binned_pad,400,300,False,0.01627420913428068,2711264,1391.0,85472.66343468199
binned_pad,400,300,False,0.13309599459171295,2721098,9834.0,73886.52100438417
binned_pad,400,300,False,0.008105329237878323,2721605,507.0,62551.438087259485
binned_pad,400,300,False,0.1369870575144887,2735022,13417.0,97943.55936567894
binned_pad,400,300,False,0.09671037178486586,2744736,9714.0,100444.24212957206
binned_pad,400,300,False,0.043207500129938126,2748904,4168.0,96464.73384170695
binned_pad,400,300,False,0.051303278654813766,2753162,4258.0,82996.64488597891
binned_pad,400,300,False,0.0633061034604907,2759790,6628.0,104697.64584605227
binned_pad,400,300,False,0.043652419932186604,2763236,3446.0,78941.78616794465
binned_pad,400,300,False,0.13696637749671936,2775983,12747.0,93066.63600930321
binned_pad,400,300,False,0.08422958664596081,2784144,8161.0,96889.94479223598
binned_pad,400,300,False,0.009086060337722301,2784657,513.0,56460.113727199736
binned_pad,400,300,False,0.05535608436912298,2789913,5256.0,94948.91229936306
binned_pad,400,300,False,0.00808726903051138,2790486,573.0,70852.10073242335
binned_pad,400,300,False,0.11559677310287952,2801780,11294.0,97701.68921539442
binned_pad,400,300,False,0.06073363032191992,2808199,6419.0,105691.0309160831
binned_pad,400,300,False,0.15602879039943218,2821385,13186.0,84510.0443722211
binned_pad,400,300,False,0.02830230351537466,2823479,2094.0,73986.9106011981
binned_pad,400,300,False,0.18198165949434042,2839710,16231.0,89190.30656770541
binned_pad,400,300,False,0.010699601843953133,2840558,848.0,79255.28560478595
binned_pad,400,300,False,0.05209411960095167,2845734,5176.0,99358.62319296098
binned_pad,400,300,False,0.012734773568809032,2846774,1040.0,81666.15561561663
binned_pad,400,300,False,0.02138616517186165,2848542,1768.0,82670.26770775179
binned_pad,400,300,False,0.17717694398015738,2865365,16823.0,94950.27751400917
binned_pad,400,300,False,0.11456969194114208,2877449,12084.0,105472.92041430919
binned_pad,400,300,False,0.034372949972748756,2880481,3032.0,88208.89689141614
binned_pad,400,300,False,0.1287524774670601,2892682,12201.0,94763.22506587488
binned_pad,400,300,False,0.052755121141672134,2897430,4748.0,90000.74110813627
binned_pad,400,300,False,0.01927876193076372,2899124,1694.0,87868.71304722277
binned_pad,400,300,False,0.019510332494974136,2900799,1675.0,85851.94539516332
binned_pad,400,300,False,0.00937610026448965,2901498,699.0,74551.25055001181
binned_pad,400,300,False,0.032505517825484276,2904771,3273.0,100690.59713406482
binned_pad,400,300,False,0.03331754822283983,2908110,3339.0,100217.45830958383
binned_pad,400,300,False,0.011158052831888199,2908974,864.0,77432.86512596584
binned_pad,400,300,False,0.17984757758677006,2923605,14631.0,81352.22167749834
binned_pad,400,300,False,0.15018877293914557,2938682,15077.0,100386.99767597804
binned_pad,400,300,False,0.1444902354851365,2952220,13538.0,93694.91270150662
binned_pad,400,300,False,0.08288230560719967,2961218,8998.0,108563.58222759646
binned_pad,400,300,False,0.08351513650268316,2968642,7424.0,88894.06532624757
binned_pad,400,300,False,0.008257849141955376,2969166,524.0,63454.77993025216
binned_pad,400,300,False,0.13268368318676949,2982736,13570.0,102273.31405097088
binned_pad,400,300,False,0.07753176055848598,2989931,7195.0,92800.67869183057
binned_pad,400,300,False,0.05357768200337887,2995378,5447.0,101665.4658493155
binned_pad,400,300,False,0.08150956407189369,3002937,7559.0,92737.58344889138
binned_pad,400,300,False,0.026517769321799278,3005084,2147.0,80964.57790041302
binned_pad,400,300,False,0.01173713430762291,3006122,1038.0,88437.26013477164
binned_pad,400,300,False,0.035456281155347824,3009655,3533.0,99643.83981841034
binned_pad,400,300,False,0.021868225187063217,3011686,2031.0,92874.4780441303
binned_pad,400,300,False,0.11643702536821365,3022663,10977.0,94274.13630060521
binned_pad,400,300,False,0.010126671753823757,3023446,783.0,77320.56681943353
binned_pad,400,300,False,0.008078798651695251,3023912,466.0,57681.84356249735
binned_pad,400,300,False,0.13476039469242096,3037707,13795.0,102366.87144977502
binned_pad,400,300,False,0.04816949553787708,3042197,4490.0,93212.51862538983
binned_pad,400,300,False,0.12733963690698147,3055062,12865.0,101029.03002148162
binned_pad,400,300,False,0.12316528335213661,3066719,11657.0,94645.17664991658
binned_pad,400,300,False,0.12928536906838417,3079872,13153.0,101736.18325707727
binned_pad,400,300,False,0.09043845441192389,3089931,10059.0,111224.81100996977
binned_pad,400,300,False,0.043779720552265644,3094388,4457.0,101805.126752216
binned_pad,400,300,False,0.1466202288866043,3108614,14226.0,97026.17509213104
binned_pad,400,300,False,0.041116287000477314,3112389,3775.0,91812.76509613275
binned_pad,400,300,False,0.0662935571745038,3118248,5859.0,88379.62917840444
binned_pad,400,300,False,0.17971491627395153,3134186,15938.0,88684.90345956945
binned_pad,400,300,False,0.023837327025830746,3136094,1908.0,80042.53152765165
binned_pad,400,300,False,0.03819934464991093,3139561,3467.0,90760.71937291951
binned_pad,400,300,False,0.02638884074985981,3141520,1959.0,74235.92489603421
binned_pad,400,300,False,0.13186888210475445,3155027,13507.0,102427.50059312904
binned_pad,400,300,False,0.1714892080053687,3172205,17178.0,100169.56868482487
binned_pad,400,300,False,0.03430722840130329,3175568,3363.0,98025.9891781944
binned_pad,400,300,False,0.028099683113396168,3178052,2484.0,88399.57340357993
binned_pad,400,300,False,0.11004730686545372,3189357,11305.0,102728.54758564645
binned_pad,400,300,False,0.15413155872374773,3204927,15570.0,101017.59904930528
binned_pad,400,300,False,0.021532494574785233,3206916,1989.0,92372.01909383686
binned_pad,400,300,False,0.03345610946416855,3209852,2936.0,87756.76691112135
binned_pad,400,300,False,0.016437849029898643,3211001,1149.0,69899.65645201481
binned_pad,400,300,False,0.03548858128488064,3214642,3641.0,102596.38081252889
binned_pad,400,300,False,0.055835725739598274,3220092,5450.0,97607.75789710747
binned_pad,400,300,False,0.1298258500173688,3232040,11948.0,92030.97840993556
binned_pad,400,300,False,0.017137459479272366,3233285,1245.0,72647.87417912314
binned_pad,400,300,False,0.007941358722746372,3233692,407.0,51250.67563491787
binned_pad,400,300,False,0.027089152485132217,3235783,2091.0,77189.56881901853
binned_pad,400,300,False,0.007937508635222912,3236239,456.0,57448.75639901512
binned_pad,400,300,False,0.12041486892849207,3248622,12383.0,102836.13734906442
binned_pad,400,300,False,0.03304724767804146,3251353,2731.0,82639.25718130644
binned_pad,400,300,False,0.0926266172900796,3260196,8843.0,95469.31820155215
binned_pad,400,300,False,0.05407844204455614,3265639,5443.0,100650.08891187029
binned_pad,400,300,False,0.06362770404666662,3272022,6383.0,100317.93690557341
binned_pad,400,300,False,0.09586591180413961,3280323,8301.0,86589.6943322199
binned_pad,400,300,False,0.027681811712682247,3282812,2489.0,89914.63513421993
binned_pad,400,300,False,0.009854321368038654,3283602,790.0,80167.87463033966
binned_pad,400,300,False,0.033048829063773155,3286514,2912.0,88112.0476123622
binned_pad,400,300,False,0.037458352744579315,3289644,3130.0,83559.46726602786
binned_pad,400,300,False,0.008106999099254608,3290035,391.0,48229.930115071824
binned_pad,400,300,False,0.1800896469503641,3300052,10017.0,55622.29794787072
binned_pad,400,300,False,0.008129709400236607,3300660,608.0,74787.42105865492
binned_pad,400,300,False,0.09480821900069714,3309579,8919.0,94074.12241268257
binned_pad,400,300,False,0.011141232214868069,3310395,816.0,73241.44980220779
binned_pad,400,300,False,0.10697006434202194,3321217,10822.0,101168.49107800997
binned_pad,400,300,False,0.11206862982362509,3332500,11283.0,100679.37850009692
binned_pad,400,300,False,0.13688728865236044,3346663,14163.0,103464.6835322191
binned_pad,400,300,False,0.12484723329544067,3359125,12462.0,99817.99092423382
binned_pad,400,300,False,0.011096812784671783,3359934,809.0,72903.81623068251
binned_pad,400,300,False,0.09751622192561626,3370384,10450.0,107161.65775957855
binned_pad,400,300,False,0.08956700377166271,3379243,8859.0,98909.1923023869
binned_pad,400,300,False,0.04447864182293415,3383793,4550.0,102296.2890394266
binned_pad,400,300,False,0.15181017480790615,3396999,13206.0,86990.2166749382
binned_pad,400,300,False,0.07092838175594807,3403925,6926.0,97647.79385255303
binned_pad,400,300,False,0.026289490051567554,3406012,2087.0,79385.33596149231
binned_pad,400,300,False,0.1399918608367443,3419671,13659.0,97569.95812727178
binned_pad,400,300,False,0.10017690435051918,3429543,9872.0,98545.66842530742
binned_pad,400,300,False,0.0542604923248291,3435006,5463.0,100680.98843069622
binned_pad,400,300,False,0.15460477955639362,3451282,16276.0,105274.88248876011
binned_pad,400,300,False,0.06865303870290518,3458378,7096.0,103360.31928182837
binned_pad,400,300,False,0.022289466112852097,3460610,2232.0,100136.98796998237
binned_pad,400,300,False,0.1494174525141716,3474843,14233.0,95256.60999105885
binned_pad,400,300,False,0.14499046746641397,3487864,13021.0,89805.90398479972
binned_pad,400,300,False,0.036184041760861874,3491093,3229.0,89238.2343946059
binned_pad,400,300,False,0.04172476753592491,3494357,3264.0,78226.91875250604
binned_pad,400,300,False,0.0745218163356185,3501429,7072.0,94898.38476494382
binned_pad,400,300,False,0.1101073669269681,3510630,9201.0,83563.8909256892
binned_pad,400,300,False,0.036383721977472305,3513808,3178.0,87346.7536380066
binned_pad,400,300,False,0.029226512648165226,3516274,2466.0,84375.44464117958
binned_pad,400,300,False,0.1270718052983284,3529342,13068.0,102839.49275230692
binned_pad,400,300,False,0.15664056036621332,3544580,15238.0,97280.04014014476
binned_pad,400,300,False,0.13075915165245533,3556328,11748.0,89844.57188300672
binned_pad,400,300,False,0.050023567862808704,3561363,5035.0,100652.55668705309
binned_pad,400,300,False,0.01984991319477558,3563064,1701.0,85693.0699549707
binned_pad,400,300,False,0.010959583334624767,3563993,929.0,84765.99626420076
binned_pad,400,300,False,0.03788502421230078,3567314,3321.0,87659.96773262492
binned_pad,400,300,False,0.022853377275168896,3569423,2109.0,92283.95324709895
binned_pad,400,300,False,0.009976670145988464,3570239,816.0,81790.81678149967
binned_pad,400,300,False,0.03534114174544811,3573206,2967.0,83953.14507296996
binned_pad,400,300,False,0.3605387359857559,3590268,17062.0,47323.62516707242
binned_pad,400,300,False,0.1336105139926076,3603599,13331.0,99775.08207728007
binned_pad,400,300,False,0.07138332258909941,3609851,6252.0,87583.48271329573
binned_pad,400,300,False,0.011579773388803005,3610688,837.0,72281.20723064688
binned_pad,400,300,False,0.10017808619886637,3619788,9100.0,90838.22964969935
binned_pad,400,300,False,0.008102279156446457,3620249,461.0,56897.57055990995
binned_pad,400,300,False,0.022423976100981236,3622460,2211.0,98599.81967708441
binned_pad,400,300,False,0.03330454882234335,3624463,2003.0,60141.93468539732
binned_pad,400,300,False,0.038865325041115284,3628453,3990.0,102662.20585519391
binned_pad,400,300,False,0.07569645717740059,3636794,8341.0,110190.09754250733
binned_pad,400,300,False,0.052102419547736645,3641918,5124.0,98344.76103946289
binned_pad,400,300,False,0.008141149766743183,3642470,552.0,67803.69061074579
binned_pad,400,300,False,0.008156158961355686,3642957,487.0,59709.47872735583
binned_pad,400,300,False,0.008103248663246632,3643426,469.0,57878.021456655064
binned_pad,400,300,False,0.027313602156937122,3645953,2527.0,92518.0056984242
binned_pad,400,300,False,0.1676667332649231,3661575,15622.0,93172.9252177672
binned_pad,400,300,False,0.0661492059007287,3668121,6546.0,98958.10404472126
binned_pad,400,300,False,0.06313141342252493,3674537,6416.0,101629.27855042776
binned_pad,400,300,False,0.1863722950220108,3689973,15436.0,82823.4690042154
binned_pad,400,300,False,0.02783570159226656,3692384,2411.0,86615.38463502695
binned_pad,400,300,False,0.0631019426509738,3698804,6420.0,101740.13239988462
binned_pad,400,300,False,0.06541908532381058,3704966,6162.0,94192.69574772268
binned_pad,400,300,False,0.13839096948504448,3719558,14592.0,105440.40593325648
binned_pad,400,300,False,0.05218502040952444,3723125,3567.0,68352.94826001402
binned_pad,400,300,False,0.03557763062417507,3726177,3052.0,85784.23988488317
binned_pad,400,300,False,0.16239046771079302,3740864,14687.0,90442.50076400176
binned_pad,400,300,False,0.008052670396864414,3741333,469.0,58241.54931047735
binned_pad,400,300,False,0.08003577217459679,3749365,8032.0,100355.12598639415
binned_pad,400,300,False,0.08521574921905994,3757454,8089.0,94923.76789654228
binned_pad,400,300,False,0.011194653809070587,3758312,858.0,76643.72785738103
binned_pad,400,300,False,0.00813811831176281,3758797,485.0,59596.086149175615
binned_pad,400,300,False,0.05132755916565657,3763923,5126.0,99868.37643021652
binned_pad,400,300,False,0.034795939922332764,3766903,2980.0,85642.17568634707
binned_pad,400,300,False,0.16171179618686438,3781144,14241.0,88064.07655965902
binned_pad,400,300,False,0.007993699051439762,3781500,356.0,44535.07665338991
binned_pad,400,300,False,0.036165750585496426,3784731,3231.0,89338.66842779506
binned_pad,400,300,False,0.008215930312871933,3785233,502.0,61100.810362706514
binned_pad,400,300,False,0.05108026880770922,3789413,4180.0,81831.98909417524
binned_pad,400,300,False,0.07411965634673834,3796754,7341.0,99042.55310707526
binned_pad,400,300,False,0.1816539503633976,3811523,14769.0,81302.93874949985
binned_pad,400,300,False,0.027850531972944736,3813828,2305.0,82763.23059965896
binned_pad,400,300,False,0.009611922316253185,3814569,741.0,77091.75913199104
binned_pad,400,300,False,0.09156541619449854,3822807,8238.0,89968.4656322783
binned_pad,400,300,False,0.07551439758390188,3830129,7322.0,96961.64220690148
binned_pad,400,300,False,0.011757563799619675,3831084,955.0,81224.30941271113
binned_pad,400,300,False,0.055909243412315845,3836444,5360.0,95869.65719552706
binned_pad,400,300,False,0.15387680754065514,3850485,14041.0,91248.31886241393
binned_pad,400,300,False,0.04114066623151302,3854395,3910.0,95039.7832158831
binned_pad,400,300,False,0.04135196842253208,3857886,3491.0,84421.61602391352
binned_pad,400,300,False,0.15272136684507132,3874002,16116.0,105525.50918660208
binned_pad,400,300,False,0.025854569859802723,3876420,2418.0,93523.1184704169
binned_pad,400,300,False,0.008130379021167755,3876969,549.0,67524.5272785755
binned_pad,400,300,False,0.016518879681825638,3878152,1183.0,71615.0261268358
binned_pad,400,300,False,0.012209714390337467,3879207,1055.0,86406.60758083798
binned_pad,400,300,False,0.16853472404181957,3895863,16656.0,98828.29840969178
binned_pad,400,300,False,0.055592454969882965,3901282,5419.0,97477.25663375949
binned_pad,400,300,False,0.03286285791546106,3904379,3097.0,94240.12993535012
binned_pad,400,300,False,0.06154070049524307,3910033,5654.0,91874.15733815117
binned_pad,400,300,False,0.03131736535578966,3912551,2518.0,80402.67664260895
binned_pad,400,300,False,0.02254542615264654,3914798,2247.0,99665.44809516636
binned_pad,400,300,False,0.1354926461353898,3928866,14068.0,103828.51321644924
binned_pad,400,300,False,0.037059422582387924,3931938,3072.0,82893.89812187558
binned_pad,400,300,False,0.011687993071973324,3932989,1051.0,89921.34009047253
binned_pad,400,300,False,0.1351232649758458,3945713,12724.0,94165.87145281384
binned_pad,400,300,False,0.03217987809330225,3948689,2976.0,92480.15145897675
binned_pad,400,300,False,0.04661597404628992,3952309,3620.0,77655.78375355453
binned_pad,400,300,False,0.1438572658225894,3963859,11550.0,80287.91548314235
binned_pad,400,300,False,0.13651935756206512,3977507,13648.0,99971.17070958437
binned_pad,400,300,False,0.13787597883492708,3991416,13909.0,100880.51680599593
binned_pad,400,300,False,0.08802559040486813,3999227,7811.0,88735.55933080142
binned_pad,400,300,False,0.00806679017841816,3999644,417.0,51693.42337868651
binned_pad,400,300,False,0.00805612001568079,4000093,449.0,55734.02570046703
binned_pad,400,300,False,0.17867248598486185,4015860,15767.0,88245.26010868774
binned_pad,400,300,False,0.14648064970970154,4030862,15002.0,102416.25791346013
binned_pad,400,300,False,0.13394792564213276,4044240,13378.0,99874.63363741712
binned_pad,400,300,False,0.0818230053409934,4050533,6293.0,76909.91028469594
binned_pad,400,300,False,0.13323654420673847,4063806,13273.0,99619.81586226638
binned_pad,400,300,False,0.048610285855829716,4067804,3998.0,82245.96769205235
binned_pad,400,300,False,0.17423925083130598,4083514,15710.0,90163.38124186509
binned_pad,400,300,False,0.00811901967972517,4083966,452.0,55671.74583019366
binned_pad,400,300,False,0.14712949004024267,4098777,14811.0,100666.42653317777
binned_pad,400,300,False,0.036832152865827084,4102206,3429.0,93098.0063123443
binned_pad,400,300,False,0.11255978047847748,4113107,10901.0,96846.31538602171
binned_pad,400,300,False,0.008289000019431114,4113593,486.0,58631.921686659
binned_pad,400,300,False,0.035830301232635975,4116587,2994.0,83560.55899616383
binned_pad,400,300,False,0.1874706456437707,4131920,15333.0,81788.80457442692
binned_pad,400,300,False,0.058927398175001144,4137707,5787.0,98205.59161315605
binned_pad,400,300,False,0.0441698906943202,4141291,3584.0,81141.246755697
binned_pad,400,300,False,0.10403142124414444,4151232,9941.0,95557.66787680547
binned_pad,400,300,False,0.00800164882093668,4151569,337.0,42116.31971628449
binned_pad,400,300,False,0.007951338775455952,4151946,377.0,47413.399258464095
binned_pad,400,300,False,0.00995246134698391,4152746,800.0,80382.12579870403
binned_pad,400,300,False,0.055471234023571014,4157332,4586.0,82673.48078197255
binned_pad,400,300,False,0.017076720483601093,4158833,1501.0,87897.43917407455
binned_pad,400,300,False,0.04844672605395317,4163542,4709.0,97199.55058997746
binned_pad,400,300,False,0.17537238262593746,4179031,15489.0,88320.63388816151
binned_pad,400,300,False,0.013028474524617195,4180193,1162.0,89189.25986341767
binned_pad,400,300,False,0.008169710636138916,4180712,519.0,63527.34180133513
binned_pad,400,300,False,0.010317010805010796,4181534,822.0,79674.2404884144
binned_pad,400,300,False,0.022782965563237667,4183858,2324.0,102006.03576164728
binned_pad,400,300,False,0.1694336859509349,4199386,15528.0,91646.47462427657
binned_pad,400,300,False,0.008033978752791882,4200026,640.0,79661.64956281395
binned_pad,400,300,False,0.0627396022900939,4204566,4540.0,72362.58813066833
binned_pad,400,300,False,0.15970812551677227,4217871,13305.0,83308.22215180738
binned_pad,400,300,False,0.09759745188057423,4227548,9677.0,99152.17880730458
binned_pad,400,300,False,0.04624533373862505,4230636,3088.0,66774.30456990818
binned_pad,400,300,False,0.18028051778674126,4245564,14928.0,82804.28846814572
binned_pad,400,300,False,0.028184441849589348,4248277,2713.0,96258.78044625989
binned_pad,400,300,False,0.06648704688996077,4253795,5518.0,82993.609403837
binned_pad,400,300,False,0.15244778618216515,4268240,14445.0,94753.75380485466
binned_pad,400,300,False,0.008278879337012768,4268826,586.0,70782.52697561888
binned_pad,400,300,False,0.06461744476109743,4274946,6120.0,94711.26601534252
binned_pad,400,300,False,0.15417671762406826,4288767,13821.0,89643.8853608233
binned_pad,400,300,False,0.08663977030664682,4297264,8497.0,98072.74384415269
binned_pad,400,300,False,0.10300258919596672,4307172,9908.0,96191.75670574278
binned_pad,400,300,False,0.04165695793926716,4310977,3805.0,91341.28338289646
binned_pad,400,300,False,0.06739940866827965,4315511,4534.0,67270.61987019847
binned_pad,400,300,False,0.08177517354488373,4323479,7968.0,97437.88554146723
binned_pad,400,300,False,0.020825324580073357,4325336,1857.0,89170.27885254976
binned_pad,400,300,False,0.15009120386093855,4341129,15793.0,105222.68856363108
binned_pad,400,300,False,0.033706058748066425,4344046,2917.0,86542.30450978894
binned_pad,400,300,False,0.09609679970890284,4353596,9550.0,99378.95985016081
binned_pad,400,300,False,0.13616832718253136,4366912,13316.0,97790.72913299526
binned_pad,400,300,False,0.13298066332936287,4379638,12726.0,95698.1239331059
binned_pad,400,300,False,0.09265815746039152,4386163,6525.0,70420.13546178311
binned_pad,400,300,False,0.0918682161718607,4395750,9587.0,104356.0047151161
binned_pad,400,300,False,0.017298249527812004,4397174,1424.0,82320.46819017745
binned_pad,400,300,False,0.04123685695230961,4400706,3532.0,85651.5326588725
binned_pad,400,300,False,0.09628341067582369,4408642,7936.0,82423.3369413937
binned_pad,400,300,False,0.03362475894391537,4411829,3187.0,94781.34862812777
binned_pad,400,300,False,0.13646720722317696,4425031,13202.0,96741.18983331721
binned_pad,400,300,False,0.0628964938223362,4430730,5699.0,90609.18429090772
binned_pad,400,300,False,0.008267268538475037,4431245,515.0,62293.851663731715
binned_pad,400,300,False,0.0124152647331357,4432296,1051.0,84653.8533483652
binned_pad,400,300,False,0.03379059862345457,4435710,3414.0,101034.01949293347
binned_pad,400,300,False,0.11544731352478266,4444997,9287.0,80443.62156600892
binned_pad,400,300,False,0.1071063531562686,4456037,11040.0,103075.11809213218
binned_pad,400,300,False,0.16350531857460737,4470517,14480.0,88559.81032441331
binned_pad,400,300,False,0.03458113968372345,4473425,2908.0,84092.08101862326
binned_pad,400,300,False,0.05516124423593283,4478468,5043.0,91422.88340035154
binned_pad,400,300,False,0.0952606201171875,4488083,9615.0,100933.62806343104
binned_pad,400,300,False,0.018009101040661335,4489430,1347.0,74795.51572056342
binned_pad,400,300,False,0.012326603755354881,4490533,1103.0,89481.25711600314
binned_pad,400,300,False,0.06824369914829731,4496570,6037.0,88462.3793162394
binned_pad,400,300,False,0.1046195114031434,4505422,8852.0,84611.36819774931
binned_pad,400,300,False,0.12413599248975515,4517112,11690.0,94170.9150226093
binned_pad,400,300,False,0.11812639608979225,4528823,11711.0,99139.56903500242
binned_pad,400,300,False,0.03984860610216856,4532636,3813.0,95687.16130807137
binned_pad,400,300,False,0.104917261749506,4542802,10166.0,96895.39957944877
binned_pad,400,300,False,0.05425292253494263,4547589,4787.0,88234.87798130767
binned_pad,400,300,False,0.07400957588106394,4553889,6300.0,85124.11975072425
binned_pad,400,300,False,0.017865650355815887,4555377,1488.0,83288.31978487727
binned_pad,400,300,False,0.06120725069195032,4561272,5895.0,96312.11879894618
binned_pad,400,300,False,0.011574722826480865,4562179,907.0,78360.40772613134
binned_pad,400,300,False,0.033138628117740154,4565452,3273.0,98766.91299263109
binned_pad,400,300,False,0.12942743953317404,4576526,11074.0,85561.45466480916
binned_pad,400,300,False,0.0161886690184474,4577829,1303.0,80488.39583508678
binned_pad,400,300,False,0.08733637072145939,4586585,8756.0,100256.05515399057
binned_pad,400,300,False,0.019808863289654255,4587942,1357.0,68504.68803572045
binned_pad,400,300,False,0.12649105582386255,4600202,12260.0,96923.84904330247
binned_pad,400,300,False,0.008010638877749443,4600842,640.0,79893.75251675375
binned_pad,400,300,False,0.14286618493497372,4613780,12938.0,90560.26802905668
binned_pad,400,300,False,0.038519034162163734,4617384,3604.0,93564.13208148706
binned_pad,400,300,False,0.007882428355515003,4617761,377.0,47827.90061596043
binned_pad,400,300,False,0.03717392310500145,4621236,3475.0,93479.50686249918
binned_pad,400,300,False,0.00824125949293375,4621770,534.0,64795.9211159246
binned_pad,400,300,False,0.05564471427351236,4627592,5822.0,104628.08689039043
binned_pad,400,300,False,0.033568439073860645,4630601,3009.0,89637.76937555234
binned_pad,400,300,False,0.02805065270513296,4633171,2570.0,91619.97145006605
binned_pad,400,300,False,0.16921510454267263,4647961,14790.0,87403.54497296228
binned_pad,400,300,False,0.02355186641216278,4650013,2052.0,87126.85288246605
binned_pad,400,300,False,0.06577423587441444,4654528,4515.0,68643.89893667001
binned_pad,400,300,False,0.14482668694108725,4667418,12890.0,89002.93359084715
binned_pad,400,300,False,0.023040846921503544,4669521,2103.0,91272.68659718032
binned_pad,400,300,False,0.07072351220995188,4675632,6111.0,86406.90781672024
binned_pad,400,300,False,0.0385067043825984,4678863,3231.0,83907.46629202898
binned_pad,400,300,False,0.01651394832879305,4680339,1476.0,89378.98863511074
binned_pad,400,300,False,0.08713020011782646,4688615,8276.0,94984.28775336608
binned_pad,400,300,False,0.00972922146320343,4689354,739.0,75956.74564454594
binned_pad,400,300,False,0.03185373730957508,4692085,2731.0,85735.6225882818
binned_pad,400,300,False,0.054197763092815876,4697603,5518.0,101812.32001310092
binned_pad,400,300,False,0.0080729890614748,4698195,592.0,73330.95529945528
binned_pad,400,300,False,0.04454042203724384,4701752,3557.0,79860.0425704477
binned_pad,400,300,False,0.008185219019651413,4702358,606.0,74035.89305858403
binned_pad,400,300,False,0.13969876058399677,4714222,11864.0,84925.59239898571
binned_pad,400,300,False,0.05876157712191343,4718201,3979.0,67714.31596780861
binned_pad,400,300,False,0.0635536927729845,4724589,6388.0,100513.43551063362
binned_pad,400,300,False,0.012864755466580391,4725787,1198.0,93122.64062166764
binned_pad,400,300,False,0.09862157423049212,4734910,9123.0,92505.11433409389
binned_pad,400,300,False,0.01976862270385027,4736696,1786.0,90345.19130420485
binned_pad,400,300,False,0.02534469962120056,4738603,1907.0,75242.5567673651
binned_pad,400,300,False,0.08521453756839037,4746376,7773.0,91216.83015367709
binned_pad,400,300,False,0.07118891272693872,4753311,6935.0,97416.85515834145
binned_pad,400,300,False,0.008097679354250431,4753787,476.0,58782.273189188454
binned_pad,400,300,False,0.011715533211827278,4754708,921.0,78613.57936915883
binned_pad,400,300,False,0.12732285726815462,4768386,13678.0,107427.68654015334
binned_pad,400,300,False,0.018001921474933624,4769906,1520.0,84435.43107975947
binned_pad,400,300,False,0.030627314932644367,4772099,2193.0,71602.75083933568
binned_pad,400,300,False,0.023705937899649143,4773895,1796.0,75761.60907881994
binned_pad,400,300,False,0.15645689144730568,4789586,15691.0,100289.60600488917
binned_pad,400,300,False,0.029425623826682568,4792142,2556.0,86863.06924382926
binned_pad,400,300,False,0.1017698273062706,4800565,8423.0,82765.19890960857
binned_pad,400,300,False,0.07417142670601606,4807733,7168.0,96640.98856303382
binned_pad,400,300,False,0.07989960350096226,4812407,4674.0,58498.412948240846
binned_pad,400,300,False,0.17852095607668161,4828337,15930.0,89233.22141047381
binned_pad,400,300,False,0.008048320189118385,4828698,361.0,44854.08029467874
binned_pad,400,300,False,0.03178164642304182,4831247,2549.0,80203.52268949682
binned_pad,400,300,False,0.1321083316579461,4845175,13928.0,105428.62683378874
binned_pad,400,300,False,0.011961402371525764,4846112,937.0,78335.29638886973
binned_pad,400,300,False,0.043736400082707405,4850120,4008.0,91639.91532043561
binned_pad,400,300,False,0.05541769415140152,4856068,5948.0,107330.34080685535
binned_pad,480,300,True,0.010302301496267319,513,513.0,49794.69880452128
binned_pad,480,300,True,0.09244545735418797,11854,11341.0,122677.74236379209
binned_pad,480,300,True,0.006140426732599735,12317,463.0,75401.92565801936
binned_pad,480,300,True,0.12595060653984547,26762,14445.0,114687.81609582968
binned_pad,480,300,True,0.04835204593837261,32466,5704.0,117968.12087889864
binned_pad,480,300,True,0.12202089093625546,47277,14811.0,121380.85442874997
binned_pad,480,300,True,0.02899407409131527,50508,3231.0,111436.56423806258
binned_pad,480,300,True,0.06644059624522924,59005,8497.0,127888.67770900123
binned_pad,480,300,True,0.10535276029258966,72683,13678.0,129830.48533339745
binned_pad,480,300,True,0.08723328076303005,82849,10166.0,116538.0908648389
binned_pad,480,300,True,0.10754584427922964,87844,4995.0,46445.309286252785
binned_pad,480,300,True,0.05730871669948101,94006,6162.0,107522.91021124546
binned_pad,480,300,True,0.008656589314341545,94935,929.0,107317.09294108559
binned_pad,480,300,True,0.008892299607396126,95774,839.0,94351.2968571331
binned_pad,480,300,True,0.012999034486711025,97220,1446.0,111239.0309817435
binned_pad,480,300,True,0.07513741683214903,103287,6067.0,80745.38965790096
binned_pad,480,300,True,0.07620090804994106,112694,9407.0,123449.9724574775
binned_pad,480,300,True,0.04875804577022791,117270,4576.0,93851.17733316017
binned_pad,480,300,True,0.06308531388640404,123739,6469.0,102543.67619773673
binned_pad,480,300,True,0.0761501882225275,133453,9714.0,127563.70308125264
binned_pad,480,300,True,0.04365417920053005,139073,5620.0,128739.10592119808
binned_pad,480,300,True,0.06277709268033504,143804,4731.0,75361.88437541308
binned_pad,480,300,True,0.122554711997509,156520,12716.0,103757.74046336513
binned_pad,480,300,True,0.03138360567390919,159890,3370.0,107380.9056555173
binned_pad,480,300,True,0.06508253514766693,166935,7045.0,108247.16621771836
binned_pad,480,300,True,0.12574158515781164,180756,13821.0,109915.9039760314
binned_pad,480,300,True,0.012533264234662056,182147,1391.0,110984.65443288459
binned_pad,480,300,True,0.005897996947169304,182574,427.0,72397.46032844849
binned_pad,480,300,True,0.006090937182307243,183214,640.0,105074.14226156383
binned_pad,480,300,True,0.005944336764514446,183854,640.0,107665.50169576023
binned_pad,480,300,True,0.008083978667855263,184702,848.0,104898.8418749725
binned_pad,480,300,True,0.02485018875449896,187297,2595.0,104425.7661636551
binned_pad,480,300,True,0.026281950995326042,190205,2908.0,110646.27586122339
binned_pad,480,300,True,0.10627326183021069,203800,13595.0,127924.93394735815
binned_pad,480,300,True,0.11651352420449257,217008,13208.0,113360.23084168903
binned_pad,480,300,True,0.024908418767154217,219739,2731.0,109641.64467964003
binned_pad,480,300,True,0.11518666241317987,233902,14163.0,122956.94400100478
binned_pad,480,300,True,0.00585255678743124,234249,347.0,59290.326023868045
binned_pad,480,300,True,0.14806965086609125,250016,15767.0,106483.67108165262
binned_pad,480,300,True,0.02268335595726967,252443,2427.0,106994.7500084168
binned_pad,480,300,True,0.0060052769258618355,253040,597.0,99412.56787493156
binned_pad,480,300,True,0.03241225890815258,257193,4153.0,128130.53270271778
binned_pad,480,300,True,0.11513444222509861,271261,14068.0,122187.58981344386
binned_pad,480,300,True,0.11144037917256355,284445,13184.0,118305.41225622356
binned_pad,480,300,True,0.02834654226899147,287874,3429.0,120967.13480822009
binned_pad,480,300,True,0.005882767029106617,288265,391.0,66465.32117716363
binned_pad,480,300,True,0.017086798325181007,290589,2324.0,136011.43735483172
binned_pad,480,300,True,0.17254796903580427,302037,11448.0,66346.76759147772
binned_pad,480,300,True,0.14458217658102512,317846,15809.0,109342.66154957557
binned_pad,480,300,True,0.27598191890865564,334908,17062.0,61822.89067149784
binned_pad,480,300,True,0.0460721030831337,339447,4539.0,98519.48785167698
binned_pad,480,300,True,0.007801699452102184,339997,550.0,70497.46063363174
binned_pad,480,300,True,0.029616834595799446,343336,3339.0,112739.93475567338
binned_pad,480,300,True,0.13234968297183514,357816,14480.0,109407.13777970619
binned_pad,480,300,True,0.09538437146693468,368542,10726.0,112450.28755804304
binned_pad,480,300,True,0.013026945292949677,370043,1501.0,115222.71463075517
binned_pad,480,300,True,0.008019709028303623,370822,779.0,97135.69373286585
binned_pad,480,300,True,0.07321000471711159,379123,8301.0,113386.14212737215
binned_pad,480,300,True,0.0315492358058691,383033,3910.0,123933.27128616608
binned_pad,480,300,True,0.11673126555979252,395971,12938.0,110835.77255806286
binned_pad,480,300,True,0.09852663427591324,408935,12964.0,131578.63450095852
binned_pad,480,300,True,0.025729870423674583,411210,2275.0,88418.63416096824
binned_pad,480,300,True,0.009873810224235058,412406,1196.0,121128.51805318714
binned_pad,480,300,True,0.06524479575455189,420351,7945.0,121772.16447866199
binned_pad,480,300,True,0.008879920467734337,421297,946.0,106532.48567229192
binned_pad,480,300,True,0.029539024457335472,424429,3132.0,106029.22938513718
binned_pad,480,300,True,0.04853794537484646,429789,5360.0,110429.06655001681
binned_pad,480,300,True,0.01326675619930029,431024,1235.0,93089.82402685111
binned_pad,480,300,True,0.005966216325759888,431664,640.0,107270.66620711015
binned_pad,480,300,True,0.014779207296669483,433450,1786.0,120845.45294946081
binned_pad,480,300,True,0.0629966827109456,441982,8532.0,135435.70284721634
binned_pad,480,300,True,0.04700386431068182,447445,5463.0,116224.48664839905
binned_pad,480,300,True,0.02585102990269661,450474,3029.0,117171.34719201399
binned_pad,480,300,True,0.03805667441338301,453632,3158.0,82981.50189627336
binned_pad,480,300,True,0.04095015674829483,458858,5226.0,127618.55912108594
binned_pad,480,300,True,0.05685336608439684,465930,7072.0,124390.17224594693
binned_pad,480,300,True,0.04225876834243536,469018,3088.0,73073.59208808497
binned_pad,480,300,True,0.15789689123630524,486604,17586.0,111376.48032399292
binned_pad,480,300,True,0.10945348720997572,500532,13928.0,127250.39973628712
binned_pad,480,300,True,0.10012464504688978,511606,11074.0,110602.13991084702
binned_pad,480,300,True,0.031906225718557835,515633,4027.0,126213.61221229463
binned_pad,480,300,True,0.025468729436397552,518193,2560.0,100515.41857998949
binned_pad,480,300,True,0.005918196402490139,518596,403.0,68095.07028702761
binned_pad,480,300,True,0.11586005426943302,533433,14837.0,128059.66727321305
binned_pad,480,300,True,0.11710900627076626,547737,14304.0,122142.61272892967
binned_pad,480,300,True,0.04062342643737793,552051,4314.0,106194.88256733201
binned_pad,480,300,True,0.02559260930866003,555083,3032.0,118471.70264792154
binned_pad,480,300,True,0.12697185669094324,568100,13017.0,102518.78124208361
binned_pad,480,300,True,0.0742182657122612,577660,9560.0,128809.26155110418
binned_pad,480,300,True,0.022329045459628105,579476,1816.0,81329.04755303614
binned_pad,480,300,True,0.06671996787190437,586934,7458.0,111780.62936598845
binned_pad,480,300,True,0.02994488552212715,590538,3604.0,120354.44240843396
binned_pad,480,300,True,0.006072817370295525,591023,485.0,79864.08456350437
binned_pad,480,300,True,0.08353920560330153,601845,10822.0,129543.96587621259
binned_pad,480,300,True,0.009041591547429562,602766,921.0,101862.59743859271
binned_pad,480,300,True,0.04324749018996954,606664,3898.0,90132.39803922933
binned_pad,480,300,True,0.0491170771420002,611823,5159.0,105034.75166254386
binned_pad,480,300,True,0.029635854065418243,615278,3455.0,116581.75912101018
binned_pad,480,300,True,0.042625898495316505,618312,3034.0,71177.38527748239
binned_pad,480,300,True,0.10771594475954771,629946,11634.0,108006.29401682694
binned_pad,480,300,True,0.1092671463266015,643099,13153.0,120374.70037595236
binned_pad,480,300,True,0.00603482685983181,643565,466.0,77218.45395461559
binned_pad,480,300,True,0.10859444458037615,655929,12364.0,113854.81133750621
binned_pad,480,300,True,0.1515531549230218,670987,15058.0,99357.87880924281
binned_pad,480,300,True,0.009339921176433563,671920,933.0,99893.77665778811
binned_pad,480,300,True,0.12414918467402458,686146,14226.0,114587.94544122745
binned_pad,480,300,True,0.06565766595304012,693468,7322.0,111517.82345167224
binned_pad,480,300,True,0.09033561404794455,703912,10444.0,115613.31718470383
binned_pad,480,300,True,0.060250299982726574,711008,7096.0,117775.3472104601
binned_pad,480,300,True,0.0593661991879344,718438,7430.0,125155.3931636923
binned_pad,480,300,True,0.0993147436529398,726043,7605.0,76574.73321963195
binned_pad,480,300,True,0.10713298432528973,737914,11871.0,110806.2103820041
binned_pad,480,300,True,0.1405955320224166,755560,17646.0,125508.96707860188
binned_pad,480,300,True,0.04870888590812683,761003,5443.0,111745.52442579811
binned_pad,480,300,True,0.02399301715195179,762833,1830.0,76272.19154682815
binned_pad,480,300,True,0.0059371767565608025,763268,435.0,73267.14663148756
binned_pad,480,300,True,0.12329952232539654,778345,15077.0,122279.4680437665
binned_pad,480,300,True,0.0322700971737504,781397,3052.0,94576.72171134957
binned_pad,480,300,True,0.03163104597479105,785619,4222.0,133476.45864650828
binned_pad,480,300,True,0.059951599687337875,792814,7195.0,120013.47816444714
binned_pad,480,300,True,0.026157479733228683,796136,3322.0,127000.0028244295
binned_pad,480,300,True,0.006042527034878731,796709,573.0,94827.8752734616
binned_pad,480,300,True,0.0058801667764782906,797116,407.0,69215.72388525988
binned_pad,480,300,True,0.008442000485956669,798023,907.0,107438.98931406143
binned_pad,480,300,True,0.09616710059344769,810406,12383.0,128765.45017562599
binned_pad,480,300,True,0.07294479571282864,815805,5399.0,74014.87586934856
binned_pad,480,300,True,0.03878887463361025,819069,3264.0,84147.83957593268
binned_pad,480,300,True,0.005962837487459183,819530,461.0,77312.18584601006
binned_pad,480,300,True,0.09905171394348145,831790,12260.0,123773.7290138716
binned_pad,480,300,True,0.043566491454839706,835634,3844.0,88232.94857206085
binned_pad,480,300,True,0.008852359838783741,836603,969.0,109462.33746109609
binned_pad,480,300,True,0.013116665184497833,837830,1227.0,93545.11857557758
binned_pad,480,300,True,0.13884217012673616,853452,15622.0,112516.24766265265
binned_pad,480,300,True,0.04978038743138313,859840,6388.0,128323.6296383825
binned_pad,480,300,True,0.008124709129333496,860640,800.0,98465.06345829359
binned_pad,480,300,True,0.06488228496164083,868221,7581.0,116842.37083330181
binned_pad,480,300,True,0.03938457556068897,872479,4258.0,108113.39056932858
binned_pad,480,300,True,0.11053701769560575,885986,13507.0,122194.35879114506
binned_pad,480,300,True,0.006082537584006786,886497,511.0,84010.98931860375
binned_pad,480,300,True,0.029806395061314106,889518,3021.0,101354.08840235676
binned_pad,480,300,True,0.13174882251769304,904552,15034.0,114111.07676488743
binned_pad,480,300,True,0.11678292509168386,919232,14680.0,125703.30798338057
binned_pad,480,300,True,0.005801956169307232,919364,132.0,22750.947464630903
binned_pad,480,300,True,0.106661063618958,929935,10571.0,99108.33101912838
binned_pad,480,300,True,0.007768488489091396,930676,741.0,95385.35083633335
binned_pad,480,300,True,0.00609669741243124,931151,475.0,77911.03410044087
binned_pad,480,300,True,0.05531177390366793,938077,6926.0,125217.46295937747
binned_pad,480,300,True,0.006054166704416275,938596,519.0,85726.08342968323
binned_pad,480,300,True,0.012409763410687447,939901,1305.0,105159.1361424439
binned_pad,480,300,True,0.1227380121126771,952383,12482.0,101696.28613946556
binned_pad,480,300,True,0.008876681327819824,953199,816.0,91926.24696829298
binned_pad,480,300,True,0.022050156258046627,955854,2655.0,120407.30999496329
binned_pad,480,300,True,0.1125584403052926,969763,13909.0,123571.36401565779
binned_pad,480,300,True,0.04891585558652878,974901,5138.0,105037.51673956172
binned_pad,480,300,True,0.04840168636292219,980015,5114.0,105657.47568492877
binned_pad,480,300,True,0.031925846822559834,983824,3809.0,119307.72020457224
binned_pad,480,300,True,0.012094113975763321,985127,1303.0,107738.35955335133
binned_pad,480,300,True,0.006095927208662033,985623,496.0,81365.80097203371
binned_pad,480,300,True,0.11213785037398338,999193,13570.0,121011.77216027958
binned_pad,480,300,True,0.14167099352926016,1015849,16656.0,117568.17387293848
binned_pad,480,300,True,0.12277529202401638,1029055,13206.0,107562.35869849726
binned_pad,480,300,True,0.13964368123561144,1043708,14653.0,104931.35006428951
binned_pad,480,300,True,0.02672041952610016,1047140,3432.0,128441.09714099612
binned_pad,480,300,True,0.0600689398124814,1053177,6037.0,100501.19111217615
binned_pad,480,300,True,0.13453601486980915,1069218,16041.0,119232.0139371076
binned_pad,480,300,True,0.13357296399772167,1082949,13731.0,102797.74880367413
binned_pad,480,300,True,0.02472254727035761,1084908,1959.0,79239.40759732496
binned_pad,480,300,True,0.11205119919031858,1098703,13795.0,123113.36335249066
binned_pad,480,300,True,0.022069145925343037,1101230,2527.0,114503.7514613616
binned_pad,480,300,True,0.09593277145177126,1112008,10778.0,112349.51140151804
binned_pad,480,300,True,0.005933767184615135,1112394,386.0,65051.42315000281
binned_pad,480,300,True,0.12468500342220068,1128187,15793.0,126663.18776543412
binned_pad,480,300,True,0.022068285383284092,1130730,2543.0,115233.23882363005
binned_pad,480,300,True,0.02738925162702799,1133206,2476.0,90400.42545582583
binned_pad,480,300,True,0.016682119108736515,1135472,2266.0,135834.06192162263
binned_pad,480,300,True,0.08829894196242094,1144224,8752.0,99117.83545180819
binned_pad,480,300,True,0.007029998116195202,1144656,432.0,61450.9410756156
binned_pad,480,300,True,0.10751296393573284,1157407,12751.0,118599.65099299153
binned_pad,480,300,True,0.038598314858973026,1161025,3618.0,93734.66207576978
binned_pad,480,300,True,0.01593167893588543,1162893,1868.0,117250.66815101386
binned_pad,480,300,True,0.07500085607171059,1171626,8733.0,116438.67093530392
binned_pad,480,300,True,0.05673052556812763,1178332,6706.0,118207.96533863891
binned_pad,480,300,True,0.009448250755667686,1179435,1103.0,116741.18612255793
binned_pad,480,300,True,0.008083329536020756,1180247,812.0,100453.65543759949
binned_pad,480,300,True,0.12880484946072102,1194733,14486.0,112464.7096801856
binned_pad,480,300,True,0.06558174546808004,1202894,8161.0,124440.11579368718
binned_pad,480,300,True,0.11721932515501976,1217661,14767.0,125977.52103137426
binned_pad,480,300,True,0.005858187563717365,1218017,356.0,60769.64865462536
binned_pad,480,300,True,0.045517463237047195,1223804,5787.0,127138.01667422215
binned_pad,480,300,True,0.033617328852415085,1228393,4589.0,136506.97889015428
binned_pad,480,300,True,0.017208179458975792,1230625,2232.0,129705.76029388094
binned_pad,480,300,True,0.021566844545304775,1232617,1992.0,92363.99862833293
binned_pad,480,300,True,0.040374767035245895,1236148,3531.0,87455.612980195
binned_pad,480,300,True,0.02880967315286398,1239469,3321.0,115273.78260693174
binned_pad,480,300,True,0.008201959542930126,1240252,783.0,95464.99173784946
binned_pad,480,300,True,0.12260545045137405,1253634,13382.0,109146.86052482936
binned_pad,480,300,True,0.096518331207335,1265291,11657.0,120774.98496072336
binned_pad,480,300,True,0.07822208944708109,1274694,9403.0,120209.0108620958
binned_pad,480,300,True,0.15115505550056696,1290027,15333.0,101438.88306760926
binned_pad,480,300,True,0.1169910654425621,1303686,13659.0,116752.50540141476
binned_pad,480,300,True,0.01596371829509735,1305543,1857.0,116326.28224029153
binned_pad,480,300,True,0.024541808292269707,1307348,1805.0,73547.96266453387
binned_pad,480,300,True,0.008521039970219135,1308157,809.0,94941.46287629666
binned_pad,480,300,True,0.10656532272696495,1319739,11582.0,108684.51109255006
binned_pad,480,300,True,0.02598027978092432,1323012,3273.0,125980.16755782427
binned_pad,480,300,True,0.040538227185606956,1326872,3860.0,95218.76677849612
binned_pad,480,300,True,0.13322725426405668,1342563,15691.0,117776.20192412287
binned_pad,480,300,True,0.1135104214772582,1354430,11867.0,104545.46679995855
binned_pad,480,300,True,0.009987631812691689,1355628,1198.0,119948.35437141894
binned_pad,480,300,True,0.006031357683241367,1356137,509.0,84392.2756254863
binned_pad,480,300,True,0.016925319097936153,1358344,2207.0,130396.35986946433
binned_pad,480,300,True,0.00857050996273756,1359299,955.0,111428.60858363175
binned_pad,480,300,True,0.023563777096569538,1361836,2537.0,107665.25203505432
binned_pad,480,300,True,0.1244318438693881,1375827,13991.0,112439.06354619224
binned_pad,480,300,True,0.07410011533647776,1384670,8843.0,119338.54569382562
binned_pad,480,300,True,0.1410141931846738,1399460,14790.0,104883.05939977863
binned_pad,480,300,True,0.06636335700750351,1406322,6862.0,103400.43526164799
binned_pad,480,300,True,0.009954351000487804,1407510,1188.0,119344.7970582696
binned_pad,480,300,True,0.1461044093593955,1422438,14928.0,102173.50773637023
binned_pad,480,300,True,0.10723774414509535,1435609,13171.0,122820.56196724268
binned_pad,480,300,True,0.013771076686680317,1437129,1520.0,110376.26429530937
binned_pad,480,300,True,0.0731743648648262,1446048,8919.0,121886.94792877152
binned_pad,480,300,True,0.11779334582388401,1458907,12859.0,109165.75898290414
binned_pad,480,300,True,0.11318046133965254,1471633,12726.0,112439.90216482244
binned_pad,480,300,True,0.08373422641307116,1481473,9840.0,117514.6701834693
binned_pad,480,300,True,0.08676172979176044,1490596,9123.0,105150.04739873674
binned_pad,480,300,True,0.11080947797745466,1503798,13202.0,119141.4330341497
binned_pad,480,300,True,0.006093867123126984,1504384,586.0,96162.25430581791
binned_pad,480,300,True,0.10611883271485567,1516341,11957.0,112675.57034036361
binned_pad,480,300,True,0.12228722125291824,1529231,12890.0,105407.57953229226
binned_pad,480,300,True,0.11035162676125765,1542648,13417.0,121584.07079061252
binned_pad,480,300,True,0.009020519442856312,1543506,858.0,95116.47366155642
binned_pad,480,300,True,0.03153188619762659,1547402,3896.0,123557.46737070402
binned_pad,480,300,True,0.10102925542742014,1560446,13044.0,129111.11682269961
binned_pad,480,300,True,0.04818570613861084,1565032,4586.0,95173.45220194403
binned_pad,480,300,True,0.03919746447354555,1568547,3515.0,89674.16763327333
binned_pad,480,300,True,0.005964136682450771,1569020,473.0,79307.37090445684
binned_pad,480,300,True,0.09152615536004305,1581104,12084.0,132027.8334915773
binned_pad,480,300,True,0.056872496381402016,1587520,6416.0,112813.75723289173
binned_pad,480,300,True,0.012865414842963219,1588944,1424.0,110684.34383045655
binned_pad,480,300,True,0.12860506772994995,1605220,16276.0,126557.99874214128
binned_pad,480,300,True,0.01664327923208475,1607209,1989.0,119507.69870913572
binned_pad,480,300,True,0.02362057752907276,1609092,1883.0,79718.62659506778
binned_pad,480,300,True,0.14620954915881157,1622833,13741.0,93981.54962556271
binned_pad,480,300,True,0.05018429830670357,1627561,4728.0,94212.73504921037
binned_pad,480,300,True,0.029916543513536453,1630597,3036.0,101482.31190633
binned_pad,480,300,True,0.12776241824030876,1646623,16026.0,125435.94760281261
binned_pad,480,300,True,0.016883318312466145,1648532,1909.0,113070.18944199201
binned_pad,480,300,True,0.03332422859966755,1652757,4225.0,126784.63020872897
binned_pad,480,300,True,0.009419050998985767,1653812,1055.0,112007.03766373079
binned_pad,480,300,True,0.005854097194969654,1654189,377.0,64399.34074274526
binned_pad,480,300,True,0.06157738249748945,1660300,6111.0,99240.98349339791
binned_pad,480,300,True,0.1001290362328291,1672523,12223.0,122072.48226756098
binned_pad,480,300,True,0.006097416393458843,1673037,514.0,84297.9988297021
binned_pad,480,300,True,0.02964023407548666,1676834,3797.0,128102.90196527935
binned_pad,480,300,True,0.07701318897306919,1685085,8251.0,107137.49307128807
binned_pad,480,300,True,0.12356698326766491,1700062,14977.0,121205.51626284778
binned_pad,480,300,True,0.14303310494869947,1717240,17178.0,120098.07104558832
binned_pad,480,300,True,0.030513505451381207,1721082,3842.0,125911.45930845813
binned_pad,480,300,True,0.026005560532212257,1724589,3507.0,134855.77423551364
binned_pad,480,300,True,0.03877859562635422,1728166,3577.0,92241.6075730459
binned_pad,480,300,True,0.006079797632992268,1728673,507.0,83390.9334825133
binned_pad,480,300,True,0.08891876228153706,1739574,10901.0,122595.04878717217
binned_pad,480,300,True,0.06378099229186773,1747542,7968.0,124927.50133986147
binned_pad,480,300,True,0.04062481690198183,1752666,5124.0,126129.79923978518
binned_pad,480,300,True,0.04613185301423073,1757200,4534.0,98283.5005262276
binned_pad,480,300,True,0.10967029724270105,1769947,12747.0,116230.19468790907
binned_pad,480,300,True,0.028308263048529625,1773077,3130.0,110568.4228888984
binned_pad,480,300,True,0.006027837283909321,1773579,502.0,83280.28384907408
binned_pad,480,300,True,0.056495475582778454,1780202,6623.0,117230.6265533747
binned_pad,480,300,True,0.006063046865165234,1780754,552.0,91043.33386757626
binned_pad,480,300,True,0.006020356900990009,1781251,497.0,82553.24529319374
binned_pad,480,300,True,0.012452024966478348,1782727,1476.0,118534.93740764952
binned_pad,480,300,True,0.05649841483682394,1789330,6603.0,116870.53555520935
binned_pad,480,300,True,0.11086855828762054,1801078,11748.0,105963.31531183777
binned_pad,480,300,True,0.0458885133266449,1806690,5612.0,122296.40040967344
binned_pad,480,300,True,0.07704652845859528,1814928,8238.0,106922.40344647186
binned_pad,480,300,True,0.12364799249917269,1828137,13209.0,106827.45213262059
binned_pad,480,300,True,0.05047165881842375,1834683,6546.0,129696.54957349061
binned_pad,480,300,True,0.0463043637573719,1838944,4261.0,92021.56458356748
binned_pad,480,300,True,0.0637638047337532,1846503,7559.0,118546.87830443504
binned_pad,480,300,True,0.04107690788805485,1850375,3872.0,94262.20713964637
binned_pad,480,300,True,0.06085218023508787,1856668,6293.0,103414.53626950583
binned_pad,480,300,True,0.005856366828083992,1857075,407.0,69497.01272950432
binned_pad,480,300,True,0.13375508412718773,1871837,14762.0,110365.89821111258
binned_pad,480,300,True,0.005866526626050472,1872198,361.0,61535.55979733726
binned_pad,480,300,True,0.07961274217814207,1882648,10450.0,131260.3951841905
binned_pad,480,300,True,0.07379641477018595,1890506,7858.0,106482.13770914334
binned_pad,480,300,True,0.015131557360291481,1892238,1732.0,114462.77199101444
binned_pad,480,300,True,0.1298316102474928,1907808,15570.0,119924.56975862452
binned_pad,480,300,True,0.1129430616274476,1920733,12925.0,114438.19402234927
binned_pad,480,300,True,0.11314269155263901,1933763,13030.0,115164.30996285664
binned_pad,480,300,True,0.046169173903763294,1939677,5914.0,128094.1264473858
binned_pad,480,300,True,0.016974219121038914,1941888,2211.0,130256.36020331255
binned_pad,480,300,True,0.03192611690610647,1945201,3313.0,103770.8409620691
binned_pad,480,300,True,0.14857887104153633,1961139,15938.0,107269.62648373074
binned_pad,480,300,True,0.03204297740012407,1965241,4102.0,128015.56948899875
binned_pad,480,300,True,0.0800205422565341,1974810,9569.0,119581.79400138519
binned_pad,480,300,True,0.024870208464562893,1977702,2892.0,116283.70562799094
binned_pad,480,300,True,0.07614501845091581,1986125,8423.0,110617.87325496005
binned_pad,480,300,True,0.11293101031333208,1999497,13372.0,118408.5749600468
binned_pad,480,300,True,0.06644730735570192,2008160,8663.0,130373.98120025729
binned_pad,480,300,True,0.03935186471790075,2011662,3502.0,88991.97090416345
binned_pad,480,300,True,0.028823592700064182,2014211,2549.0,88434.49970045975
binned_pad,480,300,True,0.005954865366220474,2014628,417.0,70026.77211905934
binned_pad,480,300,True,0.005978456698358059,2015201,573.0,95844.13317861287
binned_pad,480,300,True,0.005867277272045612,2015625,424.0,72265.20587668996
binned_pad,480,300,True,0.041731768287718296,2019618,3993.0,95682.50193642391
binned_pad,480,300,True,0.006043607369065285,2020226,608.0,100602.16735986182
binned_pad,480,300,True,0.00863614957779646,2021112,886.0,102592.01650211177
binned_pad,480,300,True,0.01633578911423683,2022880,1768.0,108228.62535971202
binned_pad,480,300,True,0.013264465145766735,2024368,1488.0,112179.41949773114
binned_pad,480,300,True,0.1502850130200386,2039804,15436.0,102711.50589009035
binned_pad,480,300,True,0.04365827050060034,2045401,5597.0,128200.22267998538
binned_pad,480,300,True,0.10767043381929398,2057596,12195.0,113262.2909318558
binned_pad,480,300,True,0.15161480475217104,2073735,16139.0,106447.38834298369
binned_pad,480,300,True,0.11809179745614529,2086769,13034.0,110371.76400706681
binned_pad,480,300,True,0.006113517098128796,2087397,628.0,102723.19352672066
binned_pad,480,300,True,0.12815353833138943,2100715,13318.0,103922.21840618459
binned_pad,480,300,True,0.15000768285244703,2118140,17425.0,116160.71702900616
binned_pad,480,300,True,0.008256618864834309,2118896,756.0,91562.90394120925
binned_pad,480,300,True,0.025940170511603355,2122169,3273.0,126174.96089842381
binned_pad,480,300,True,0.08732171077281237,2133168,10999.0,125959.51113024392
binned_pad,480,300,True,0.025952080264687538,2135579,2411.0,92901.99380589147
binned_pad,480,300,True,0.03332172892987728,2139962,4383.0,131535.79183191987
binned_pad,480,300,True,0.01507421862334013,2141319,1357.0,90021.24978464172
binned_pad,480,300,True,0.04199665877968073,2145916,4597.0,109461.08889558066
binned_pad,480,300,True,0.024303358048200607,2148063,2147.0,88341.70141187387
binned_pad,480,300,True,0.10672725364565849,2160928,12865.0,120540.90741164058
binned_pad,480,300,True,0.09986326657235622,2172379,11451.0,114666.78782936811
binned_pad,480,300,True,0.03236247878521681,2175373,2994.0,92514.54500350759
binned_pad,480,300,True,0.016978799365460873,2177233,1860.0,109548.38207133218
binned_pad,480,300,True,0.09787897299975157,2189501,12268.0,125338.46263416698
binned_pad,480,300,True,0.04585654381662607,2195527,6026.0,131409.81631971948
binned_pad,480,300,True,0.02217791508883238,2198211,2684.0,121021.29479932584
binned_pad,480,300,True,0.13242556247860193,2213146,14935.0,112780.34029429387
binned_pad,480,300,True,0.008785140700638294,2214083,937.0,106657.36974843456
binned_pad,480,300,True,0.025752159766852856,2217019,2936.0,114009.85496288746
binned_pad,480,300,True,0.03264475800096989,2221245,4226.0,129454.168411187
binned_pad,480,300,True,0.13240716326981783,2236619,15374.0,116111.54276201081
binned_pad,480,300,True,0.02166572492569685,2239108,2489.0,114881.91641572522
binned_pad,480,300,True,0.0396245364099741,2243475,4367.0,110209.491281285
binned_pad,480,300,True,0.024703138507902622,2246324,2849.0,115329.47520367077
binned_pad,480,300,True,0.0549349645152688,2252023,5699.0,103740.85157397346
binned_pad,480,300,True,0.038618505001068115,2257058,5035.0,130377.9107933034
binned_pad,480,300,True,0.030387895181775093,2260833,3775.0,124227.0969219358
binned_pad,480,300,True,0.112939921207726,2273982,13149.0,116424.73148016064
binned_pad,480,300,True,0.01540122739970684,2275705,1723.0,111874.2003661862
binned_pad,480,300,True,0.043098749592900276,2279529,3824.0,88726.47202344667
binned_pad,480,300,True,0.14705507922917604,2294298,14769.0,100431.75711723257
binned_pad,480,300,True,0.01511128805577755,2295558,1260.0,83381.37658081767
binned_pad,480,300,True,0.02155744470655918,2297546,1988.0,92218.72198030599
binned_pad,480,300,True,0.005840407684445381,2297973,427.0,73111.3345284472
binned_pad,480,300,True,0.032505616545677185,2302141,4168.0,128223.99458699972
binned_pad,480,300,True,0.008794750086963177,2303179,1038.0,118024.95690453678
binned_pad,480,300,True,0.006021207198500633,2303771,592.0,98319.15436283548
binned_pad,480,300,True,0.04883785638958216,2310334,6563.0,134383.45753029376
binned_pad,480,300,True,0.0059895869344472885,2310974,640.0,106852.10967040724
binned_pad,480,300,True,0.013264555484056473,2312347,1373.0,103508.93414033343
binned_pad,480,300,True,0.12805531825870275,2327334,14987.0,117035.3578734046
binned_pad,480,300,True,0.04805733636021614,2333655,6321.0,131530.38596689238
binned_pad,480,300,True,0.015050546266138554,2335349,1694.0,112554.05418813556
binned_pad,480,300,True,0.048415835946798325,2339600,4251.0,87801.8507141177
binned_pad,480,300,True,0.1433135261759162,2354405,14805.0,103304.97333396837
binned_pad,480,300,True,0.1301897019147873,2368812,14407.0,110661.5944894764
binned_pad,480,300,True,0.1012688772752881,2380760,11948.0,117982.94126951462
binned_pad,480,300,True,0.08257956523448229,2391352,10592.0,128264.1773412626
binned_pad,480,300,True,0.04093192797154188,2396528,5176.0,126453.85293354954
binned_pad,480,300,True,0.005904077552258968,2396984,456.0,77234.75783706958
binned_pad,480,300,True,0.02845964301377535,2400459,3475.0,122102.72624705771
binned_pad,480,300,True,0.0955324312672019,2410532,10073.0,105440.63273995469
binned_pad,480,300,True,0.02206666674464941,2412455,1923.0,87145.01479777308
binned_pad,480,300,True,0.02171599492430687,2415095,2640.0,121569.37820265509
binned_pad,480,300,True,0.025109988637268543,2417349,2254.0,89765.07447138333
binned_pad,480,300,True,0.1339916754513979,2432679,15330.0,114410.09262967663
binned_pad,480,300,True,0.00611500721424818,2433194,515.0,84219.03392035778
binned_pad,480,300,True,0.031030794605612755,2436451,3257.0,104960.25130503374
binned_pad,480,300,True,0.025861408561468124,2439865,3414.0,132011.3709926321
binned_pad,480,300,True,0.07299979496747255,2444539,4674.0,64027.577092273394
binned_pad,480,300,True,0.008607380092144012,2445439,900.0,104561.43337058315
binned_pad,480,300,True,0.08152588363736868,2456220,10781.0,132240.21033558424
binned_pad,480,300,True,0.006024487316608429,2456860,640.0,106233.10604964425
binned_pad,480,300,True,0.006091316230595112,2457350,490.0,80442.38411705769
binned_pad,480,300,True,0.025746339932084084,2459816,2466.0,95780.60440843349
binned_pad,480,300,True,0.03297119773924351,2463255,3439.0,104303.15656706576
binned_pad,480,300,True,0.08794091176241636,2473698,10443.0,118750.1902210555
binned_pad,480,300,True,0.009650950320065022,2474883,1185.0,122785.83566390343
binned_pad,480,300,True,0.04818260669708252,2480401,5518.0,114522.65409156698
binned_pad,480,300,True,0.03368478920310736,2484858,4457.0,132314.91440026142
binned_pad,480,300,True,0.012739595025777817,2486403,1545.0,121275.44061438247
binned_pad,480,300,True,0.08204315509647131,2497027,10624.0,129492.8259098234
binned_pad,480,300,True,0.11581722274422646,2510675,13648.0,117840.85023468894
binned_pad,480,300,True,0.005513916723430157,2510846,171.0,31012.43790523236
binned_pad,480,300,True,0.144108765758574,2526552,15706.0,108987.1245328152
binned_pad,480,300,True,0.06560323666781187,2533851,7299.0,111259.75440753282
binned_pad,480,300,True,0.1500617228448391,2550782,16931.0,112826.90668230115
binned_pad,480,300,True,0.024912768974900246,2553390,2608.0,104685.27214407899
binned_pad,480,300,True,0.13016791176050901,2568077,14687.0,112831.18705186
binned_pad,480,300,True,0.010061011649668217,2569315,1238.0,123049.25618894653
binned_pad,480,300,True,0.05555721465498209,2575248,5933.0,106790.81082168611
binned_pad,480,300,True,0.07369580492377281,2583184,7936.0,107685.91249133644
binned_pad,480,300,True,0.005910416133701801,2583633,449.0,75967.57822850336
binned_pad,480,300,True,0.1475969608873129,2600305,16672.0,112956.2553305465
binned_pad,480,300,True,0.012668885290622711,2601766,1461.0,115321.9061097196
binned_pad,480,300,True,0.025578399188816547,2604301,2535.0,99107.06222414259
binned_pad,480,300,True,0.0318051865324378,2607942,3641.0,114478.18412530232
binned_pad,480,300,True,0.08397886622697115,2618517,10575.0,125924.53881693
binned_pad,480,300,True,0.12290787324309349,2631600,13083.0,106445.58118847091
binned_pad,480,300,True,0.025487378239631653,2633905,2305.0,90436.92051526255
binned_pad,480,300,True,0.005982557311654091,2634402,497.0,83074.84142806927
binned_pad,480,300,True,0.06589907594025135,2642743,8341.0,126572.33627315998
binned_pad,480,300,True,0.006098806858062744,2643212,469.0,76900.28737013908
binned_pad,480,300,True,0.04229980893433094,2646832,3620.0,85579.58277352815
binned_pad,480,300,True,0.016781569458544254,2648863,2031.0,121025.62904007325
binned_pad,480,300,True,0.021743975579738617,2650628,1765.0,81171.90867546113
binned_pad,480,300,True,0.11555422283709049,2664166,13538.0,117157.120420307
binned_pad,480,300,True,0.13464814517647028,2680798,16632.0,123521.93918603222
binned_pad,480,300,True,0.11697561573237181,2694562,13764.0,117665.54861733422
binned_pad,480,300,True,0.025963010266423225,2697118,2556.0,98447.75215859919
binned_pad,480,300,True,0.07651591766625643,2705874,8756.0,114433.7056531363
binned_pad,480,300,True,0.10067210532724857,2715708,9834.0,97683.46423304873
binned_pad,480,300,True,0.006189006380736828,2716257,549.0,88705.67684479253
binned_pad,480,300,True,0.030138185247778893,2720247,3990.0,132390.1876372617
binned_pad,480,300,True,0.09034881554543972,2732392,12145.0,134423.45565550702
binned_pad,480,300,True,0.02655408065766096,2735643,3251.0,122429.3938815793
binned_pad,480,300,True,0.02412088867276907,2738569,2926.0,121305.64672367422
binned_pad,480,300,True,0.14298214484006166,2754800,16231.0,113517.6704626709
binned_pad,480,300,True,0.04304231982678175,2760250,5450.0,126619.56934321432
binned_pad,480,300,True,0.1125170299783349,2773628,13378.0,118897.55713047106
binned_pad,480,300,True,0.11655777506530285,2787816,14188.0,121725.04144018714
binned_pad,480,300,True,0.023974308744072914,2790070,2254.0,94017.30928143022
binned_pad,480,300,True,0.021649334579706192,2792492,2422.0,111874.1082356569
binned_pad,480,300,True,0.005955186672508717,2792944,452.0,75900.22359611237
binned_pad,480,300,True,0.131468852981925,2807141,14197.0,107987.5550595385
binned_pad,480,300,True,0.022155405022203922,2809522,2381.0,107468.13238637641
binned_pad,480,300,True,0.05796711705625057,2817347,7825.0,134990.32550483264
binned_pad,480,300,True,0.0886419927701354,2828542,11195.0,126294.54336649047
binned_pad,480,300,True,0.047266535460948944,2833684,5142.0,108787.32595597704
binned_pad,480,300,True,0.033065399155020714,2837130,3446.0,104217.70455103528
binned_pad,480,300,True,0.017228239215910435,2839377,2247.0,130425.40052061008
binned_pad,480,300,True,0.015656497329473495,2841268,1891.0,120780.5271004119
binned_pad,480,300,True,0.009211120195686817,2842430,1162.0,126151.8659309338
binned_pad,480,300,True,0.008559079840779305,2843277,847.0,98959.23577725157
binned_pad,480,300,True,0.02922432404011488,2847090,3813.0,130473.50538428438
binned_pad,480,300,True,0.013163524679839611,2848331,1241.0,94275.66173827546
binned_pad,480,300,True,0.07966042216867208,2857918,9587.0,120348.34537658605
binned_pad,480,300,True,0.12447031401097775,2872269,14351.0,115296.56781242075
binned_pad,480,300,True,0.013577665202319622,2873771,1502.0,110622.84845139625
binned_pad,480,300,True,0.09856297355145216,2885438,11667.0,118371.02290658424
binned_pad,480,300,True,0.09156913589686155,2896391,10953.0,119614.53925192499
binned_pad,480,300,True,0.05065080802887678,2901168,4777.0,94312.41446881877
binned_pad,480,300,True,0.013649486005306244,2902515,1347.0,98685.03469481219
binned_pad,480,300,True,0.029782114550471306,2905982,3467.0,116412.15045776978
binned_pad,480,300,True,0.07917540147900581,2914834,8852.0,111802.40118324124
binned_pad,480,300,True,0.026061530224978924,2916928,2094.0,80348.31346906045
binned_pad,480,300,True,0.006040036678314209,2917452,524.0,86754.4400651305
binned_pad,480,300,True,0.09915012400597334,2928429,10977.0,110710.90540783072
binned_pad,480,300,True,0.11418066266924143,2942327,13898.0,121719.3846585015
binned_pad,480,300,True,0.0059923166409134865,2942967,640.0,106803.4348569465
binned_pad,480,300,True,0.030969795770943165,2945872,2905.0,93801.07061363195
binned_pad,480,300,True,0.0463446332141757,2950111,4239.0,91466.9014729281
binned_pad,480,300,True,0.10606610216200352,2961951,11840.0,111628.5010824268
binned_pad,480,300,True,0.07990268245339394,2971109,9158.0,114614.4249330018
binned_pad,480,300,True,0.11300550121814013,2985701,14592.0,129126.45705479717
binned_pad,480,300,True,0.07601865660399199,2995378,9677.0,127297.69812180329
binned_pad,480,300,True,0.024566027335822582,2997424,2046.0,83285.74954471737
binned_pad,480,300,True,0.03852119576185942,3002133,4709.0,122244.38797568357
binned_pad,480,300,True,0.01331037562340498,3003580,1447.0,108712.18370844422
binned_pad,480,300,True,0.04170231707394123,3009043,5463.0,130999.91519209124
binned_pad,480,300,True,0.013237596489489079,3010192,1149.0,86798.23417433289
binned_pad,480,300,True,0.10725997481495142,3023523,13331.0,124286.80897043932
binned_pad,480,300,True,0.008829779922962189,3024368,845.0,95698.87441957011
binned_pad,480,300,True,0.009238551370799541,3025419,1051.0,113762.42419584471
binned_pad,480,300,True,0.03206922672688961,3028491,3072.0,95792.76813133039
binned_pad,480,300,True,0.0568913659080863,3034874,6383.0,112196.28669686672
binned_pad,480,300,True,0.07576949708163738,3042685,7811.0,103088.97776613306
binned_pad,480,300,True,0.014921466819941998,3044220,1535.0,102871.9239551254
binned_pad,480,300,True,0.028639502823352814,3046988,2768.0,96649.72248550897
binned_pad,480,300,True,0.021480845287442207,3049454,2466.0,114799.95163140223
binned_pad,480,300,True,0.007748878560960293,3050199,745.0,96142.94431627725
binned_pad,480,300,True,0.056922296062111855,3056351,6152.0,108077.15825951798
binned_pad,480,300,True,0.005893277004361153,3056778,427.0,72455.44366640339
binned_pad,480,300,True,0.0786152807995677,3065637,8859.0,112688.01573814025
binned_pad,480,300,True,0.045984343625605106,3069204,3567.0,77569.87963211494
binned_pad,480,300,True,0.021830235607922077,3071602,2398.0,109847.64631352757
binned_pad,480,300,True,0.02391690853983164,3073689,2087.0,87260.44156268246
binned_pad,480,300,True,0.023900398053228855,3076569,2880.0,120500.08512770032
binned_pad,480,300,True,0.0459953835234046,3082150,5581.0,121338.26424471766
binned_pad,480,300,True,0.12371948268264532,3096753,14603.0,118033.14791946206
binned_pad,480,300,True,0.005972166545689106,3097186,433.0,72503.00149659302
binned_pad,480,300,True,0.07390683516860008,3105931,8745.0,118324.64453457457
binned_pad,480,300,True,0.0059947669506073,3106571,640.0,106759.77986686619
binned_pad,480,300,True,0.04345680121332407,3112519,5948.0,136871.55598043223
binned_pad,480,300,True,0.006077537313103676,3113003,484.0,79637.52011138719
binned_pad,480,300,True,0.0060373470187187195,3113501,498.0,82486.56213664002
binned_pad,480,300,True,0.014827917329967022,3115176,1675.0,112962.59364859335
binned_pad,480,300,True,0.14459592662751675,3130665,15489.0,107119.20011343133
binned_pad,480,300,True,0.057858516462147236,3136524,5859.0,101264.26251929796
binned_pad,480,300,True,0.00813570898026228,3137314,790.0,97102.78500823808
binned_pad,480,300,True,0.12534322496503592,3152316,15002.0,119687.36247359807
binned_pad,480,300,True,0.008869590237736702,3153180,864.0,97411.48991573609
binned_pad,480,300,True,0.04082207661122084,3156446,3266.0,80005.72903491805
binned_pad,480,300,True,0.02472771890461445,3159182,2736.0,110645.06235103773
binned_pad,480,300,True,0.04559618327766657,3164947,5765.0,126436.02129794382
binned_pad,480,300,True,0.012219604104757309,3166223,1276.0,104422.36827486339
binned_pad,480,300,True,0.16800799500197172,3181556,15333.0,91263.51397634413
binned_pad,480,300,True,0.02562284003943205,3183642,2086.0,81411.74033751794
binned_pad,480,300,True,0.06251716148108244,3191705,8063.0,128972.58623042006
binned_pad,480,300,True,0.006043056957423687,3192212,507.0,83897.93503057554
binned_pad,480,300,True,0.05885682813823223,3199553,7341.0,124726.3950880736
binned_pad,480,300,True,0.10922861751168966,3212869,13316.0,121909.44372773847
binned_pad,480,300,True,0.03068013582378626,3216590,3721.0,121283.68731389758
binned_pad,480,300,True,0.07401038613170385,3224805,8215.0,110997.93460584227
binned_pad,480,300,True,0.08838708326220512,3235793,10988.0,124316.80732583399
binned_pad,480,300,True,0.06628069654107094,3243194,7401.0,111661.46987326784
binned_pad,480,300,True,0.12430063262581825,3258022,14828.0,119291.4282635767
binned_pad,480,300,True,0.08044064231216908,3267963,9941.0,123581.80783069311
binned_pad,480,300,True,0.04322277940809727,3272522,4559.0,105476.78937893397
binned_pad,480,300,True,0.07885440066456795,3278361,5839.0,74047.86480894107
binned_pad,480,300,True,0.08090567402541637,3288269,9908.0,122463.59874447643
binned_pad,480,300,True,0.04855463653802872,3294903,6634.0,136629.58829491292
binned_pad,480,300,True,0.12247852142900229,3306722,11819.0,96498.55225310812
binned_pad,480,300,True,0.14150132331997156,3322250,15528.0,109737.48962677277
binned_pad,480,300,True,0.06516898516565561,3327966,5716.0,87710.43442628843
binned_pad,480,300,True,0.056091343984007835,3332964,4998.0,89104.65759966415
binned_pad,480,300,True,0.03349821921437979,3336836,3872.0,115588.2339661168
binned_pad,480,300,True,0.06143740098923445,3343088,6252.0,101762.11720114146
binned_pad,480,300,True,0.005985386669635773,3343557,469.0,78357.51069839235
binned_pad,480,300,True,0.04265565052628517,3348600,5043.0,118225.8373223593
binned_pad,480,300,True,0.02565990947186947,3351750,3150.0,122759.59131708133
binned_pad,480,300,True,0.008585569448769093,3352698,948.0,110417.83607445097
binned_pad,480,300,True,0.025343279354274273,3354876,2178.0,85939.94366528849
binned_pad,480,300,True,0.11111447867006063,3367220,12344.0,111092.6330010856
binned_pad,480,300,True,0.005997077561914921,3367698,478.0,79705.48905946955
binned_pad,480,300,True,0.049572236835956573,3374043,6345.0,127995.03119047752
binned_pad,480,300,True,0.09226180706173182,3386531,12488.0,135353.9497838402
binned_pad,480,300,True,0.031847236678004265,3389662,3131.0,98313.0822826606
binned_pad,480,300,True,0.016215899027884007,3391443,1781.0,109830.48161174943
binned_pad,480,300,True,0.14454585686326027,3407373,15930.0,110207.24042661222
binned_pad,480,300,True,0.005960426293313503,3407786,413.0,69290.34597127888
binned_pad,480,300,True,0.06263216305524111,3415011,7225.0,115356.06703583912
binned_pad,480,300,True,0.012477334588766098,3416411,1400.0,112203.45098868171
binned_pad,480,300,True,0.0059513067826628685,3416887,476.0,79982.43367098231
binned_pad,480,300,True,0.04827506560832262,3423276,6389.0,132345.75488383256
binned_pad,480,300,True,0.06339226383715868,3430985,7709.0,121607.89871462535
binned_pad,480,300,True,0.09846639353781939,3442696,11711.0,118933.97919059552
binned_pad,480,300,True,0.025503619574010372,3445180,2484.0,97397.93964505871
binned_pad,480,300,True,0.005970926955342293,3445639,459.0,76872.48620405994
binned_pad,480,300,True,0.09874325338751078,3456933,11294.0,114377.4345339576
binned_pad,480,300,True,0.17781558632850647,3476103,19170.0,107808.32207017145
binned_pad,480,300,True,0.025077509693801403,3479079,2976.0,118672.07056590632
binned_pad,480,300,True,0.04252557083964348,3484498,5419.0,127429.21242454581
binned_pad,480,300,True,0.04900256730616093,3490918,6420.0,131013.54383921911
binned_pad,480,300,True,0.06376662384718657,3498860,7942.0,124547.91426675802
binned_pad,480,300,True,0.07640190795063972,3508847,9987.0,130716.63087854048
binned_pad,480,300,True,0.12708681728690863,3523433,14586.0,114771.93552712034
binned_pad,480,300,True,0.16152467671781778,3539699,16266.0,100702.87915459853
binned_pad,480,300,True,0.12284432258456945,3552885,13186.0,107339.10792598812
binned_pad,480,300,True,0.025745850056409836,3555426,2541.0,98695.51770217733
binned_pad,480,300,True,0.006042896769940853,3556027,601.0,99455.61257798591
binned_pad,480,300,True,0.02127428539097309,3557823,1796.0,84421.16700954206
binned_pad,480,300,True,0.11704090517014265,3572215,14392.0,122965.55617951104
binned_pad,480,300,True,0.006078527309000492,3572758,543.0,89330.84814737583
binned_pad,480,300,True,0.07447660621255636,3582373,9615.0,129100.94174483157
binned_pad,480,300,True,0.025268818251788616,3584728,2355.0,93197.86847702325
binned_pad,480,300,True,0.03895599488168955,3589958,5230.0,134254.04782713566
binned_pad,480,300,True,0.04905685596168041,3596078,6120.0,124753.2048278938
binned_pad,480,300,True,0.02129017561674118,3598130,2052.0,96382.4834956478
binned_pad,480,300,True,0.005908137187361717,3598575,445.0,75319.8488606381
binned_pad,480,300,True,0.08213858492672443,3607955,9380.0,114197.24369938766
binned_pad,480,300,True,0.007905028760433197,3608468,513.0,64895.39956738722
binned_pad,480,300,True,0.07900745142251253,3618228,9760.0,123532.6519748866
binned_pad,480,300,True,0.07896123081445694,3628287,10059.0,127391.63126315284
binned_pad,480,300,True,0.057280875742435455,3635455,7168.0,125137.75159847499
binned_pad,480,300,True,0.005961377173662186,3635912,457.0,76660.13853628663
binned_pad,480,300,True,0.06314460281282663,3641430,5518.0,87386.72434691635
binned_pad,480,300,True,0.03998700622469187,3645210,3780.0,94530.70776941186
binned_pad,480,300,True,0.0732435742393136,3654618,9408.0,128448.12801271297
binned_pad,480,300,True,0.08791572134941816,3665923,11305.0,128589.06036917614
binned_pad,480,300,True,0.026246091350913048,3668314,2391.0,91099.27905195765
binned_pad,480,300,True,0.029526283964514732,3671995,3681.0,124668.583571976
binned_pad,480,300,True,0.009279091842472553,3673162,1167.0,125766.61809277182
binned_pad,480,300,True,0.12415821384638548,3689278,16116.0,129802.12505263237
binned_pad,480,300,True,0.06309431325644255,3696494,7216.0,114368.46884553698
binned_pad,480,300,True,0.07764202915132046,3706433,9939.0,128010.56475004515
binned_pad,480,300,True,0.0060773370787501335,3706919,486.0,79969.23548955933
binned_pad,480,300,True,0.00603666715323925,3707406,487.0,80673.65445826807
binned_pad,480,300,True,0.06696010753512383,3715682,8276.0,123595.97833170797
binned_pad,480,300,True,0.028893234208226204,3718126,2444.0,84587.27681320522
binned_pad,480,300,True,0.16404869873076677,3735361,17235.0,105060.26645347376
binned_pad,480,300,True,0.1131832916289568,3749523,14162.0,125124.47549614112
binned_pad,480,300,True,0.016864529810845852,3750933,1410.0,83607.43025834057
binned_pad,480,300,True,0.00797335896641016,3751743,810.0,101588.30217131009
binned_pad,480,300,True,0.006076956167817116,3752235,492.0,80961.5844533448
binned_pad,480,300,True,0.01453049574047327,3753986,1751.0,120505.17967688887
binned_pad,480,300,True,0.07636172790080309,3762935,8949.0,117192.21455576681
binned_pad,480,300,True,0.12260947190225124,3776159,13224.0,107854.63630854439
binned_pad,480,300,True,0.06591561622917652,3784248,8089.0,122717.50554339094
binned_pad,480,300,True,0.006080267019569874,3784854,606.0,99666.67550118042
binned_pad,480,300,True,0.06196626089513302,3792636,7782.0,125584.46947718314
binned_pad,480,300,True,0.07532174699008465,3802215,9579.0,127174.42681276337
binned_pad,480,300,True,0.07943075150251389,3811315,9100.0,114565.20085564085
binned_pad,480,300,True,0.059695628471672535,3817359,6044.0,101246.94478873054
binned_pad,480,300,True,0.06359411310404539,3824783,7424.0,116740.36538340746
binned_pad,480,300,True,0.05621401499956846,3832177,7394.0,131533.03495679435
binned_pad,480,300,True,0.043367721140384674,3837638,5461.0,125923.14874748248
binned_pad,480,300,True,0.008814319968223572,3838566,928.0,105283.22132002523
binned_pad,480,300,True,0.042421010322868824,3843822,5256.0,123900.86798961817
binned_pad,480,300,True,0.09648119192570448,3853109,9287.0,96257.10270195948
binned_pad,480,300,True,0.03334646951407194,3856894,3785.0,113505.26922805907
binned_pad,480,300,True,0.07867466099560261,3863419,6525.0,82936.48701409345
binned_pad,480,300,True,0.04918111674487591,3870047,6628.0,134767.171603328
binned_pad,480,300,True,0.04255632869899273,3874537,4490.0,105507.22154061834
binned_pad,480,300,True,0.11491044331341982,3887597,13060.0,113653.72566163259
binned_pad,480,300,True,0.03307553753256798,3890782,3185.0,96294.73132111233
binned_pad,480,300,True,0.006061086431145668,3891275,493.0,81338.55301364066
binned_pad,480,300,True,0.04159623850136995,3896722,5447.0,130949.34052319672
binned_pad,480,300,True,0.008844570256769657,3897773,1051.0,118829.9679337797
binned_pad,480,300,True,0.005921817384660244,3898151,378.0,63831.75559907733
binned_pad,480,300,True,0.058591946959495544,3905679,7528.0,128481.82029527174
binned_pad,480,300,True,0.0471838042140007,3911333,5654.0,119829.25273164613
binned_pad,480,300,True,0.05554997455328703,3918268,6935.0,124842.54143712544
binned_pad,480,300,True,0.005997437052428722,3918766,498.0,83035.46925904456
binned_pad,480,300,True,0.014729436486959457,3920272,1506.0,102244.23733612079
binned_pad,480,300,True,0.025457690469920635,3923635,3363.0,132101.5354465689
binned_pad,480,300,True,0.10585561208426952,3935325,11690.0,110433.44580251283
binned_pad,480,300,True,0.017137390561401844,3937350,2025.0,118162.68017844336
binned_pad,480,300,True,0.07904316112399101,3946894,9544.0,120744.15881506573
binned_pad,480,300,True,0.022105775773525238,3949464,2570.0,116259.20873937095
binned_pad,480,300,True,0.03847601544111967,3953472,4008.0,104168.79071413964
binned_pad,480,300,True,0.10549420211464167,3965631,12159.0,115257.51895622365
binned_pad,480,300,True,0.116974544711411,3980448,14817.0,126668.58449037062
binned_pad,480,300,True,0.006104177795350552,3981006,558.0,91412.80262593582
binned_pad,480,300,True,0.013802546076476574,3982485,1479.0,107154.1432866964
binned_pad,480,300,True,0.06637720763683319,3989865,7380.0,111182.74273268442
binned_pad,480,300,True,0.0758166080340743,3999415,9550.0,125961.84724734635
binned_pad,480,300,True,0.112728470005095,4011789,12374.0,109768.18898935406
binned_pad,480,300,True,0.04825351480394602,4016576,4787.0,99205.2085625177
binned_pad,480,300,True,0.0060863373801112175,4017110,534.0,87737.49574661964
binned_pad,480,300,True,0.02824839297682047,4019303,2193.0,77632.7347824526
binned_pad,480,300,True,0.00582472700625658,4019680,377.0,64724.06339302232
binned_pad,480,300,True,0.07971484214067459,4030031,10351.0,129850.34809117924
binned_pad,480,300,True,0.047731474973261356,4036413,6382.0,133706.3227896294
binned_pad,480,300,True,0.00885745044797659,4037230,817.0,92238.73221742232
binned_pad,480,300,True,0.03876781556755304,4040814,3584.0,92447.81908732692
binned_pad,480,300,True,0.03911772556602955,4044336,3522.0,90035.90952789343
binned_pad,480,300,True,0.1304393308237195,4059574,15238.0,116820.59317364325
binned_pad,480,300,True,0.11288396082818508,4072847,13273.0,117580.92028859757
binned_pad,480,300,True,0.0663141068071127,4080620,7773.0,117214.8789187384
binned_pad,480,300,True,0.038999675773084164,4084823,4203.0,107770.12671732833
binned_pad,480,300,True,0.0996051849797368,4096050,11227.0,112715.01581251986
binned_pad,480,300,True,0.008774169720709324,4096899,849.0,96761.29218199861
binned_pad,480,300,True,0.03984961658716202,4102071,5172.0,129787.94886739802
binned_pad,480,300,True,0.08324504643678665,4111272,9201.0,110529.09925381464
binned_pad,480,300,True,0.0596868684515357,4117897,6625.0,110995.93883668634
binned_pad,480,300,True,0.08871151227504015,4128714,10817.0,121934.56883547535
binned_pad,480,300,True,0.017328429967164993,4130871,2157.0,124477.52070367715
binned_pad,480,300,True,0.025820008479058743,4133968,3097.0,119945.73907718949
binned_pad,480,300,True,0.005981696769595146,4134365,397.0,66369.12824099403
binned_pad,480,300,True,0.12411811295896769,4148598,14233.0,114673.02926773709
binned_pad,480,300,True,0.04724861402064562,4154252,5654.0,119664.88577907163
binned_pad,480,300,True,0.017235309816896915,4156170,1918.0,111283.17508511843
binned_pad,480,300,True,0.03313453868031502,4159230,3060.0,92350.76514941562
binned_pad,480,300,True,0.005925687029957771,4159672,442.0,74590.50701892197
binned_pad,480,300,True,0.11442861333489418,4172396,12724.0,111195.96427128867
binned_pad,480,300,True,0.008137979544699192,4173182,786.0,96584.17002436116
binned_pad,480,300,True,0.01718837022781372,4175285,2103.0,122350.16887156565
binned_pad,480,300,True,0.024440928362309933,4178016,2731.0,111738.79975080828
binned_pad,480,300,True,0.054930432699620724,4184316,6300.0,114690.52199990224
binned_pad,480,300,True,0.022080506198108196,4186897,2581.0,116890.43615409205
binned_pad,480,300,True,0.11665189359337091,4199918,13021.0,111622.7058035512
binned_pad,480,300,True,0.08847986254841089,4209790,9872.0,111573.41021634874
binned_pad,480,300,True,0.12966743018478155,4223831,14041.0,108284.70942927599
binned_pad,480,300,True,0.009598600678145885,4225029,1198.0,124809.85928788652
binned_pad,480,300,True,0.01264183409512043,4226357,1328.0,105048.04840878186
binned_pad,480,300,True,0.00852592010051012,4227239,882.0,103449.245313386
binned_pad,480,300,True,0.005971606820821762,4227788,549.0,91935.05474703226
binned_pad,480,300,True,0.14113961346447468,4241799,14011.0,99270.50001115822
binned_pad,480,300,True,0.02576322015374899,4244012,2213.0,85897.64737456435
binned_pad,480,300,True,0.05476067401468754,4250431,6419.0,117219.15618274419
binned_pad,480,300,True,0.07366161607205868,4255800,5369.0,72887.35010575704
binned_pad,480,300,True,0.060723310336470604,4263437,7637.0,125767.18821294555
binned_pad,480,300,True,0.006479068659245968,4264077,640.0,98779.6292429602
binned_pad,480,300,True,0.11289912927895784,4277680,13603.0,120488.08601870527
binned_pad,480,300,True,0.1297749001532793,4290985,13305.0,102523.67741593515
binned_pad,480,300,True,0.10084785707294941,4303447,12462.0,123572.28365284426
binned_pad,480,300,True,0.022648395970463753,4305785,2338.0,103230.2686269277
binned_pad,480,300,True,0.03304958809167147,4310335,4550.0,137671.91250249214
binned_pad,480,300,True,0.10715308412909508,4322896,12561.0,117224.81067242875
binned_pad,480,300,True,0.045166402123868465,4327917,5021.0,111166.70276791033
binned_pad,480,300,True,0.02365853823721409,4329824,1907.0,80605.14901129238
binned_pad,480,300,True,0.06264688353985548,4336003,6179.0,98632.200851124
binned_pad,480,300,True,0.017126369290053844,4338112,2109.0,123143.4383015905
binned_pad,480,300,True,0.007600379176437855,4338802,690.0,90784.94427476566
binned_pad,480,300,True,0.0085866404697299,4339659,857.0,99806.20511842132
binned_pad,480,300,True,0.00845262873917818,4340559,900.0,106475.75183664152
binned_pad,480,300,True,0.020781434141099453,4342467,1908.0,91812.72028895
binned_pad,480,300,True,0.01599729899317026,4344482,2015.0,125958.76346752445
binned_pad,480,300,True,0.07702383864670992,4354420,9938.0,129024.98985519599
binned_pad,480,300,True,0.00872902013361454,4355367,947.0,108488.69466496044
binned_pad,480,300,True,0.008104559034109116,4356135,768.0,94761.47891177914
binned_pad,480,300,True,0.007920688949525356,4356901,766.0,96708.75915988372
binned_pad,480,300,True,0.0081467991694808,4357723,822.0,100898.52258532924
binned_pad,480,300,True,0.06235433183610439,4365755,8032.0,128812.22143654361
binned_pad,480,300,True,0.03128208685666323,4367758,2003.0,64030.25505228888
binned_pad,480,300,True,0.025983020663261414,4370767,3009.0,115806.39676181159
binned_pad,480,300,True,0.09619743097573519,4381390,10623.0,110429.14444024542
binned_pad,480,300,True,0.02264009602367878,4383223,1833.0,80962.55413770796
binned_pad,480,300,True,0.057809097692370415,4387757,4534.0,78430.56164148351
binned_pad,480,300,True,0.014779937453567982,4389324,1567.0,106022.09954695817
binned_pad,480,300,True,0.014791416935622692,4391025,1701.0,114999.12465474634
binned_pad,480,300,True,0.02906523458659649,4393098,2073.0,71322.32130532914
binned_pad,480,300,True,0.043397000059485435,4396593,3495.0,80535.52077814848
binned_pad,480,300,True,0.04671866353601217,4402399,5806.0,124275.81528578098
binned_pad,480,300,True,0.03939374629408121,4406807,4408.0,111895.93310302372
binned_pad,480,300,True,0.10067526530474424,4419008,12201.0,121191.63493701801
binned_pad,480,300,True,0.009598180651664734,4420146,1138.0,118564.13640251939
binned_pad,480,300,True,0.0973128229379654,4432111,11965.0,122953.99145524124
binned_pad,480,300,True,0.14028926379978657,4447020,14909.0,106273.27848321549
binned_pad,480,300,True,0.02186412550508976,4449581,2561.0,117132.51460269123
binned_pad,480,300,True,0.02556954976171255,4452419,2838.0,110991.39509486308
binned_pad,480,300,True,0.008396618999540806,4453256,837.0,99682.97954757432
binned_pad,480,300,True,0.021278834901750088,4455793,2537.0,119226.45256255752
binned_pad,480,300,True,0.005862316116690636,4456216,423.0,72155.78136355939
binned_pad,480,300,True,0.027672551572322845,4458734,2518.0,90992.69337051011
binned_pad,480,300,True,0.03389925882220268,4463173,4439.0,130946.81577794938
binned_pad,480,300,True,0.11028052773326635,4475031,11858.0,107525.78214606248
binned_pad,480,300,True,0.013184146024286747,4476324,1293.0,98072.33609352793
binned_pad,480,300,True,0.08171570394188166,4485402,9078.0,111092.47748090759
binned_pad,480,300,True,0.008403870277106762,4486204,802.0,95432.22034075805
binned_pad,480,300,True,0.007547109387814999,4486903,699.0,92618.2415122475
binned_pad,480,300,True,0.09769039321690798,4498144,11241.0,115067.60930976004
binned_pad,480,300,True,0.029593204148113728,4500584,2440.0,82451.36240698444
binned_pad,480,300,True,0.1307502007111907,4515086,14502.0,110913.78767389378
binned_pad,480,300,True,0.08906625304371119,4527071,11985.0,134562.75065392166
binned_pad,480,300,True,0.11730016488581896,4540927,13856.0,118124.30113365618
binned_pad,480,300,True,0.00601422693580389,4541407,480.0,79810.7562490641
binned_pad,480,300,True,0.016611728817224503,4543412,2005.0,120697.85282799942
binned_pad,480,300,True,0.09827670361846685,4555919,12507.0,127263.12075499703
binned_pad,480,300,True,0.12568393629044294,4570160,14241.0,113308.03617648066
binned_pad,480,300,True,0.07367006596177816,4578240,8080.0,109678.19689739523
binned_pad,480,300,True,0.030774165876209736,4581220,2980.0,96834.46862498774
binned_pad,480,300,True,0.13067753054201603,4591237,10017.0,76654.3410979081
binned_pad,480,300,True,0.0077788494527339935,4591995,758.0,97443.71640122043
binned_pad,480,300,True,0.008847800083458424,4592846,851.0,96182.10085815609
binned_pad,480,300,True,0.04582454264163971,4596837,3991.0,87093.06781762553
binned_pad,480,300,True,0.1170501047745347,4608387,11550.0,98675.69125416798
binned_pad,480,300,True,0.06647735554724932,4617385,8998.0,135354.36128479266
binned_pad,480,300,True,0.031874947249889374,4620475,3090.0,96941.3368993332
binned_pad,480,300,True,0.13998869247734547,4635106,14631.0,104515.58437384327
binned_pad,480,300,True,0.04628696292638779,4641058,5952.0,128589.12366892012
binned_pad,480,300,True,0.012309654615819454,4642386,1328.0,107882.79943235393
binned_pad,480,300,True,0.13908168021589518,4658096,15710.0,112955.2071531888
binned_pad,480,300,True,0.12335174158215523,4671372,13276.0,107627.17923328115
binned_pad,480,300,True,0.04064630717039108,4676498,5126.0,126112.31762117
binned_pad,480,300,True,0.08020393270999193,4685581,9083.0,113248.81078890568
binned_pad,480,300,True,0.09588306024670601,4697696,12115.0,126351.8286632513
binned_pad,480,300,True,0.10918800625950098,4710764,13068.0,119683.47484010305
binned_pad,480,300,True,0.0074728187173604965,4711183,419.0,56069.87347713911
binned_pad,480,300,True,0.007597128860652447,4711922,739.0,97273.5902674335
binned_pad,480,300,True,0.009021840989589691,4712962,1040.0,115275.80692234066
binned_pad,480,300,True,0.03266734816133976,4717154,4192.0,128323.85350951232
binned_pad,480,300,True,0.01573564764112234,4718336,1182.0,75116.06938319154
binned_pad,480,300,True,0.007950820028781891,4719152,816.0,102630.92323132556
binned_pad,480,300,True,0.06029448006302118,4726083,6931.0,114952.47977518935
binned_pad,480,300,True,0.04120418801903725,4730719,4636.0,112512.83480839533
binned_pad,480,300,True,0.008774721063673496,4731669,950.0,108265.54976578217
binned_pad,480,300,True,0.09010537341237068,4742952,11283.0,125220.05705878294
binned_pad,480,300,True,0.0839485377073288,4753992,11040.0,131509.14002205658
binned_pad,480,300,True,0.14368060696870089,4770815,16823.0,117086.08666766483
binned_pad,480,300,True,0.029626693576574326,4774365,3550.0,119824.3736117407
binned_pad,480,300,True,0.09032666403800249,4786362,11997.0,132817.92400694205
binned_pad,480,300,True,0.013546674512326717,4787545,1183.0,87327.70532897473
binned_pad,480,300,True,0.11458204314112663,4801044,13499.0,117810.78107826861
binned_pad,480,300,True,0.0472045736387372,4806939,5895.0,124881.96684319635
binned_pad,480,300,True,0.013282314874231815,4808184,1245.0,93733.66102134397
binned_pad,480,300,True,0.0965394414961338,4820214,12030.0,124612.2808829568
binned_pad,480,300,True,0.0975217828527093,4831739,11525.0,118178.72543826058
binned_pad,480,300,True,0.01722877938300371,4833737,1998.0,115968.74947339788
binned_pad,480,300,True,0.005871957167983055,4834074,337.0,57391.42680357039
binned_pad,480,300,True,0.009132211096584797,4835185,1111.0,121657.28411769679
binned_pad,480,300,True,0.09110962506383657,4844907,9722.0,106706.61846306814
binned_pad,480,300,True,0.02896458376199007,4847064,2157.0,74470.25711554015
binned_pad,480,300,True,0.10815320443361998,4858928,11864.0,109696.241199045
binned_pad,480,300,True,0.043187979608774185,4864144,5216.0,120774.34617803477
binned_pad,400,640,False,0.029073063284158707,2204,2204.0,75809.00500433033
binned_pad,400,640,False,0.009487451054155827,2572,368.0,38788.07889488963
binned_pad,400,640,False,0.026741310954093933,5055,2483.0,92852.5906700123
binned_pad,400,640,False,0.025535859167575836,7272,2217.0,86819.08783453178
binned_pad,400,640,False,0.01242776494473219,8508,1236.0,99454.72943016264
binned_pad,400,640,False,0.039529284462332726,12571,4063.0,102784.55720268891
binned_pad,400,640,False,0.044956931844353676,17042,4471.0,99450.73688478435
binned_pad,400,640,False,0.02247545588761568,19322,2280.0,101443.99345671626
binned_pad,400,640,False,0.04671228397637606,24226,4904.0,104983.09186680135
binned_pad,400,640,False,0.00819276925176382,24623,397.0,48457.36378020532
binned_pad,400,640,False,0.009174640290439129,25165,542.0,59075.88557611538
binned_pad,400,640,False,0.009689440950751305,25897,732.0,75546.15418170662
binned_pad,400,640,False,0.008732539601624012,26424,527.0,60348.996287631206
binned_pad,400,640,False,0.06389723345637321,32046,5622.0,87985.02995968526
binned_pad,400,640,False,0.009714670479297638,32797,751.0,77305.76159020647
binned_pad,400,640,False,0.02095722407102585,34775,1978.0,94382.7289958053
binned_pad,400,640,False,0.03575164172798395,38449,3674.0,102764.51156994682
binned_pad,400,640,False,0.029213232919573784,40651,2202.0,75376.79948201113
binned_pad,400,640,False,0.036348712630569935,44392,3741.0,102919.73853439173
binned_pad,400,640,False,0.008355599828064442,44868,476.0,56967.783258507785
binned_pad,400,640,False,0.031967056915163994,47933,3065.0,95879.95567230579
binned_pad,400,640,False,0.008130818605422974,48331,398.0,48949.56083936589
binned_pad,400,640,False,0.028033691458404064,51338,3007.0,107263.79023118442
binned_pad,400,640,False,0.016512500122189522,52660,1322.0,80060.55958924684
binned_pad,400,640,False,0.05058574862778187,57562,4902.0,96904.76335676496
binned_pad,400,640,False,0.008719290606677532,58161,599.0,68698.24932102449
binned_pad,400,640,False,0.009389790706336498,58809,648.0,69011.12285311228
binned_pad,400,640,False,0.040373376570641994,63090,4281.0,106035.22329893464
binned_pad,400,640,False,0.03945598565042019,66953,3863.0,97906.56439877483
binned_pad,400,640,False,0.00811270996928215,67263,310.0,38211.64582165264
binned_pad,400,640,False,0.008138218894600868,67709,446.0,54803.146213711385
binned_pad,400,640,False,0.009230331517755985,68319,610.0,66086.46708155278
binned_pad,400,640,False,0.008939560502767563,68846,527.0,58951.4439593365
binned_pad,400,640,False,0.008258708752691746,69352,506.0,61268.657746900244
binned_pad,400,640,False,0.04872920550405979,74171,4819.0,98893.46543108554
binned_pad,400,640,False,0.010766482912003994,75114,943.0,87586.634159667
binned_pad,400,640,False,0.019283903762698174,77061,1947.0,100965.03404907984
binned_pad,400,640,False,0.014380847103893757,78288,1227.0,85321.81665903238
binned_pad,400,640,False,0.010687393136322498,79228,940.0,87954.09582204734
binned_pad,400,640,False,0.057157387025654316,85167,5939.0,103906.07949475298
binned_pad,400,640,False,0.051533039659261703,90359,5192.0,100750.89756648723
binned_pad,400,640,False,0.044830781407654285,94176,3817.0,85142.39279684507
binned_pad,400,640,False,0.02959156408905983,97301,3125.0,105604.42126664506
binned_pad,400,640,False,0.03530183061957359,100718,3417.0,96793.8472319732
binned_pad,400,640,False,0.035667440854012966,104296,3578.0,100315.57954058924
binned_pad,400,640,False,0.02844427339732647,106603,2307.0,81105.95647055056
binned_pad,400,640,False,0.04867907613515854,110956,4353.0,89422.40374311538
binned_pad,400,640,False,0.05379535350948572,116018,5062.0,94097.34614175216
binned_pad,400,640,False,0.027104821987450123,118602,2584.0,95333.5905026945
binned_pad,400,640,False,0.04853915609419346,123421,4819.0,99280.67127183691
binned_pad,400,640,False,0.008922380395233631,123901,480.0,53797.302820267316
binned_pad,400,640,False,0.04502002242952585,128228,4327.0,96112.79085374661
binned_pad,400,640,False,0.03699989337474108,132317,4089.0,110513.83198826892
binned_pad,400,640,False,0.02947444375604391,135113,2796.0,94861.84109671836
binned_pad,400,640,False,0.04396483115851879,139422,4309.0,98010.15690162776
binned_pad,400,640,False,0.02304429654031992,141215,1793.0,77806.6710286791
binned_pad,400,640,False,0.027342092245817184,143452,2237.0,81815.2458812737
binned_pad,400,640,False,0.05040150787681341,148510,5058.0,100354.14044282731
binned_pad,400,640,False,0.008249078877270222,148985,475.0,57582.18669830281
binned_pad,400,640,False,0.03602333180606365,152545,3560.0,98824.83994444847
binned_pad,400,640,False,0.010558951646089554,153381,836.0,79174.5267921184
binned_pad,400,640,False,0.008164068683981895,153783,402.0,49240.15408992503
binned_pad,400,640,False,0.008059508167207241,154160,377.0,46777.04795113286
binned_pad,400,640,False,0.06144196167588234,160327,6167.0,100371.14427648096
binned_pad,400,640,False,0.0505773788318038,165572,5245.0,103702.48757734885
binned_pad,400,640,False,0.045714003033936024,169669,4097.0,89622.42919217928
binned_pad,400,640,False,0.008321130648255348,170161,492.0,59126.58036479157
binned_pad,400,640,False,0.011266893707215786,171066,905.0,80323.8251391686
binned_pad,400,640,False,0.037670972757041454,175142,4076.0,108200.01984785791
binned_pad,400,640,False,0.12054212857037783,181008,5866.0,48663.484456184706
binned_pad,400,640,False,0.012023573741316795,182066,1058.0,87993.80473414306
binned_pad,400,640,False,0.009545531123876572,182769,703.0,73647.0282142354
binned_pad,400,640,False,0.008996421471238136,183363,594.0,66026.25298281523
binned_pad,400,640,False,0.008056890219449997,183713,350.0,43441.07843930542
binned_pad,400,640,False,0.05188402999192476,188971,5258.0,101341.39543166473
binned_pad,400,640,False,0.017260589636862278,190299,1328.0,76938.27545519534
binned_pad,400,640,False,0.036772471852600574,193899,3600.0,97899.32029672369
binned_pad,400,640,False,0.029124184511601925,196403,2504.0,85976.65623916457
binned_pad,400,640,False,0.04961623717099428,201087,4684.0,94404.5793689948
binned_pad,400,640,False,0.00805823877453804,201433,346.0,42937.42214406341
binned_pad,400,640,False,0.010273812338709831,202235,802.0,78062.55103358388
binned_pad,400,640,False,0.03174012620002031,205481,3246.0,102268.02437848916
binned_pad,400,640,False,0.041213338263332844,209210,3729.0,90480.41622286296
binned_pad,400,640,False,0.010050731711089611,209986,776.0,77208.30903722064
binned_pad,400,640,False,0.021533065475523472,212045,2059.0,95620.38448916876
binned_pad,400,640,False,0.04656784422695637,216165,4120.0,88473.06694981357
binned_pad,400,640,False,0.05464570317417383,221892,5727.0,104802.38458541136
binned_pad,400,640,False,0.050691927783191204,227015,5123.0,101061.4554236527
binned_pad,400,640,False,0.008916789665818214,227537,522.0,58541.2485393756
binned_pad,400,640,False,0.013928025960922241,228508,971.0,69715.55069787546
binned_pad,400,640,False,0.009252640418708324,229144,636.0,68737.13569523823
binned_pad,400,640,False,0.03959682583808899,232918,3774.0,95310.66998733299
binned_pad,400,640,False,0.04138315748423338,236784,3866.0,93419.6478717921
binned_pad,400,640,False,0.008081259205937386,237163,379.0,46898.631802522155
binned_pad,400,640,False,0.06219289265573025,242298,5135.0,82565.70454802408
binned_pad,400,640,False,0.00815831869840622,242747,449.0,55035.849492826885
binned_pad,400,640,False,0.015262997709214687,243963,1216.0,79669.80164491983
binned_pad,400,640,False,0.033239888958632946,247023,3060.0,92058.06926154811
binned_pad,400,640,False,0.031331686303019524,249762,2739.0,87419.48880472593
binned_pad,400,640,False,0.059356508776545525,255202,5440.0,91649.5951687373
binned_pad,400,640,False,0.017475799657404423,256572,1370.0,78394.12369433617
binned_pad,400,640,False,0.032852658070623875,259513,2941.0,89520.91467538748
binned_pad,400,640,False,0.04986757691949606,264712,5199.0,104256.11832700491
binned_pad,400,640,False,0.013404835015535355,265825,1113.0,83029.74253022163
binned_pad,400,640,False,0.05827060714364052,269864,4039.0,69314.53434222205
binned_pad,400,640,False,0.05392188299447298,274924,5060.0,93839.45290854647
binned_pad,400,640,False,0.026334070600569248,277155,2231.0,84719.14706387147
binned_pad,400,640,False,0.01857257168740034,278964,1809.0,97401.69699962597
binned_pad,400,640,False,0.04841390531510115,282736,3772.0,77911.50033136136
binned_pad,400,640,False,0.033448058180511,285442,2706.0,80901.55743560297
binned_pad,400,640,False,0.018422910943627357,287165,1723.0,93524.85094631587
binned_pad,400,640,False,0.05326422210782766,292346,5181.0,97269.79565216639
binned_pad,400,640,False,0.04902088642120361,297103,4757.0,97040.26889938889
binned_pad,400,640,False,0.08039520308375359,301574,4471.0,55612.7707687016
binned_pad,400,640,False,0.00817164033651352,301914,340.0,41607.313342068
binned_pad,400,640,False,0.053176600486040115,307366,5452.0,102526.29822455942
binned_pad,400,640,False,0.008212749846279621,307846,480.0,58445.7105091835
binned_pad,400,640,False,0.008088388480246067,308169,323.0,39933.78913350285
binned_pad,400,640,False,0.04722548462450504,312887,4718.0,99903.68627264135
binned_pad,400,640,False,0.008936800993978977,313512,625.0,69935.53962106614
binned_pad,400,640,False,0.021888505667448044,315757,2245.0,102565.24744577239
binned_pad,400,640,False,0.029192082583904266,318549,2792.0,95642.37124827244
binned_pad,400,640,False,0.009167700074613094,319131,582.0,63483.75222392539
binned_pad,400,640,False,0.01652131974697113,320571,1440.0,87160.10718598898
binned_pad,400,640,False,0.0395914763212204,324591,4020.0,101537.0067886391
binned_pad,400,640,False,0.04696324374526739,328954,4363.0,92902.44140002938
binned_pad,400,640,False,0.05219575110822916,334022,5068.0,97096.0258717492
binned_pad,400,640,False,0.04977684747427702,338260,4238.0,85139.98404961372
binned_pad,400,640,False,0.011416133493185043,339244,984.0,86193.80638702298
binned_pad,400,640,False,0.05417289212346077,344553,5309.0,98001.04428430212
binned_pad,400,640,False,0.019523843191564083,346282,1729.0,88558.3838712181
binned_pad,400,640,False,0.023850607685744762,348507,2225.0,93289.0276556709
binned_pad,400,640,False,0.022244165651500225,350414,1907.0,85730.34520049015
binned_pad,400,640,False,0.008020859211683273,350729,315.0,39272.60056393553
binned_pad,400,640,False,0.009790091775357723,351518,789.0,80591.68576804997
binned_pad,400,640,False,0.021540905348956585,353883,2365.0,109791.11423998517
binned_pad,400,640,False,0.02910685259848833,356668,2785.0,95681.93574267247
binned_pad,400,640,False,0.03149496577680111,359731,3063.0,97253.6379847784
binned_pad,400,640,False,0.04444027040153742,364373,4642.0,104454.80997432026
binned_pad,400,640,False,0.009768000803887844,365067,694.0,71048.31520117968
binned_pad,400,640,False,0.009707490913569927,365776,709.0,73036.38049342921
binned_pad,400,640,False,0.009132590144872665,366319,543.0,59457.39285200026
binned_pad,400,640,False,0.009556571021676064,367060,741.0,77538.2716582418
binned_pad,400,640,False,0.017310931347310543,368603,1543.0,89134.43009175375
binned_pad,400,640,False,0.008115190081298351,369002,399.0,49167.055361956955
binned_pad,400,640,False,0.05717820581048727,373819,4817.0,84245.38566259971
binned_pad,400,640,False,0.041935648769140244,378344,4525.0,107903.42185739292
binned_pad,400,640,False,0.05042779818177223,383582,5238.0,103871.28109617409
binned_pad,400,640,False,0.009345080703496933,384149,567.0,60673.63332537389
binned_pad,400,640,False,0.037438713014125824,387881,3732.0,99682.91374203746
binned_pad,400,640,False,0.029485474340617657,390342,2461.0,83464.82649627428
binned_pad,400,640,False,0.008381378836929798,390928,586.0,69916.89689743925
binned_pad,400,640,False,0.034536910243332386,394323,3395.0,98300.62898158154
binned_pad,400,640,False,0.03762337379157543,398306,3983.0,105865.04076069508
binned_pad,400,640,False,0.023671286180615425,400599,2293.0,96868.41612678203
binned_pad,400,640,False,0.008106608875095844,400923,324.0,39967.39018646306
binned_pad,400,640,False,0.010654782876372337,401862,939.0,88129.43547468176
binned_pad,400,640,False,0.010757142677903175,402701,839.0,77994.68921458437
binned_pad,400,640,False,0.05401619244366884,407694,4993.0,92435.24532401991
binned_pad,400,640,False,0.012826355174183846,408830,1136.0,88567.63940908761
binned_pad,400,640,False,0.013840166851878166,409931,1101.0,79551.06407193276
binned_pad,400,640,False,0.015352877788245678,411299,1368.0,89103.81616190255
binned_pad,400,640,False,0.03694225288927555,415187,3888.0,105245.34092853601
binned_pad,400,640,False,0.010373661294579506,416037,850.0,81938.28349149456
binned_pad,400,640,False,0.016269778832793236,417541,1504.0,92441.33036206673
binned_pad,400,640,False,0.011257163248956203,418578,1037.0,92119.12247041044
binned_pad,400,640,False,0.008999310433864594,419247,669.0,74339.02907522103
binned_pad,400,640,False,0.05026143789291382,424020,4773.0,94963.45906715351
binned_pad,400,640,False,0.01589028723537922,425248,1228.0,77279.9120500413
binned_pad,400,640,False,0.0398692162707448,429653,4405.0,110486.24507907112
binned_pad,400,640,False,0.020482654683291912,431442,1789.0,87342.19404964734
binned_pad,400,640,False,0.017240960150957108,432873,1431.0,83000.01783372604
binned_pad,400,640,False,0.06825335882604122,438700,5827.0,85373.0878629929
binned_pad,400,640,False,0.02535912860184908,440358,1658.0,65380.79545363817
binned_pad,400,640,False,0.026753541082143784,443012,2654.0,99201.82124120269
binned_pad,400,640,False,0.011721952818334103,444106,1094.0,93329.15913881632
binned_pad,400,640,False,0.041760968044400215,448263,4157.0,99542.71164356827
binned_pad,400,640,False,0.029348074458539486,450876,2613.0,89034.80205120199
binned_pad,400,640,False,0.05462173279374838,456017,5141.0,94120.04594237996
binned_pad,400,640,False,0.01564270816743374,457318,1301.0,83169.74184230628
binned_pad,400,640,False,0.008239739574491978,457443,125.0,15170.382373123351
binned_pad,400,640,False,0.03646977245807648,461204,3761.0,103126.50029071134
binned_pad,400,640,False,0.05780201684683561,466374,5170.0,89443.24579018618
binned_pad,400,640,False,0.010352152399718761,467125,751.0,72545.2998567141
binned_pad,400,640,False,0.01612291857600212,468298,1173.0,72753.57711884321
binned_pad,400,640,False,0.010508871637284756,469226,928.0,88306.34077853989
binned_pad,400,640,False,0.056396556086838245,474990,5764.0,102204.82242080018
binned_pad,400,640,False,0.015966047532856464,476358,1368.0,85681.81932220848
binned_pad,400,640,False,0.008168080821633339,476776,418.0,51174.81194516562
binned_pad,400,640,False,0.013295684941112995,477808,1032.0,77619.16776538857
binned_pad,400,640,False,0.03939727507531643,481708,3900.0,98991.61788586405
binned_pad,400,640,False,0.032499306835234165,485023,3315.0,102002.17551735714
binned_pad,400,640,False,0.023091147653758526,487282,2259.0,97829.69793761223
binned_pad,400,640,False,0.023764368146657944,489272,1990.0,83738.81382913435
binned_pad,400,640,False,0.022682756185531616,491254,1982.0,87379.15197731725
binned_pad,400,640,False,0.018242591060698032,492900,1646.0,90228.41078459266
binned_pad,400,640,False,0.05578616540879011,498427,5527.0,99074.7429850972
binned_pad,400,640,False,0.0081391092389822,498794,367.0,45090.929390928475
binned_pad,400,640,False,0.05019777733832598,503812,5018.0,99964.5854074252
binned_pad,400,640,False,0.027373812161386013,506293,2481.0,90634.06972229257
binned_pad,400,640,False,0.008247168734669685,506754,461.0,55897.97115003055
binned_pad,400,640,False,0.01275714486837387,507765,1011.0,79249.70755065748
binned_pad,400,640,False,0.026389931328594685,510215,2450.0,92838.43786835906
binned_pad,400,640,False,0.0551195340231061,515119,4904.0,88970.2731874374
binned_pad,400,640,False,0.008050388656556606,515433,314.0,39004.328038779095
binned_pad,400,640,False,0.03243863768875599,518797,3364.0,103703.49187524737
binned_pad,400,640,False,0.041691578924655914,522326,3529.0,84645.39101235599
binned_pad,400,640,False,0.00827161967754364,522966,640.0,77372.99645648795
binned_pad,400,640,False,0.04836298618465662,527776,4810.0,99456.22426280193
binned_pad,400,640,False,0.0772135891020298,534854,7078.0,91667.80203219349
binned_pad,400,640,False,0.05744452681392431,540086,5232.0,91079.17307679493
binned_pad,400,640,False,0.008284438401460648,540582,496.0,59871.28830755132
binned_pad,400,640,False,0.036005692556500435,543734,3152.0,87541.71288481273
binned_pad,400,640,False,0.03168662637472153,546503,2769.0,87387.02464737649
binned_pad,400,640,False,0.008154979906976223,546889,386.0,47333.04120955517
binned_pad,400,640,False,0.0407074773684144,551088,4199.0,103150.58243471684
binned_pad,400,640,False,0.019241281785070896,552942,1854.0,96355.3270883699
binned_pad,400,640,False,0.03206419665366411,556265,3323.0,103635.84143064026
binned_pad,400,640,False,0.018364600837230682,557637,1372.0,74708.94751050265
binned_pad,400,640,False,0.03309382777661085,560167,2530.0,76449.3009717082
binned_pad,400,640,False,0.016980359330773354,561688,1521.0,89574.07616477853
binned_pad,400,640,False,0.03547769133001566,565112,3424.0,96511.3532374399
binned_pad,400,640,False,0.03259908780455589,568221,3109.0,95370.76677236045
binned_pad,400,640,False,0.02777682151645422,570734,2513.0,90471.11450499721
binned_pad,400,640,False,0.012362505309283733,571833,1099.0,88897.83846440059
binned_pad,400,640,False,0.009153401479125023,572474,641.0,70028.6119276911
binned_pad,400,640,False,0.027108602225780487,575041,2567.0,94693.18921795103
binned_pad,400,640,False,0.026851060800254345,577250,2209.0,82268.63051828013
binned_pad,400,640,False,0.00977789144963026,578009,759.0,77624.09757869634
binned_pad,400,640,False,0.050857738591730595,583057,5048.0,99257.26427837668
binned_pad,400,640,False,0.04023677762597799,587142,4085.0,101524.03450326523
binned_pad,400,640,False,0.008030719123780727,587482,340.0,42337.42891009413
binned_pad,400,640,False,0.016317828558385372,588643,1161.0,71149.17256581837
binned_pad,400,640,False,0.05422089248895645,594024,5381.0,99242.18789087594
binned_pad,400,640,False,0.020591423846781254,595966,1942.0,94311.10808316266
binned_pad,400,640,False,0.057993206195533276,601306,5340.0,92079.75123836652
binned_pad,400,640,False,0.02927752397954464,604370,3064.0,104653.65862703172
binned_pad,400,640,False,0.048568835482001305,609488,5118.0,105376.21396948326
binned_pad,400,640,False,0.03936784528195858,613748,4260.0,108210.13874366817
binned_pad,400,640,False,0.03550563286989927,617342,3594.0,101223.37526468645
binned_pad,400,640,False,0.012697613798081875,618557,1215.0,95687.27001159385
binned_pad,400,640,False,0.047366115264594555,623328,4771.0,100726.0142265931
binned_pad,400,640,False,0.051929840818047523,628067,4739.0,91257.74170201238
binned_pad,400,640,False,0.008200879208743572,628501,434.0,52921.15503143615
binned_pad,400,640,False,0.01844142097979784,630136,1635.0,88659.1115614738
binned_pad,400,640,False,0.012389615178108215,631301,1165.0,94030.36198077342
binned_pad,400,640,False,0.03602041210979223,634610,3309.0,91864.57917011007
binned_pad,400,640,False,0.008127409033477306,634993,383.0,47124.48929571516
binned_pad,400,640,False,0.008414508774876595,635195,202.0,24006.15477437214
binned_pad,400,640,False,0.04032362625002861,639375,4180.0,103661.31195844605
binned_pad,400,640,False,0.015374736860394478,640702,1327.0,86310.42027251661
binned_pad,400,640,False,0.016840859316289425,642188,1486.0,88237.77766272635
binned_pad,400,640,False,0.034810240380465984,645353,3165.0,90921.52094922223
binned_pad,400,640,False,0.033239418640732765,648453,3100.0,93262.76230960159
binned_pad,400,640,False,0.018655852414667606,650181,1728.0,92625.0895210455
binned_pad,400,640,False,0.029976014979183674,652841,2660.0,88737.612449393
binned_pad,400,640,False,0.03954470530152321,657291,4450.0,112530.86768682006
binned_pad,400,640,False,0.017175479792058468,658749,1458.0,84888.4582935578
binned_pad,400,640,False,0.04684356413781643,663456,4707.0,100483.38734754978
binned_pad,400,640,False,0.016015488654375076,664953,1497.0,93472.01526636234
binned_pad,400,640,False,0.023652458563447,664962,9.0,380.51012649944084
binned_pad,400,640,False,0.0081367501989007,665244,282.0,34657.571279268115
binned_pad,400,640,False,0.041097487322986126,669524,4280.0,104142.6198726793
binned_pad,400,640,False,0.03677510190755129,672671,3147.0,85574.2020215532
binned_pad,400,640,False,0.017889659851789474,674356,1685.0,94188.48731388552
binned_pad,400,640,False,0.009862110950052738,675072,716.0,72601.08952598745
binned_pad,400,640,False,0.009104570373892784,675733,661.0,72600.89964216294
binned_pad,400,640,False,0.020008403807878494,677635,1902.0,95060.05667733825
binned_pad,400,640,False,0.028878122568130493,680819,3184.0,110256.47503532031
binned_pad,400,640,False,0.009086830541491508,681465,646.0,71091.89469862897
binned_pad,400,640,False,0.018835402093827724,682911,1446.0,76770.32817227977
binned_pad,400,640,False,0.008156469091773033,683363,452.0,55416.13594243945
binned_pad,400,640,False,0.011306753382086754,684407,1044.0,92334.19751190516
binned_pad,400,640,False,0.036340911872684956,688073,3666.0,100878.04105860888
binned_pad,400,640,False,0.0530597111210227,693595,5522.0,104071.42977851866
binned_pad,400,640,False,0.01662609912455082,694958,1363.0,81979.5425126111
binned_pad,400,640,False,0.03732793312519789,698496,3538.0,94781.5671479465
binned_pad,400,640,False,0.01721462979912758,700039,1543.0,89633.0631564437
binned_pad,400,640,False,0.04580317158252001,704165,4126.0,90081.09826120899
binned_pad,400,640,False,0.048624396324157715,708831,4666.0,95960.0602317776
binned_pad,400,640,False,0.048402076587080956,713776,4945.0,102165.03812813426
binned_pad,400,640,False,0.010042562149465084,714441,665.0,66218.16127226269
binned_pad,400,640,False,0.04763255454599857,718592,4151.0,87146.28135241824
binned_pad,400,640,False,0.05066637881100178,723216,4624.0,91263.67639670229
binned_pad,400,640,False,0.010859383270144463,724020,804.0,74037.35368751787
binned_pad,400,640,False,0.02905282285064459,726461,2441.0,84019.37438398837
binned_pad,400,640,False,0.008161809295415878,726885,424.0,51949.265739171555
binned_pad,400,640,False,0.07604428846389055,733486,6601.0,86804.67834391624
binned_pad,400,640,False,0.02484880853444338,735455,1969.0,79239.21170187028
binned_pad,400,640,False,0.09468143992125988,741937,6482.0,68461.1472469223
binned_pad,400,640,False,0.0575144262984395,746922,4985.0,86673.90637147422
binned_pad,400,640,False,0.030594595707952976,749238,2316.0,75699.64388834733
binned_pad,400,640,False,0.008858040906488895,749853,615.0,69428.44433575444
binned_pad,400,640,False,0.011502493172883987,750854,1001.0,87024.61153028636
binned_pad,400,640,False,0.009037720039486885,751502,648.0,71699.49911800875
binned_pad,400,640,False,0.03069095592945814,754845,3343.0,108924.5967992572
binned_pad,400,640,False,0.01946111209690571,756670,1825.0,93776.7580245413
binned_pad,400,640,False,0.01158320251852274,757676,1006.0,86849.90169094445
binned_pad,400,640,False,0.03203475661575794,760360,2684.0,83783.99849242921
binned_pad,400,640,False,0.009190061129629612,761052,692.0,75298.73743373998
binned_pad,400,640,False,0.016805879771709442,762591,1539.0,91575.09281904482
binned_pad,400,640,False,0.040387436747550964,766713,4122.0,102061.44117947649
binned_pad,400,640,False,0.008224008604884148,767151,438.0,53258.69913850487
binned_pad,400,640,False,0.010224621742963791,767948,797.0,77949.09386730772
binned_pad,400,640,False,0.030654805712401867,770556,2608.0,85076.3832747077
binned_pad,400,640,False,0.034895830787718296,773543,2987.0,85597.61818455644
binned_pad,400,640,False,0.0668828571215272,780418,6875.0,102791.66135962191
binned_pad,400,640,False,0.019005081616342068,782103,1685.0,88660.49796655985
binned_pad,400,640,False,0.008147449232637882,782743,640.0,78552.19243787648
binned_pad,400,640,False,0.021677395328879356,784982,2239.0,103287.3168584571
binned_pad,400,640,False,0.008322549052536488,785493,511.0,61399.4578793454
binned_pad,400,640,False,0.008298099972307682,786000,507.0,61098.323916553694
binned_pad,400,640,False,0.03374115005135536,788723,2723.0,80702.64338516875
binned_pad,400,640,False,0.00820929929614067,789153,430.0,52379.62272884243
binned_pad,400,640,False,0.010110050439834595,789916,763.0,75469.45532474347
binned_pad,400,640,False,0.0453120619058609,794418,4502.0,99355.44335530861
binned_pad,400,640,False,0.02689272165298462,797312,2894.0,107612.759963208
binned_pad,400,640,False,0.05085020884871483,802785,5473.0,107629.84310020828
binned_pad,400,640,False,0.02698077168315649,804756,1971.0,73052.02472138529
binned_pad,400,640,False,0.009215660393238068,805516,760.0,82468.31670985241
binned_pad,400,640,False,0.02413214836269617,807278,1762.0,73014.6348148483
binned_pad,400,640,False,0.010135471820831299,808135,857.0,84554.52446117204
binned_pad,400,640,False,0.02568879909813404,809622,1487.0,57885.15042371176
binned_pad,400,640,False,0.016101568937301636,811085,1463.0,90860.7108845615
binned_pad,400,640,False,0.05067454930394888,816728,5643.0,111357.67515470063
binned_pad,400,640,False,0.008198310621082783,817132,404.0,49278.44511783602
binned_pad,400,640,False,0.05871726758778095,823219,6087.0,103666.26803435764
binned_pad,400,640,False,0.033393108285963535,826504,3285.0,98373.5916964884
binned_pad,400,640,False,0.04806439485400915,831691,5187.0,107917.72195936306
binned_pad,400,640,False,0.03484208043664694,834770,3079.0,88370.15360200778
binned_pad,400,640,False,0.03609401173889637,838213,3443.0,95389.78445805966
binned_pad,400,640,False,0.011718233115971088,839183,970.0,82776.98441396949
binned_pad,400,640,False,0.011880293488502502,840200,1017.0,85603.9458102808
binned_pad,400,640,False,0.010513601824641228,841093,893.0,84937.5898854219
binned_pad,400,640,False,0.031004125252366066,844211,3118.0,100567.26240847744
binned_pad,400,640,False,0.012104344554245472,845297,1086.0,89719.85183775167
binned_pad,400,640,False,0.013111474923789501,846373,1076.0,82065.51942128969
binned_pad,400,640,False,0.08002886176109314,853638,7265.0,90779.74920707862
binned_pad,400,640,False,0.07196790352463722,859500,5862.0,81452.97713157957
binned_pad,400,640,False,0.03686072304844856,862956,3456.0,93758.33445962369
binned_pad,400,640,False,0.015222818590700626,864252,1296.0,85135.35074192537
binned_pad,400,640,False,0.05084550939500332,868915,4663.0,91709.18052515846
binned_pad,400,640,False,0.054463163018226624,874648,5733.0,105263.80919303927
binned_pad,400,640,False,0.008156299591064453,874999,351.0,43034.22110494008
binned_pad,400,640,False,0.05850133765488863,881337,6338.0,108339.40306440786
binned_pad,400,640,False,0.0562929455190897,886594,5257.0,93386.47945180415
binned_pad,400,640,False,0.022056355141103268,888647,2053.0,93079.74898237461
binned_pad,400,640,False,0.03952403459697962,892838,4191.0,106036.74555836644
binned_pad,400,640,False,0.056283884681761265,899078,6240.0,110866.54795208308
binned_pad,400,640,False,0.011896723881363869,900160,1082.0,90949.40849177353
binned_pad,400,640,False,0.01410373579710722,900958,798.0,56580.75360172839
binned_pad,400,640,False,0.020201613195240498,902826,1868.0,92467.8629348324
binned_pad,400,640,False,0.041023148223757744,907307,4481.0,109231.01209977145
binned_pad,400,640,False,0.02179519645869732,909213,1906.0,87450.46201404693
binned_pad,400,640,False,0.012035523541271687,910388,1175.0,97627.65998261246
binned_pad,400,640,False,0.04599817283451557,914589,4201.0,91329.71466309424
binned_pad,400,640,False,0.00825501885265112,915060,471.0,57056.19919314142
binned_pad,400,640,False,0.05025176890194416,920426,5366.0,106782.31069777125
binned_pad,400,640,False,0.008697490207850933,921001,575.0,66111.02585444324
binned_pad,400,640,False,0.03756930399686098,925144,4143.0,110276.19783284138
binned_pad,400,640,False,0.037109022960066795,929037,3893.0,104907.10046958867
binned_pad,400,640,False,0.008045648224651814,929414,377.0,46857.629052793345
binned_pad,400,640,False,0.011916263028979301,930485,1071.0,89877.17016613534
binned_pad,400,640,False,0.02372581698000431,932339,1854.0,78142.7253511446
binned_pad,400,640,False,0.008090939372777939,932737,398.0,49190.82712930413
binned_pad,400,640,False,0.01809328142553568,934277,1540.0,85114.46673385317
binned_pad,400,640,False,0.015993809327483177,935840,1563.0,97725.31158754019
binned_pad,400,640,False,0.030644205398857594,938661,2821.0,92056.55566142256
binned_pad,400,640,False,0.00808791909366846,939020,359.0,44387.18981264776
binned_pad,400,640,False,0.02802775241434574,941600,2580.0,92051.61947553993
binned_pad,400,640,False,0.018226491287350655,943384,1784.0,97879.50801250001
binned_pad,400,640,False,0.03249021712690592,946505,3121.0,96059.68429849076
binned_pad,400,640,False,0.00950596109032631,947182,677.0,71218.46950214697
binned_pad,400,640,False,0.03912752494215965,950970,3788.0,96811.64360893307
binned_pad,400,640,False,0.04643402434885502,955703,4733.0,101929.5670873013
binned_pad,400,640,False,0.009545731358230114,956403,700.0,73331.20676986953
binned_pad,400,640,False,0.010290691629052162,957270,867.0,84250.89695160327
binned_pad,400,640,False,0.04988966882228851,962347,5077.0,101764.55606640186
binned_pad,400,640,False,0.021032013930380344,964161,1814.0,86249.46740738468
binned_pad,400,640,False,0.00951785035431385,964899,738.0,77538.51684225214
binned_pad,400,640,False,0.0295648742467165,967655,2756.0,93218.72898904969
binned_pad,400,640,False,0.031356667168438435,970593,2938.0,93696.18219366114
binned_pad,400,640,False,0.0082665691152215,971201,608.0,73549.25502049817
binned_pad,400,640,False,0.027069712057709694,973777,2576.0,95161.70672625727
binned_pad,400,640,False,0.06061992980539799,978997,5220.0,86110.29436618017
binned_pad,400,640,False,0.03112165629863739,981687,2690.0,86434.98836267841
binned_pad,400,640,False,0.010956093668937683,982650,963.0,87896.29124203844
binned_pad,400,640,False,0.009859280660748482,983423,773.0,78403.28585811012
binned_pad,400,640,False,0.050066777504980564,988485,5062.0,101104.96924824931
binned_pad,400,640,False,0.047488175332546234,993325,4840.0,101920.10887145804
binned_pad,400,640,False,0.0201425738632679,995008,1683.0,83554.36655834374
binned_pad,400,640,False,0.02027866430580616,996698,1690.0,83338.82224758371
binned_pad,400,640,False,0.022749056108295918,998952,2254.0,99081.03392377813
binned_pad,400,640,False,0.00817278865724802,999295,343.0,41968.53906112098
binned_pad,400,640,False,0.010864723473787308,1000153,858.0,78971.17695356418
binned_pad,400,640,False,0.03271907661110163,1003308,3155.0,96426.9266367225
binned_pad,400,640,False,0.020550274290144444,1005213,1905.0,92699.4926249527
binned_pad,400,640,False,0.0651738652959466,1011346,6133.0,94102.13698621053
binned_pad,400,640,False,0.020914694294333458,1013318,1972.0,94287.77548683969
binned_pad,400,640,False,0.04768246505409479,1018059,4741.0,99428.5843783754
binned_pad,400,640,False,0.05644374527037144,1023637,5578.0,98824.05877357708
binned_pad,400,640,False,0.008198228664696217,1024277,640.0,78065.64395501831
binned_pad,400,640,False,0.018822090700268745,1025785,1508.0,80118.62359044251
binned_pad,400,640,False,0.008092500269412994,1026234,449.0,55483.47050380378
binned_pad,400,640,False,0.052882950752973557,1031636,5402.0,102150.12443677324
binned_pad,400,640,False,0.008031588979065418,1031905,269.0,33492.749778550264
binned_pad,400,640,False,0.008094930090010166,1032237,332.0,41013.325168764124
binned_pad,400,640,False,0.008079640567302704,1032592,355.0,43937.59809522229
binned_pad,400,640,False,0.03147274628281593,1035661,3069.0,97512.939367343
binned_pad,400,640,False,0.016458588652312756,1037288,1627.0,98854.16267277417
binned_pad,400,640,False,0.008090450428426266,1037646,358.0,44249.699465699254
binned_pad,400,640,False,0.013076464645564556,1038756,1110.0,84885.3287250315
binned_pad,400,640,False,0.015456678345799446,1039969,1213.0,78477.40457959705
binned_pad,400,640,False,0.008095700293779373,1040278,309.0,38168.4090056337
binned_pad,400,640,False,0.057342346757650375,1045198,4920.0,85800.46472101517
binned_pad,400,640,False,0.040109346620738506,1048673,3475.0,86638.16024874497
binned_pad,400,640,False,0.038276114501059055,1052246,3573.0,93348.03301158322
binned_pad,400,640,False,0.01623703818768263,1053421,1175.0,72365.41457981861
binned_pad,400,640,False,0.037121002562344074,1057527,4106.0,110611.23667401075
binned_pad,400,640,False,0.01936614327132702,1059372,1845.0,95269.35612067151
binned_pad,400,640,False,0.0351380305364728,1062681,3309.0,94171.47032658257
binned_pad,400,640,False,0.051398299634456635,1067034,4353.0,84691.51763693395
binned_pad,400,640,False,0.02038203366100788,1068946,1912.0,93808.10726742038
binned_pad,400,640,False,0.008469969965517521,1069208,262.0,30932.813347230283
binned_pad,400,640,False,0.008056148886680603,1069632,424.0,52630.60625667035
binned_pad,400,640,False,0.018015550449490547,1071281,1649.0,91532.03531711301
binned_pad,400,640,False,0.03241447638720274,1074349,3068.0,94649.06862451274
binned_pad,400,640,False,0.011808633804321289,1075397,1048.0,88748.6238769206
binned_pad,400,640,False,0.021417655050754547,1077520,2123.0,99123.83008172533
binned_pad,400,640,False,0.009179369546473026,1078035,515.0,56104.070916055185
binned_pad,400,640,False,0.008100478909909725,1078405,370.0,45676.31174835358
binned_pad,400,640,False,0.009438990615308285,1079166,761.0,80623.02750527156
binned_pad,400,640,False,0.008096110075712204,1079520,354.0,43724.70194815862
binned_pad,400,640,False,0.008057818748056889,1079876,356.0,44180.690969978445
binned_pad,400,640,False,0.020185813307762146,1081792,1916.0,94918.14725459843
binned_pad,400,640,False,0.06881378963589668,1087159,5367.0,77993.08871662994
binned_pad,400,640,False,0.008130880072712898,1087589,430.0,52884.804123857764
binned_pad,400,640,False,0.009519170969724655,1088342,753.0,79103.52722888227
binned_pad,400,640,False,0.03756236284971237,1092176,3834.0,102070.25621204653
binned_pad,400,640,False,0.030091794207692146,1094152,1976.0,65665.74217415357
binned_pad,400,640,False,0.029364044778048992,1097065,2913.0,99202.95456631386
binned_pad,400,640,False,0.030860455706715584,1099107,2042.0,66168.8219839099
binned_pad,400,640,False,0.03633127175271511,1102292,3185.0,87665.5246664185
binned_pad,400,640,False,0.01232103444635868,1103465,1173.0,95203.04525620937
binned_pad,400,640,False,0.009668500162661076,1104236,771.0,79743.49558140738
binned_pad,400,640,False,0.009883341379463673,1104963,727.0,73558.11886763455
binned_pad,400,640,False,0.03644023183733225,1108367,3404.0,93413.23664446815
binned_pad,400,640,False,0.008161360397934914,1109007,640.0,78418.29900832962
binned_pad,400,640,False,0.011093412525951862,1109985,978.0,88160.42833637285
binned_pad,400,640,False,0.01071662362664938,1110889,904.0,84354.92665357712
binned_pad,400,640,False,0.014969558455049992,1112218,1329.0,88780.17370991065
binned_pad,400,640,False,0.04754529520869255,1117195,4977.0,104679.12709668215
binned_pad,400,640,False,0.018874301575124264,1118903,1708.0,90493.41472063212
binned_pad,400,640,False,0.00898784026503563,1119414,511.0,56854.59297578809
binned_pad,400,640,False,0.008080420084297657,1119786,372.0,46037.2104567796
binned_pad,400,640,False,0.012219644151628017,1120805,1019.0,83390.31704652701
binned_pad,400,640,False,0.008823600597679615,1121350,545.0,61766.16835346347
binned_pad,400,640,False,0.034641800448298454,1124840,3490.0,100745.34102835359
binned_pad,400,640,False,0.04213470872491598,1128251,3411.0,80954.63581507889
binned_pad,400,640,False,0.020652064122259617,1130120,1869.0,90499.42848015456
binned_pad,400,640,False,0.008098619990050793,1130512,392.0,48403.308277407086
binned_pad,400,640,False,0.038110144436359406,1134816,4304.0,112935.80918296707
binned_pad,400,640,False,0.05077911913394928,1139359,4543.0,89465.90798505397
binned_pad,400,640,False,0.009328491054475307,1139998,639.0,68499.82449127635
binned_pad,400,640,False,0.0603235000744462,1146441,6443.0,106807.46296300099
binned_pad,400,640,False,0.008732710964977741,1147068,627.0,71799.00978225016
binned_pad,400,640,False,0.025904729962348938,1149229,2161.0,83421.05874644867
binned_pad,400,640,False,0.008917469531297684,1149870,641.0,71881.37820379193
binned_pad,400,640,False,0.053791942074894905,1154763,4893.0,90961.57921176078
binned_pad,400,640,False,0.008094948716461658,1155155,392.0,48425.260459382516
binned_pad,400,640,False,0.023897217586636543,1156925,1770.0,74067.20023295908
binned_pad,400,640,False,0.008317249827086926,1157498,573.0,68892.96485166304
binned_pad,400,640,False,0.009387570433318615,1158108,610.0,64979.539097248395
binned_pad,400,640,False,0.010864673182368279,1158959,851.0,78327.25252896188
binned_pad,400,640,False,0.03109404630959034,1162332,3373.0,108477.35821888402
binned_pad,400,640,False,0.008416060358285904,1162856,524.0,62261.91088139046
binned_pad,400,640,False,0.032162818126380444,1166039,3183.0,98965.20844326305
binned_pad,400,640,False,0.0082918182015419,1166537,498.0,60059.20389178271
binned_pad,400,640,False,0.045602102763950825,1171248,4711.0,103306.63970443308
binned_pad,400,640,False,0.009699821472167969,1171889,641.0,66083.69049257693
binned_pad,400,640,False,0.021143504418432713,1173841,1952.0,92321.49795841149
binned_pad,400,640,False,0.04492500238120556,1178199,4358.0,97006.1161715859
binned_pad,400,640,False,0.010886792093515396,1179174,975.0,89558.06188130924
binned_pad,400,640,False,0.02367233671247959,1181541,2367.0,99990.12893189222
binned_pad,400,640,False,0.032091256231069565,1185020,3479.0,108409.59216273252
binned_pad,400,640,False,0.03794179391115904,1188154,3134.0,82600.20618261439
binned_pad,400,640,False,0.008083649910986423,1188487,333.0,41194.262946422554
binned_pad,400,640,False,0.008198339492082596,1188957,470.0,57328.68228424724
binned_pad,400,640,False,0.03029697574675083,1191696,2739.0,90405.06296387491
binned_pad,400,640,False,0.03325601853430271,1195396,3700.0,111258.05682912844
binned_pad,400,640,False,0.0210387846454978,1197312,1916.0,91069.89934468553
binned_pad,400,640,False,0.021596125327050686,1199408,2096.0,97054.44695556618
binned_pad,400,640,False,0.008321018889546394,1199892,484.0,58165.953764153084
binned_pad,400,640,False,0.016991320066154003,1201446,1554.0,91458.46196467706
binned_pad,400,640,False,0.030964385718107224,1204714,3268.0,105540.60493081097
binned_pad,400,640,False,0.008204959332942963,1205128,414.0,50457.28847646903
binned_pad,400,640,False,0.02747916243970394,1207646,2518.0,91633.06944034822
binned_pad,400,640,False,0.01640050858259201,1208994,1348.0,82192.57306635036
binned_pad,400,640,False,0.03468620032072067,1212749,3755.0,108256.30842467505
binned_pad,400,640,False,0.016441838815808296,1214201,1452.0,88311.29025568289
binned_pad,400,640,False,0.036846352741122246,1217715,3514.0,95369.00503257172
binned_pad,400,640,False,0.03567234240472317,1220926,3211.0,90013.71324510638
binned_pad,400,640,False,0.013919555582106113,1222116,1190.0,85491.2351892736
binned_pad,400,640,False,0.008153030648827553,1222545,429.0,52618.470171174
binned_pad,400,640,False,0.051371208392083645,1228093,5548.0,107998.2381892919
binned_pad,400,640,False,0.01723781879991293,1229327,1234.0,71586.78335835814
binned_pad,400,640,False,0.01096403319388628,1230266,939.0,85643.66628546888
binned_pad,400,640,False,0.008071228861808777,1230597,331.0,41009.864255766166
binned_pad,400,640,False,0.018583460710942745,1232269,1672.0,89972.4774630085
binned_pad,400,640,False,0.015668337233364582,1233558,1289.0,82267.8233689768
binned_pad,400,640,False,0.0193862933665514,1235404,1846.0,95221.91607731677
binned_pad,400,640,False,0.06721321772783995,1241160,5756.0,85637.91757905744
binned_pad,400,640,False,0.03020528517663479,1243905,2745.0,90878.13552985048
binned_pad,400,640,False,0.03752483334392309,1247592,3687.0,98254.93337193158
binned_pad,400,640,False,0.03846788499504328,1251402,3810.0,99043.65681895253
binned_pad,400,640,False,0.00818484928458929,1251829,427.0,52169.56172961791
binned_pad,400,640,False,0.027832292020320892,1254424,2595.0,93237.02115892361
binned_pad,400,640,False,0.010170741006731987,1255296,872.0,85736.13263997436
binned_pad,400,640,False,0.010390081442892551,1256199,903.0,86909.80960670978
binned_pad,400,640,False,0.03862041421234608,1260079,3880.0,100465.00223085778
binned_pad,400,640,False,0.052537690848112106,1264726,4647.0,88450.78504562759
binned_pad,400,640,False,0.008851920254528522,1265374,648.0,73204.45523314469
binned_pad,400,640,False,0.052746301516890526,1270545,5171.0,98035.30961017488
binned_pad,400,640,False,0.03921475540846586,1274510,3965.0,101109.900054203
binned_pad,400,640,False,0.008037948980927467,1274880,370.0,46031.64325600225
binned_pad,400,640,False,0.02946836408227682,1277288,2408.0,81714.74986791836
binned_pad,400,640,False,0.016075389459729195,1278681,1393.0,86654.19917132548
binned_pad,400,640,False,0.03630002215504646,1282721,4040.0,111294.69791352056
binned_pad,400,640,False,0.05145012028515339,1287301,4580.0,89018.25641254369
binned_pad,400,640,False,0.011701753363013268,1288351,1050.0,89730.14277662225
binned_pad,400,640,False,0.011804494075477123,1289379,1028.0,87085.4772281674
binned_pad,400,640,False,0.029776044189929962,1292171,2792.0,93766.65289018593
binned_pad,400,640,False,0.04091333784162998,1296288,4117.0,100627.33126141778
binned_pad,400,640,False,0.010922462679445744,1297181,893.0,81758.11867780307
binned_pad,400,640,False,0.04275024961680174,1300496,3315.0,77543.40687398316
binned_pad,400,640,False,0.018777492456138134,1302193,1697.0,90374.15426814731
binned_pad,400,640,False,0.04948142822831869,1307252,5059.0,102240.37949463808
binned_pad,400,640,False,0.03917293529957533,1310788,3536.0,90266.40390765748
binned_pad,400,640,False,0.021736424416303635,1313001,2213.0,101810.6730718837
binned_pad,400,640,False,0.011901403777301311,1314106,1105.0,92846.19030466698
binned_pad,400,640,False,0.0321446368470788,1317076,2970.0,92394.88422685055
binned_pad,400,640,False,0.01321900449693203,1318101,1025.0,77539.87830459472
binned_pad,400,640,False,0.026840350590646267,1320758,2657.0,98992.74568067497
binned_pad,400,640,False,0.009470290504395962,1321530,772.0,81518.09066909296
binned_pad,400,640,False,0.015027746558189392,1322781,1251.0,83246.01397528
binned_pad,400,640,False,0.01033830177038908,1323701,920.0,88989.47045974804
binned_pad,400,640,False,0.039222235791385174,1327605,3904.0,99535.37633001227
binned_pad,400,640,False,0.008192858658730984,1327996,391.0,47724.48986207253
binned_pad,400,640,False,0.00928346998989582,1328683,687.0,74002.50130045495
binned_pad,400,640,False,0.009926741942763329,1329582,899.0,90563.4502421389
binned_pad,400,640,False,0.04575623385608196,1334258,4676.0,102193.72544312805
binned_pad,400,640,False,0.03901959490031004,1338062,3804.0,97489.47957349948
binned_pad,400,640,False,0.010021781548857689,1338859,797.0,79526.77835916753
binned_pad,400,640,False,0.008074479177594185,1339164,305.0,37773.33414226175
binned_pad,400,640,False,0.045574103482067585,1343755,4591.0,100737.03373685581
binned_pad,400,640,False,0.03476586006581783,1346727,2972.0,85486.16356314746
binned_pad,400,640,False,0.008108610287308693,1347071,344.0,42424.03911536068
binned_pad,400,640,False,0.053287741728127,1352073,5002.0,93867.74214452742
binned_pad,400,640,False,0.009135391563177109,1352691,618.0,67648.98863131728
binned_pad,400,640,False,0.016697288490831852,1353944,1253.0,75042.12439570636
binned_pad,400,640,False,0.047247215174138546,1358981,5037.0,106609.45796350502
binned_pad,400,640,False,0.01863741222769022,1360605,1624.0,87136.5605997151
binned_pad,400,640,False,0.03189609665423632,1363414,2809.0,88067.20240568745
binned_pad,400,640,False,0.016383039765059948,1364817,1403.0,85637.34325983711
binned_pad,400,640,False,0.032707806676626205,1367739,2922.0,89336.4703078098
binned_pad,400,640,False,0.03711508307605982,1371372,3633.0,97884.73307617028
binned_pad,400,640,False,0.009455700404942036,1372051,679.0,71808.53568976441
binned_pad,400,640,False,0.008010738529264927,1372428,377.0,47061.82814764694
binned_pad,400,640,False,0.05165694002062082,1377166,4738.0,91720.49289231317
binned_pad,400,640,False,0.007993798702955246,1377481,315.0,39405.54568675177
binned_pad,400,640,False,0.026990750804543495,1380264,2783.0,103109.39551676062
binned_pad,400,640,False,0.029873094521462917,1383001,2737.0,91620.90649944378
binned_pad,400,640,False,0.04656442441046238,1387571,4570.0,98143.59476916856
binned_pad,400,640,False,0.02347587700933218,1389374,1803.0,76802.24254383628
binned_pad,400,640,False,0.00816337950527668,1389780,406.0,49734.304247103544
binned_pad,400,640,False,0.029128093272447586,1393026,3246.0,111438.80821991216
binned_pad,400,640,False,0.00800492987036705,1393409,383.0,47845.515976074166
binned_pad,400,640,False,0.009162310510873795,1393916,507.0,55335.38722555783
binned_pad,400,640,False,0.04130319785326719,1397748,3832.0,92777.31989695995
binned_pad,400,640,False,0.008102078922092915,1398073,325.0,40113.16146449566
binned_pad,400,640,False,0.009825951419770718,1398840,767.0,78058.59883010673
binned_pad,400,640,False,0.02699923049658537,1401189,2349.0,87002.4795816711
binned_pad,400,640,False,0.0270626712590456,1403554,2365.0,87389.74720426045
binned_pad,400,640,False,0.018708281219005585,1405428,1874.0,100169.54406780134
binned_pad,400,640,False,0.013867185451090336,1406606,1178.0,84948.74494574365
binned_pad,400,640,False,0.008313779719173908,1407155,549.0,66034.94662407905
binned_pad,400,640,False,0.05552658345550299,1411625,4470.0,80501.98160637954
binned_pad,400,640,False,0.011068332940340042,1412508,883.0,79777.1448292621
binned_pad,400,640,False,0.00917695090174675,1413115,607.0,66143.97379901673
binned_pad,400,640,False,0.04685356467962265,1417697,4582.0,97794.05326640565
binned_pad,400,640,False,0.022711685858666897,1419962,2265.0,99728.39594977333
binned_pad,400,640,False,0.03755640331655741,1423906,3944.0,105015.38091271956
binned_pad,400,640,False,0.051500989124178886,1428520,4614.0,89590.51230792384
binned_pad,400,640,False,0.05811593681573868,1434018,5498.0,94603.99851131812
binned_pad,400,640,False,0.009917020797729492,1434434,416.0,41948.08183675923
binned_pad,400,640,False,0.02916332334280014,1436783,2349.0,80546.37574698504
binned_pad,400,640,False,0.01145827304571867,1437683,900.0,78545.86781175378
binned_pad,400,640,False,0.01149810291826725,1438685,1002.0,87144.81050679272
binned_pad,400,640,False,0.01122330129146576,1439284,599.0,53371.10574189805
binned_pad,400,640,False,0.04804613534361124,1443744,4460.0,92827.44528989577
binned_pad,400,640,False,0.051716480404138565,1448996,5252.0,101553.70123717301
binned_pad,400,640,False,0.04196320939809084,1453450,4454.0,106140.59467535959
binned_pad,400,640,False,0.01208864338696003,1454085,635.0,52528.64028439882
binned_pad,400,640,False,0.01430597621947527,1455068,983.0,68712.54257097148
binned_pad,400,640,False,0.05646842531859875,1460094,5026.0,89005.49239053439
binned_pad,400,640,False,0.011204303242266178,1460638,544.0,48552.77371892791
binned_pad,400,640,False,0.03678096178919077,1464355,3717.0,101057.71625287831
binned_pad,400,640,False,0.014096546918153763,1465396,1041.0,73847.87253532163
binned_pad,400,640,False,0.0508730486035347,1470273,4877.0,95866.0849678496
binned_pad,400,640,False,0.07577918842434883,1476678,6405.0,84521.88698740392
binned_pad,400,640,False,0.009991651400923729,1477115,437.0,43736.5138619227
binned_pad,400,640,False,0.026816410943865776,1479596,2481.0,92517.97360927323
binned_pad,400,640,False,0.027573232538998127,1481517,1921.0,69669.01676410406
binned_pad,400,640,False,0.010873672552406788,1482327,810.0,74491.85140495277
binned_pad,400,640,False,0.015667648054659367,1483579,1252.0,79909.8879188616
binned_pad,400,640,False,0.02844381332397461,1486579,3000.0,105471.09017451509
binned_pad,400,640,False,0.06070281006395817,1492985,6406.0,105530.53463670726
binned_pad,400,640,False,0.010416252538561821,1493802,817.0,78435.11828994151
binned_pad,400,640,False,0.05940255802124739,1500199,6397.0,107688.96514038825
binned_pad,400,640,False,0.018399691209197044,1501643,1444.0,78479.57792238491
binned_pad,400,640,False,0.04240729007869959,1505463,3820.0,90078.85184153082
binned_pad,400,640,False,0.008428859524428844,1505949,486.0,57659.046113113654
binned_pad,400,640,False,0.011848104186356068,1507050,1101.0,92926.2591451449
binned_pad,400,640,False,0.030532944947481155,1509720,2670.0,87446.52717229178
binned_pad,400,640,False,0.05244323145598173,1514684,4964.0,94654.73164380684
binned_pad,400,640,False,0.04484780225902796,1519523,4839.0,107898.26382241282
binned_pad,400,640,False,0.02661953028291464,1522072,2549.0,95756.76102880143
binned_pad,400,640,False,0.008439900353550911,1522328,256.0,30332.111669102036
binned_pad,400,640,False,0.039259616285562515,1526309,3981.0,101401.90803301327
binned_pad,400,640,False,0.008117130026221275,1526639,330.0,40654.763313385425
binned_pad,400,640,False,0.048360126093029976,1531534,4895.0,101219.75262395985
binned_pad,400,640,False,0.013070804998278618,1532201,667.0,51029.756781456206
binned_pad,400,640,False,0.03967300429940224,1535841,3640.0,91750.04677059068
binned_pad,400,640,False,0.027492421679198742,1538372,2531.0,92061.73357638407
binned_pad,400,640,False,0.008088098838925362,1538820,448.0,55390.02538444798
binned_pad,400,640,False,0.041559658013284206,1543066,4246.0,102166.38449341428
binned_pad,400,640,False,0.039370546117424965,1546570,3504.0,89000.54344049773
binned_pad,400,640,False,0.01342986524105072,1547483,913.0,67982.8117120086
binned_pad,400,640,False,0.028615742921829224,1549963,2480.0,86665.58148690096
binned_pad,400,640,False,0.01497985702008009,1551202,1239.0,82711.0698279132
binned_pad,400,640,False,0.0300224544480443,1553763,2561.0,85302.81907603417
binned_pad,400,640,False,0.008093269541859627,1554128,365.0,45099.20225839066
binned_pad,400,640,False,0.0698862299323082,1559968,5840.0,83564.38751463091
binned_pad,400,640,False,0.008189739659428596,1560464,496.0,60563.58573364055
binned_pad,400,640,False,0.03435988072305918,1563604,3140.0,91385.64901631694
binned_pad,400,640,False,0.010078011080622673,1564420,816.0,80968.35709666467
binned_pad,400,640,False,0.050269047729671,1568758,4338.0,86295.64704165903
binned_pad,400,640,False,0.047316874377429485,1573540,4782.0,101063.31119540412
binned_pad,400,640,False,0.038581074215471745,1577509,3969.0,102874.27399852841
binned_pad,400,640,False,0.020646654069423676,1579353,1844.0,89312.29214184596
binned_pad,400,640,False,0.05084114894270897,1584380,5027.0,98876.60103167106
binned_pad,400,640,False,0.01156082283705473,1585422,1042.0,90131.9927384566
binned_pad,400,640,False,0.008113019168376923,1585824,402.0,49549.987699637524
binned_pad,400,640,False,0.028002602979540825,1588132,2308.0,82420.90928783527
binned_pad,400,640,False,0.00921815074980259,1588794,662.0,71814.83770095395
binned_pad,400,640,False,0.020050033926963806,1590662,1868.0,93166.92464484388
binned_pad,400,640,False,0.025654890574514866,1592813,2151.0,83843.6630143637
binned_pad,400,640,False,0.05699699558317661,1596968,4155.0,72898.5792582092
binned_pad,400,640,False,0.03376411832869053,1600084,3116.0,92287.3202156808
binned_pad,400,640,False,0.03576117195188999,1603735,3651.0,102093.96954081208
binned_pad,400,640,False,0.008202329277992249,1604147,412.0,50229.63429491197
binned_pad,400,640,False,0.07710959948599339,1612001,7854.0,101855.0226217508
binned_pad,400,640,False,0.008267398923635483,1612434,433.0,52374.39296198783
binned_pad,400,640,False,0.008877100422978401,1612912,478.0,53846.41124062262
binned_pad,400,640,False,0.012674374505877495,1614041,1129.0,89077.37415179331
binned_pad,400,640,False,0.018126060254871845,1615638,1597.0,88105.19095404448
binned_pad,400,640,False,0.035896601155400276,1618824,3186.0,88754.92100790993
binned_pad,400,640,False,0.008167590014636517,1619227,403.0,49341.36009248926
binned_pad,400,640,False,0.057800556533038616,1625061,5834.0,100933.28420921526
binned_pad,400,640,False,0.02168912533670664,1627387,2326.0,107242.6833212809
binned_pad,400,640,False,0.031044326722621918,1630066,2679.0,86295.96073822468
binned_pad,400,640,False,0.038022544234991074,1633973,3907.0,102754.82818439325
binned_pad,400,640,False,0.05552044417709112,1640019,6046.0,108896.82331638665
binned_pad,400,640,False,0.04782533645629883,1644826,4807.0,100511.57725555102
binned_pad,400,640,False,0.009427391923964024,1645558,732.0,77646.07708090373
binned_pad,400,640,False,0.035235500894486904,1648700,3142.0,89171.42995664383
binned_pad,400,640,False,0.01849771197885275,1650549,1849.0,99958.30847154737
binned_pad,400,640,False,0.05349886231124401,1655214,4665.0,87198.11596852487
binned_pad,400,640,False,0.03592688124626875,1658227,3013.0,83864.78022811736
binned_pad,400,640,False,0.02751999255269766,1660403,2176.0,79069.78883926684
binned_pad,400,640,False,0.013773325830698013,1661157,754.0,54743.495454052456
binned_pad,400,640,False,0.03776111360639334,1664937,3780.0,100102.97999686132
binned_pad,400,640,False,0.05418963171541691,1670417,5480.0,101126.35621476173
binned_pad,400,640,False,0.016191658563911915,1671912,1495.0,92331.49242240487
binned_pad,400,640,False,0.03070775605738163,1675017,3105.0,101114.51954346271
binned_pad,400,640,False,0.048614817671477795,1679908,4891.0,100607.1859212081
binned_pad,400,640,False,0.013478174805641174,1680942,1034.0,76716.61889762909
binned_pad,400,640,False,0.00991964153945446,1681718,776.0,78228.6332538864
binned_pad,400,640,False,0.008911660872399807,1682320,602.0,67551.94218223078
binned_pad,400,640,False,0.052914450876414776,1687394,5074.0,95890.62942088665
binned_pad,400,640,False,0.06770340725779533,1693488,6094.0,90010.24094394216
binned_pad,400,640,False,0.03643800225108862,1696912,3424.0,93967.82997063745
binned_pad,400,640,False,0.03994135744869709,1701050,4138.0,103601.88697429921
binned_pad,400,640,False,0.010276392102241516,1701897,847.0,82421.92313927472
binned_pad,400,640,False,0.06044788006693125,1705308,3411.0,56428.77791947628
binned_pad,400,640,False,0.03638169262558222,1708278,2970.0,81634.46463487543
binned_pad,400,640,False,0.01642749924212694,1709729,1451.0,88327.50369447788
binned_pad,400,640,False,0.013693585060536861,1710806,1077.0,78649.96604167411
binned_pad,400,640,False,0.04993709735572338,1715739,4933.0,98784.27584326985
binned_pad,400,640,False,0.008230890147387981,1716214,475.0,57709.43257586035
binned_pad,400,640,False,0.055187974125146866,1721902,5688.0,103065.93221018807
binned_pad,400,640,False,0.027349372394382954,1724034,2132.0,77954.25683837164
binned_pad,400,640,False,0.008080808445811272,1724388,354.0,43807.49802125277
binned_pad,400,640,False,0.008165200240910053,1724722,334.0,40905.30423572
binned_pad,400,640,False,0.01838023029267788,1726633,1911.0,103970.40567882785
binned_pad,400,640,False,0.00810362957417965,1726986,353.0,43560.72754420479
binned_pad,400,640,False,0.04951092787086964,1731987,5001.0,101008.0039914259
binned_pad,400,640,False,0.009523081593215466,1732775,788.0,82746.32452602268
binned_pad,400,640,False,0.03078769613057375,1735706,2931.0,95200.3679511884
binned_pad,400,640,False,0.009122870862483978,1736325,619.0,67851.44822618463
binned_pad,400,640,False,0.010311271995306015,1737132,807.0,78263.86505635477
binned_pad,400,640,False,0.009411390870809555,1737952,820.0,87128.46074041177
binned_pad,400,640,False,0.00921729113906622,1738674,722.0,78331.03990172366
binned_pad,400,640,False,0.012024734169244766,1739745,1071.0,89066.4180119057
binned_pad,400,640,False,0.008161249570548534,1740152,407.0,49869.81423393044
binned_pad,400,640,False,0.013926385901868343,1741406,1254.0,90044.89814056964
binned_pad,400,640,False,0.008286000229418278,1741958,552.0,66618.3906247313
binned_pad,400,640,False,0.07732966914772987,1748205,6247.0,80784.00009788985
binned_pad,400,640,False,0.030336005613207817,1751213,3008.0,99156.09979615656
binned_pad,400,640,False,0.024158798158168793,1753418,2205.0,91271.09658203031
binned_pad,400,640,False,0.015621298924088478,1754975,1557.0,99671.60910025623
binned_pad,400,640,False,0.02642873954027891,1757719,2744.0,103826.36658921954
binned_pad,400,640,False,0.028344981372356415,1760230,2511.0,88587.1106074836
binned_pad,400,640,False,0.011233982630074024,1761130,900.0,80114.06369729001
binned_pad,400,640,False,0.053773922845721245,1765541,4411.0,82028.60729828604
binned_pad,400,640,False,0.031106796115636826,1768803,3262.0,104864.54432252672
binned_pad,400,640,False,0.07114634197205305,1775251,6448.0,90630.09876927805
binned_pad,400,640,False,0.032870798371732235,1778282,3031.0,92209.50357587167
binned_pad,400,640,False,0.03998757619410753,1782426,4144.0,103632.18765459082
binned_pad,400,640,False,0.008034859783947468,1782785,359.0,44680.30676991179
binned_pad,400,640,False,0.0388391250744462,1786521,3736.0,96191.6622179026
binned_pad,400,640,False,0.020810334011912346,1788438,1917.0,92117.69493476953
binned_pad,400,640,False,0.04268515855073929,1792450,4012.0,93990.5141790908
binned_pad,400,640,False,0.008220798335969448,1792875,425.0,51698.14203329211
binned_pad,400,640,False,0.03957599587738514,1796757,3882.0,98089.7615824315
binned_pad,400,640,False,0.011362832970917225,1797738,981.0,86334.10369674845
binned_pad,400,640,False,0.00951583031564951,1798520,782.0,82178.85082649502
binned_pad,400,640,False,0.00883288960903883,1799158,638.0,72230.04342170482
binned_pad,400,640,False,0.010212802328169346,1800021,863.0,84501.78239714286
binned_pad,400,640,False,0.05164358951151371,1804925,4904.0,94958.54270367234
binned_pad,400,640,False,0.027865341864526272,1807551,2626.0,94238.92994986026
binned_pad,400,640,False,0.015519947744905949,1808957,1406.0,90593.08852772947
binned_pad,400,640,False,0.01742745004594326,1810410,1453.0,83374.2168917149
binned_pad,400,640,False,0.009724411182105541,1811184,774.0,79593.50808039491
binned_pad,400,640,False,0.05175213981419802,1815502,4318.0,83436.16351908549
binned_pad,400,640,False,0.04739224445074797,1819994,4492.0,94783.44087856563
binned_pad,400,640,False,0.05846458859741688,1825792,5798.0,99171.14169612358
binned_pad,400,640,False,0.008313720114529133,1826172,380.0,45707.57672439665
binned_pad,400,640,False,0.05163312051445246,1831518,5346.0,103538.19305776064
binned_pad,400,640,False,0.04141000844538212,1835978,4460.0,107703.43130652903
binned_pad,400,640,False,0.03871970530599356,1839982,4004.0,103409.87795122003
binned_pad,400,640,False,0.011489083990454674,1840934,952.0,82861.26211549483
binned_pad,400,640,False,0.013895816169679165,1842012,1078.0,77577.30721511765
binned_pad,400,640,False,0.016400898806750774,1843170,1158.0,70605.88652149696
binned_pad,400,640,False,0.04678436368703842,1847845,4675.0,99926.54877756104
binned_pad,400,640,False,0.04451516084372997,1851659,3814.0,85678.6750336365
binned_pad,400,640,False,0.009395130909979343,1852408,749.0,79722.1462028193
binned_pad,400,640,False,0.03980007581412792,1856590,4182.0,105075.17672907312
binned_pad,400,640,False,0.03967853635549545,1860207,3617.0,91157.59632850086
binned_pad,400,640,False,0.04608758259564638,1864524,4317.0,93669.48225242348
binned_pad,400,640,False,0.010744161903858185,1865466,942.0,87675.521686036
binned_pad,400,640,False,0.015605257824063301,1866563,1097.0,70296.81998002151
binned_pad,400,640,False,0.040983826853334904,1870654,4091.0,99819.86344613669
binned_pad,400,640,False,0.05231199134141207,1875816,5162.0,98677.18409552446
binned_pad,400,640,False,0.009978980757296085,1876584,768.0,76961.76780764712
binned_pad,400,640,False,0.008116460405290127,1876996,412.0,50761.04353709009
binned_pad,400,640,False,0.03262433782219887,1880437,3441.0,105473.40512329448
binned_pad,400,640,False,0.04039011616259813,1884650,4213.0,104307.6970375565
binned_pad,400,640,False,0.015928898006677628,1886045,1395.0,87576.67978131291
binned_pad,400,640,False,0.025896349921822548,1888476,2431.0,93874.23352475729
binned_pad,400,640,False,0.05576611403375864,1893630,5154.0,92421.71683112021
binned_pad,400,640,False,0.018446381203830242,1895186,1556.0,84352.58833732163
binned_pad,400,640,False,0.01861531101167202,1896871,1685.0,90516.88682200824
binned_pad,400,640,False,0.05988580919802189,1902578,5707.0,95298.03598593622
binned_pad,400,640,False,0.05191506911069155,1906821,4243.0,81729.64175301818
binned_pad,400,640,False,0.018644782714545727,1908331,1510.0,80987.80356512139
binned_pad,400,640,False,0.03548375237733126,1911762,3431.0,96692.14133598478
binned_pad,400,640,False,0.008986569941043854,1912426,664.0,73888.03563051908
binned_pad,400,640,False,0.06441746465861797,1918508,6082.0,94415.38924625049
binned_pad,400,640,False,0.03835737332701683,1922438,3930.0,102457.48494024025
binned_pad,400,640,False,0.012933394871652126,1923558,1120.0,86597.52610313134
binned_pad,400,640,False,0.01644964888691902,1924895,1337.0,81278.33057052057
binned_pad,400,640,False,0.07218344416469336,1930861,5966.0,82650.53114378979
binned_pad,400,640,False,0.053508032113313675,1936337,5476.0,102339.7756135659
binned_pad,400,640,False,0.012202134355902672,1937373,1036.0,84903.17921297469
binned_pad,400,640,False,0.029107922688126564,1940068,2695.0,92586.47650247194
binned_pad,400,640,False,0.008047319948673248,1940422,354.0,43989.800611614
binned_pad,400,640,False,0.033808398991823196,1943903,3481.0,102962.58041801698
binned_pad,400,640,False,0.0417969673871994,1948154,4251.0,101705.94341497362
binned_pad,400,640,False,0.011760094203054905,1949175,1021.0,86819.03243043547
binned_pad,400,640,False,0.008117559365928173,1949538,363.0,44717.8743802749
binned_pad,400,640,False,0.021463394165039062,1951463,1925.0,89687.58553274682
binned_pad,400,640,False,0.020654143765568733,1953413,1950.0,94412.04739025427
binned_pad,400,640,False,0.008135329000651836,1953748,335.0,41178.42068503418
binned_pad,400,640,False,0.05350473243743181,1958815,5067.0,94701.9033489295
binned_pad,400,640,False,0.022355075925588608,1960666,1851.0,82799.98717791263
binned_pad,400,640,False,0.008241289295256138,1961072,406.0,49264.13640565952
binned_pad,400,640,False,0.011064792983233929,1962051,979.0,88478.83566221641
binned_pad,400,640,False,0.008076769299805164,1962478,427.0,52867.673218089876
binned_pad,400,640,False,0.014005836099386215,1963660,1182.0,84393.39084167917
binned_pad,400,640,False,0.009404100477695465,1964423,763.0,81134.82005106968
binned_pad,400,640,False,0.04237237945199013,1968368,3945.0,93103.10280001783
binned_pad,400,640,False,0.022167676128447056,1970537,2169.0,97845.16822747122
binned_pad,400,640,False,0.03259511850774288,1972877,2340.0,71789.89085264836
binned_pad,400,640,False,0.009948071092367172,1973594,717.0,72074.27383084652
binned_pad,400,640,False,0.021692764945328236,1975524,1930.0,88969.75580863636
binned_pad,400,640,False,0.04507097229361534,1980104,4580.0,101617.51049352874
binned_pad,400,640,False,0.026589161716401577,1982341,2237.0,84132.02431350449
binned_pad,400,640,False,0.008346939459443092,1982890,549.0,65772.61074763196
binned_pad,400,640,False,0.008107059635221958,1983288,398.0,49093.01496572788
binned_pad,400,640,False,0.02667147107422352,1985582,2294.0,86009.5040733251
binned_pad,400,640,False,0.029491133987903595,1988158,2576.0,87348.28579520206
binned_pad,400,640,False,0.01863840129226446,1989825,1667.0,89439.00143902679
binned_pad,400,640,False,0.047749605029821396,1994305,4480.0,93822.76559569601
binned_pad,400,640,False,0.031058285385370255,1997219,2914.0,93823.59534157076
binned_pad,400,640,False,0.049227217212319374,2001971,4752.0,96531.96481743816
binned_pad,400,640,False,0.01863823179155588,2003676,1705.0,91478.63483339961
binned_pad,400,640,False,0.05371748190373182,2008632,4956.0,92260.46762358941
binned_pad,400,640,False,0.008066038601100445,2008966,334.0,41408.18269260856
binned_pad,400,640,False,0.008233708329498768,2009435,469.0,56960.968403474
binned_pad,400,640,False,0.00801181886345148,2009791,356.0,44434.354553871635
binned_pad,400,640,False,0.008569479919970036,2010338,547.0,63831.178217162174
binned_pad,400,640,False,0.00808922853320837,2010695,357.0,44132.76229425623
binned_pad,400,640,False,0.008879530243575573,2011326,631.0,71062.31779057621
binned_pad,400,640,False,0.038982574827969074,2015091,3765.0,96581.61413439273
binned_pad,400,640,False,0.029285703785717487,2017836,2745.0,93731.74092332125
binned_pad,400,640,False,0.01890136208385229,2019577,1741.0,92109.7639565014
binned_pad,400,640,False,0.040566337294876575,2023971,4394.0,108316.40944214481
binned_pad,400,640,False,0.014362276531755924,2024934,963.0,67050.65160601417
binned_pad,400,640,False,0.02301244717091322,2027009,2075.0,90168.59374359429
binned_pad,400,640,False,0.033191047608852386,2029853,2844.0,85685.75579523065
binned_pad,400,640,False,0.03056569490581751,2032499,2646.0,86567.63761312007
binned_pad,400,640,False,0.04381449054926634,2036934,4435.0,101222.21996426392
binned_pad,400,640,False,0.01285418588668108,2038114,1180.0,91798.89029165683
binned_pad,400,640,False,0.04185972921550274,2042025,3911.0,93431.0869491139
binned_pad,400,640,False,0.009397641755640507,2042750,725.0,77147.0139904888
binned_pad,400,640,False,0.01300414465367794,2043804,1054.0,81051.08241024517
binned_pad,400,640,False,0.032864698208868504,2046765,2961.0,90096.673980745
binned_pad,400,640,False,0.014041966758668423,2047694,929.0,66158.82347296595
binned_pad,400,640,False,0.0126472357660532,2048627,933.0,73771.06090678656
binned_pad,400,640,False,0.051611180417239666,2053687,5060.0,98040.77254372988
binned_pad,400,640,False,0.019080412574112415,2055506,1819.0,95333.36833963175
binned_pad,400,640,False,0.055528595112264156,2060991,5485.0,98777.93574483162
binned_pad,400,640,False,0.03459773026406765,2063906,2915.0,84254.08192246204
binned_pad,400,640,False,0.008045170456171036,2064250,344.0,42758.57197483433
binned_pad,400,640,False,0.014936817809939384,2065570,1320.0,88372.23676395345
binned_pad,400,640,False,0.011048533022403717,2066529,959.0,86798.8535722691
binned_pad,400,640,False,0.04847863595932722,2071397,4868.0,100415.36655619131
binned_pad,400,640,False,0.045686863362789154,2075789,4392.0,96132.66652000404
binned_pad,400,640,False,0.04729194473475218,2080791,5002.0,105768.54109203746
binned_pad,400,640,False,0.00822099857032299,2081431,640.0,77849.42358588142
binned_pad,400,640,False,0.03926146496087313,2085879,4448.0,113291.74814115449
binned_pad,400,640,False,0.03704625274986029,2089332,3453.0,93207.80763752206
binned_pad,400,640,False,0.013283085078001022,2090273,941.0,70841.97642898871
binned_pad,400,640,False,0.02089920360594988,2092256,1983.0,94883.9983278335
binned_pad,400,640,False,0.05192914977669716,2096761,4505.0,86752.81646959657
binned_pad,400,640,False,0.01012504193931818,2097549,788.0,77826.83812300969
binned_pad,400,640,False,0.01820045243948698,2099115,1566.0,86041.81710353906
binned_pad,400,640,False,0.055009353905916214,2104264,5149.0,93602.26278618824
binned_pad,400,640,False,0.055549224838614464,2109683,5419.0,97553.11646100665
binned_pad,400,640,False,0.061160520650446415,2115501,5818.0,95126.72452956847
binned_pad,400,640,False,0.019005732610821724,2117116,1615.0,84974.36184493256
binned_pad,400,640,False,0.00990959070622921,2117897,781.0,78812.53859546996
binned_pad,400,640,False,0.008189640007913113,2118537,640.0,78147.51312409458
binned_pad,400,640,False,0.03605917189270258,2122218,3681.0,102082.21117648398
binned_pad,400,640,False,0.060849190689623356,2127958,5740.0,94331.57507843149
binned_pad,400,640,False,0.009168501012027264,2128629,671.0,73185.35484914933
binned_pad,400,640,False,0.02183444518595934,2130758,2129.0,97506.48490803217
binned_pad,400,640,False,0.015896708704531193,2131909,1151.0,72404.92490573972
binned_pad,400,640,False,0.01740586943924427,2133288,1379.0,79226.14867435623
binned_pad,400,640,False,0.03518409002572298,2136553,3265.0,92797.6252224505
binned_pad,400,640,False,0.03246497642248869,2139720,3167.0,97551.27984033278
binned_pad,400,640,False,0.054600462317466736,2144880,5160.0,94504.69430089994
binned_pad,400,640,False,0.008881899528205395,2145520,640.0,72056.65837218869
binned_pad,400,640,False,0.04383852146565914,2149752,4232.0,96536.10246219487
binned_pad,400,640,False,0.00826989021152258,2150229,477.0,57679.12122163215
binned_pad,400,640,False,0.052103870548307896,2155758,5529.0,106114.95733073822
binned_pad,400,640,False,0.008185829035937786,2156148,390.0,47643.311176889336
binned_pad,400,640,False,0.008060939610004425,2156475,327.0,40565.99054459614
binned_pad,400,640,False,0.05057144910097122,2161692,5217.0,103160.97507080942
binned_pad,400,640,False,0.011244303546845913,2162481,789.0,70168.8634349718
binned_pad,400,640,False,0.00820469856262207,2162523,42.0,5119.018045506059
binned_pad,400,640,False,0.026870302855968475,2164420,1897.0,70598.3855175877
binned_pad,400,640,False,0.008078839629888535,2164876,456.0,56443.74946037783
binned_pad,400,640,False,0.013122694566845894,2165885,1009.0,76889.69630895846
binned_pad,400,640,False,0.009400910697877407,2166745,860.0,91480.49881956393
binned_pad,400,640,False,0.03981616534292698,2171073,4328.0,108699.56869839135
binned_pad,400,640,False,0.040755707770586014,2175124,4051.0,99397.12058990829
binned_pad,400,640,False,0.060001758858561516,2180498,5374.0,89564.04115865674
binned_pad,400,640,False,0.02651026099920273,2182974,2476.0,93397.79793471152
binned_pad,400,640,False,0.00807934906333685,2183407,433.0,53593.426476014494
binned_pad,400,640,False,0.010461332276463509,2184283,876.0,83736.94447798717
binned_pad,400,640,False,0.05699668638408184,2190053,5770.0,101233.9552709762
binned_pad,400,640,False,0.008116689510643482,2190439,386.0,47556.33432741698
binned_pad,400,640,False,0.022010804153978825,2192397,1958.0,88956.31374040728
binned_pad,400,640,False,0.020569173619151115,2194327,1930.0,93829.72965929248
binned_pad,400,640,False,0.02644164115190506,2196537,2210.0,83580.2886554481
binned_pad,400,640,False,0.03793495427817106,2200870,4333.0,114221.83267249491
binned_pad,400,640,False,0.047338555566966534,2205658,4788.0,101143.77049858973
binned_pad,400,640,False,0.030808606185019016,2208507,2849.0,92474.16072283575
binned_pad,400,640,False,0.010480212047696114,2209400,893.0,85208.19959900621
binned_pad,400,640,False,0.05129031930118799,2214243,4843.0,94423.27647759108
binned_pad,400,640,False,0.04044262692332268,2217650,3407.0,84242.79675154416
binned_pad,400,640,False,0.03033361490815878,2220312,2662.0,87757.42713355296
binned_pad,400,640,False,0.009144791401922703,2220992,680.0,74359.26858397548
binned_pad,400,640,False,0.02870052307844162,2223914,2922.0,101809.99112851913
binned_pad,400,640,False,0.010917923413217068,2224873,959.0,87837.21626395085
binned_pad,400,640,False,0.008040850050747395,2225197,324.0,40294.24724440475
binned_pad,400,640,False,0.044469830580055714,2229403,4206.0,94580.97647636081
binned_pad,400,640,False,0.009036559611558914,2230017,614.0,67946.21254029195
binned_pad,400,640,False,0.03469390980899334,2233076,3059.0,88171.09449010695
binned_pad,400,640,False,0.021080713719129562,2235394,2318.0,109958.32640602416
binned_pad,400,640,False,0.009538739919662476,2236136,742.0,77788.05232654413
binned_pad,400,640,False,0.01803499087691307,2237628,1492.0,82728.07068119658
binned_pad,400,640,False,0.055207173340022564,2242885,5257.0,95223.13282772125
binned_pad,400,640,False,0.010374181903898716,2243704,819.0,78945.98413511644
binned_pad,400,640,False,0.040458716452121735,2247882,4178.0,103265.75745288868
binned_pad,400,640,False,0.03406763914972544,2251173,3291.0,96601.93902888992
binned_pad,400,640,False,0.01378138642758131,2252291,1118.0,81123.913466536
binned_pad,400,640,False,0.028606942854821682,2254995,2704.0,94522.50852957685
binned_pad,400,640,False,0.010822001844644547,2256029,1034.0,95546.09349024392
binned_pad,400,640,False,0.011247662827372551,2257021,992.0,88196.10040104044
binned_pad,400,640,False,0.04385924059897661,2260534,3513.0,80097.14605231835
binned_pad,400,640,False,0.00980894174426794,2261433,899.0,91651.0693444937
binned_pad,400,640,False,0.03277119807898998,2264629,3196.0,97524.66151211587
binned_pad,400,640,False,0.05017427820712328,2269713,5084.0,101326.81887346455
binned_pad,400,640,False,0.00835201982408762,2270215,502.0,60105.221320501216
binned_pad,400,640,False,0.008165828883647919,2270855,640.0,78375.38713082767
binned_pad,400,640,False,0.04594473261386156,2275354,4499.0,97921.99767079824
binned_pad,400,640,False,0.013991447165608406,2276427,1073.0,76689.7081695367
binned_pad,400,640,False,0.03741451445966959,2279773,3346.0,89430.53380010504
binned_pad,400,640,False,0.009533810429275036,2280495,722.0,75730.47580041949
binned_pad,400,640,False,0.03924309555441141,2284137,3642.0,92806.13439248917
binned_pad,400,640,False,0.008009188808500767,2284426,289.0,36083.554391084166
binned_pad,400,640,False,0.04260318912565708,2288337,3911.0,91800.63934802156
binned_pad,400,640,False,0.01729992963373661,2289730,1393.0,80520.55872432621
binned_pad,400,640,False,0.008958131074905396,2290413,683.0,76243.58186868939
binned_pad,400,640,False,0.03442134987562895,2293952,3539.0,102814.09685521043
binned_pad,400,640,False,0.04876268655061722,2298856,4904.0,100568.70010452546
binned_pad,400,640,False,0.04771269578486681,2303483,4627.0,96976.28532378086
binned_pad,400,640,False,0.018421021290123463,2305252,1769.0,96031.5919589355
binned_pad,400,640,False,0.06846420001238585,2310608,5356.0,78230.66652397964
binned_pad,400,640,False,0.008117059245705605,2310980,372.0,45829.40554447839
binned_pad,400,640,False,0.028608723543584347,2313357,2377.0,83086.5451364416
binned_pad,400,640,False,0.04930825810879469,2318667,5310.0,107689.87191321814
binned_pad,400,640,False,0.058013277128338814,2323563,4896.0,84394.4738575777
binned_pad,400,640,False,0.037149653770029545,2327433,3870.0,104173.24543471572
binned_pad,400,640,False,0.008692200295627117,2328025,592.0,68107.03617791965
binned_pad,400,640,False,0.008309919387102127,2328522,497.0,59808.04107093945
binned_pad,400,640,False,0.015233557671308517,2329858,1336.0,87701.11544700258
binned_pad,400,640,False,0.00928495079278946,2330566,708.0,76252.4234969367
binned_pad,400,640,False,0.012524274177849293,2331728,1162.0,92779.8276769714
binned_pad,400,640,False,0.0344060193747282,2335609,3881.0,112800.02948701062
binned_pad,400,640,False,0.038900875486433506,2338965,3356.0,86270.55196149477
binned_pad,400,640,False,0.03297814819961786,2342149,3184.0,96548.78074800133
binned_pad,400,640,False,0.021215464919805527,2344172,2023.0,95354.9690118478
binned_pad,400,640,False,0.04238189850002527,2348084,3912.0,92303.55737833848
binned_pad,400,640,False,0.05070268828421831,2352928,4844.0,95537.34060108487
binned_pad,400,640,False,0.010035401210188866,2353688,760.0,75731.89990933076
binned_pad,400,640,False,0.008222839795053005,2354195,507.0,61657.53105210921
binned_pad,400,640,False,0.011263472959399223,2355128,933.0,82834.13147642206
binned_pad,400,640,False,0.06638318672776222,2361680,6552.0,98699.69073448952
binned_pad,400,640,False,0.05131326895207167,2367140,5460.0,106405.22639670112
binned_pad,400,640,False,0.033056787215173244,2370009,2869.0,86790.04348865197
binned_pad,400,640,False,0.008943219669163227,2370651,642.0,71786.22730398265
binned_pad,400,640,False,0.008123988285660744,2371059,408.0,50221.6381478714
binned_pad,400,640,False,0.03917567525058985,2375609,4550.0,116143.49901809268
binned_pad,400,640,False,0.013261734507977962,2376644,1035.0,78044.0898871386
binned_pad,400,640,False,0.029894313775002956,2379378,2734.0,91455.5196207955
binned_pad,400,640,False,0.016069579869508743,2380877,1499.0,93281.84135319434
binned_pad,400,640,False,0.05608294438570738,2386163,5286.0,94253.25395981039
binned_pad,400,640,False,0.019861123524606228,2388244,2081.0,104777.55689006312
binned_pad,400,640,False,0.04700773488730192,2393027,4783.0,101749.21236828239
binned_pad,400,640,False,0.008152269758284092,2393414,387.0,47471.44187748967
binned_pad,400,640,False,0.035173630341887474,2396723,3309.0,94076.15784428676
binned_pad,400,640,False,0.03966280445456505,2400600,3877.0,97749.01329635482
binned_pad,400,640,False,0.02788803167641163,2403362,2762.0,99038.90070291932
binned_pad,400,640,False,0.027221552096307278,2405851,2489.0,91434.90390239886
binned_pad,400,640,False,0.03776143305003643,2409703,3852.0,102008.84047212514
binned_pad,400,640,False,0.022279695607721806,2411743,2040.0,91563.18990700065
binned_pad,400,640,False,0.015704607591032982,2413075,1332.0,84815.87281178203
binned_pad,400,640,False,0.03204613830894232,2416029,2954.0,92179.59342001905
binned_pad,400,640,False,0.010960681363940239,2416936,907.0,82750.33000995332
binned_pad,400,640,False,0.028849663212895393,2419643,2707.0,93831.25133987732
binned_pad,400,640,False,0.011222273111343384,2420662,1019.0,90801.56844249343
binned_pad,400,640,False,0.0270076310262084,2422746,2084.0,77163.37645377601
binned_pad,400,640,False,0.00811224989593029,2423054,308.0,37967.27220576819
binned_pad,400,640,False,0.036189012229442596,2426984,3930.0,108596.49816036253
binned_pad,400,640,False,0.036456833593547344,2430507,3523.0,96634.83228624526
binned_pad,400,640,False,0.01059248298406601,2431387,880.0,83077.78273741488
binned_pad,400,640,False,0.00935256015509367,2432056,669.0,71531.21593509811
binned_pad,400,640,False,0.0350077198818326,2435509,3453.0,98635.38704192925
binned_pad,400,640,False,0.009580201469361782,2436263,754.0,78703.98158236544
binned_pad,400,640,False,0.042661179788410664,2440955,4692.0,109982.89365815028
binned_pad,400,640,False,0.011185652576386929,2441896,941.0,84125.62374648255
binned_pad,400,640,False,0.03232699818909168,2445117,3221.0,99638.07901863538
binned_pad,400,640,False,0.01318934466689825,2445942,825.0,62550.49214617393
binned_pad,400,640,False,0.008651070296764374,2446561,619.0,71551.84026553512
binned_pad,400,640,False,0.03580073080956936,2450579,4018.0,112232.34579686313
binned_pad,400,640,False,0.01556661818176508,2451785,1206.0,77473.47470838095
binned_pad,400,640,False,0.03436602000147104,2454536,2751.0,80050.002877326
binned_pad,400,640,False,0.008003589697182178,2454861,325.0,40606.779244870915
binned_pad,400,640,False,0.01868613064289093,2456420,1559.0,83430.8626967197
binned_pad,400,640,False,0.013982975855469704,2457377,957.0,68440.36705002615
binned_pad,400,640,False,0.029929894022643566,2460332,2955.0,98730.72045508696
binned_pad,400,640,False,0.04600571282207966,2464916,4584.0,99639.79946855616
binned_pad,400,640,False,0.008424410596489906,2465459,543.0,64455.547813190045
binned_pad,400,640,False,0.03363853972405195,2468965,3506.0,104225.68960367708
binned_pad,400,640,False,0.019298821687698364,2470951,1986.0,102907.83717981781
binned_pad,400,640,False,0.018794751726090908,2472406,1455.0,77415.22852787496
binned_pad,400,640,False,0.01368358451873064,2473074,668.0,48817.61786070125
binned_pad,400,640,False,0.039798466488718987,2477284,4210.0,105782.97033613943
binned_pad,400,640,False,0.03478906024247408,2480731,3447.0,99082.87191361227
binned_pad,400,640,False,0.04777006432414055,2485508,4777.0,99999.86534633885
binned_pad,400,640,False,0.048144105821847916,2489849,4341.0,90166.80081386086
binned_pad,400,640,False,0.039884356781840324,2493599,3750.0,94021.8246595218
binned_pad,400,640,False,0.029234753921628,2496465,2866.0,98034.0045851975
binned_pad,400,640,False,0.008145088329911232,2496850,385.0,47267.75013429423
binned_pad,400,640,False,0.04447424132376909,2500897,4047.0,90996.49324061871
binned_pad,400,640,False,0.05128664057701826,2505696,4799.0,93572.12611329528
binned_pad,400,640,False,0.010215351358056068,2506639,943.0,92312.04752015973
binned_pad,400,640,False,0.008575069718062878,2507220,581.0,67754.55117013892
binned_pad,400,640,False,0.02154124528169632,2509392,2172.0,100829.82536973184
binned_pad,400,640,False,0.03288161847740412,2512371,2979.0,90597.73021960995
binned_pad,400,640,False,0.03297694772481918,2515794,3423.0,103799.78245905925
binned_pad,400,640,False,0.048386805690824986,2520681,4887.0,100998.60757964157
binned_pad,400,640,False,0.01107995305210352,2521634,953.0,86011.19476937439
binned_pad,400,640,False,0.009236619807779789,2522292,658.0,71238.18168263047
binned_pad,400,640,False,0.02663704100996256,2524862,2570.0,96482.1880568037
binned_pad,400,640,False,0.007983139716088772,2525208,346.0,43341.343419393124
binned_pad,400,640,False,0.008220539428293705,2525781,573.0,69703.45498591382
binned_pad,400,640,False,0.03743275348097086,2529633,3852.0,102904.53257621524
binned_pad,400,640,False,0.0262799309566617,2532360,2727.0,103767.39590743608
binned_pad,400,640,False,0.04895526543259621,2537159,4799.0,98028.27045453318
binned_pad,400,640,False,0.016448859125375748,2538410,1251.0,76053.90686762435
binned_pad,400,640,False,0.02131059393286705,2540391,1981.0,92958.46029634724
binned_pad,400,640,False,0.01957218162715435,2542163,1772.0,90536.66237909503
binned_pad,400,640,False,0.01873715128749609,2543927,1764.0,94144.51390896195
binned_pad,400,640,False,0.010236292146146297,2544804,877.0,85675.55394852305
binned_pad,400,640,False,0.03929690457880497,2548182,3378.0,85960.9690942921
binned_pad,400,640,False,0.033520057797431946,2551674,3492.0,104176.43135053098
binned_pad,400,640,False,0.027215641923248768,2554204,2530.0,92961.24659248862
binned_pad,400,640,False,0.01653412915766239,2555691,1487.0,89935.18714052632
binned_pad,400,640,False,0.008181200362741947,2556149,458.0,55982.00504730095
binned_pad,400,640,False,0.008272279053926468,2556663,514.0,62135.23463718599
binned_pad,400,640,False,0.036298882216215134,2560334,3671.0,101132.59075399632
binned_pad,400,640,False,0.02636663056910038,2562795,2461.0,93337.67519328384
binned_pad,400,640,False,0.018575522117316723,2564551,1756.0,94533.00902713243
binned_pad,400,640,False,0.008157018572092056,2564990,439.0,53818.68339762874
binned_pad,400,640,False,0.007984339259564877,2565314,324.0,40579.43800570131
binned_pad,400,640,False,0.014075745828449726,2566557,1243.0,88307.93161152878
binned_pad,400,640,False,0.01998850330710411,2568703,2146.0,107361.71523344074
binned_pad,400,640,False,0.03595230169594288,2572607,3904.0,108588.31885137847
binned_pad,400,640,False,0.009947550483047962,2573412,805.0,80924.44480395794
binned_pad,400,640,False,0.05452523287385702,2578333,4921.0,90251.79243864267
binned_pad,400,640,False,0.048972347751259804,2582362,4029.0,82270.91787520754
binned_pad,400,640,False,0.008107409812510014,2582776,414.0,51064.3978254539
binned_pad,400,640,False,0.010089091025292873,2583516,740.0,73346.5480829596
binned_pad,400,640,False,0.021513615734875202,2585664,2148.0,99843.74669841895
binned_pad,400,640,False,0.04482505191117525,2588387,2723.0,60747.28045816571
binned_pad,400,640,False,0.02001552376896143,2590215,1828.0,91329.11139875965
binned_pad,400,640,False,0.02675566077232361,2592433,2218.0,82898.34509691224
binned_pad,400,640,False,0.03478349931538105,2594792,2359.0,67819.51345984516
binned_pad,400,640,False,0.010489052161574364,2595565,773.0,73695.88672957613
binned_pad,400,640,False,0.05628954526036978,2600843,5278.0,93765.19166368067
binned_pad,400,640,False,0.022219366393983364,2602797,1954.0,87941.30153635303
binned_pad,400,640,False,0.03674334194511175,2606609,3812.0,103746.6871057748
binned_pad,400,640,False,0.05768598709255457,2611338,4729.0,81978.3146366644
binned_pad,400,640,False,0.053860513493418694,2616764,5426.0,100741.70571476285
binned_pad,400,640,False,0.053444571793079376,2622086,5322.0,99579.80429902433
binned_pad,400,640,False,0.02147525455802679,2624134,2048.0,95365.57503736413
binned_pad,400,640,False,0.022930745966732502,2626168,2034.0,88701.86791789893
binned_pad,400,640,False,0.0493567269295454,2631339,5171.0,104767.88720980991
binned_pad,400,640,False,0.023237436078488827,2633192,1853.0,79742.0160185118
binned_pad,400,640,False,0.009384380653500557,2633970,778.0,82903.71295944724
binned_pad,400,640,False,0.03295627795159817,2637407,3437.0,104289.68966240095
binned_pad,400,640,False,0.04008015710860491,2641684,4277.0,106711.15855186507
binned_pad,400,640,False,0.05313732195645571,2646553,4869.0,91630.51167670787
binned_pad,400,640,False,0.04579396266490221,2650162,3609.0,78809.51527189063
binned_pad,400,640,False,0.03711967263370752,2653199,3037.0,81816.45430897927
binned_pad,400,640,False,0.05102534964680672,2657301,4102.0,80391.41384417172
binned_pad,400,640,False,0.008095619268715382,2657728,427.0,52744.57528531436
binned_pad,400,640,False,0.03264495823532343,2661025,3297.0,100995.68748819797
binned_pad,400,640,False,0.026918821036815643,2663143,2118.0,78681.00899007828
binned_pad,400,640,False,0.018892201595008373,2664691,1548.0,81938.57090795637
binned_pad,400,640,False,0.039606254547834396,2669070,4379.0,110563.34536029579
binned_pad,400,640,False,0.03240154683589935,2672457,3387.0,104532.04648388475
binned_pad,400,640,False,0.00913029070943594,2673057,600.0,65715.32266545622
binned_pad,400,640,False,0.011222363449633121,2673908,851.0,75830.72886735108
binned_pad,400,640,False,0.013257205486297607,2674906,998.0,75279.81677824286
binned_pad,400,640,False,0.05058113764971495,2679492,4586.0,90666.2090473136
binned_pad,400,640,False,0.03029465489089489,2682419,2927.0,96617.7040319979
binned_pad,400,640,False,0.008244790136814117,2682917,498.0,60401.78000121092
binned_pad,400,640,False,0.009707670658826828,2683662,745.0,76743.4358027586
binned_pad,400,640,False,0.015253547579050064,2685076,1414.0,92699.74690622487
binned_pad,400,640,False,0.03417181968688965,2688683,3607.0,105554.81191959645
binned_pad,400,640,False,0.01030663214623928,2689516,833.0,80821.74547230231
binned_pad,400,640,False,0.027092041447758675,2691859,2343.0,86482.96233113273
binned_pad,400,640,False,0.015339817851781845,2693110,1251.0,81552.46770773658
binned_pad,400,640,False,0.03021315485239029,2696028,2918.0,96580.44696941487
binned_pad,400,640,False,0.013995496556162834,2697442,1414.0,101032.4995848292
binned_pad,400,640,False,0.018612160347402096,2699160,1718.0,92305.2438799669
binned_pad,400,640,False,0.030524794943630695,2701894,2734.0,89566.53124284056
binned_pad,400,640,False,0.009140620939433575,2702559,665.0,72752.16907104438
binned_pad,400,640,False,0.01157443318516016,2703577,1018.0,87952.47108127944
binned_pad,400,640,False,0.03069954551756382,2706321,2744.0,89382.43070830163
binned_pad,400,640,False,0.01790446136146784,2707902,1581.0,88302.01412271845
binned_pad,400,640,False,0.017842771485447884,2709658,1756.0,98415.20424291425
binned_pad,400,640,False,0.03691236115992069,2713476,3818.0,103434.18518958279
binned_pad,400,640,False,0.03846509475260973,2716805,3329.0,86545.99764827405
binned_pad,400,640,False,0.04567516315728426,2720413,3608.0,78992.60233785497
binned_pad,400,640,False,0.019252262078225613,2722163,1750.0,90898.40938635763
binned_pad,400,640,False,0.02083138469606638,2724456,2293.0,110074.29575399232
binned_pad,400,640,False,0.020904934965074062,2726522,2066.0,98828.33902385597
binned_pad,400,640,False,0.030870025977492332,2728790,2268.0,73469.32592974244
binned_pad,400,640,False,0.04623723402619362,2733193,4403.0,95226.28445952626
binned_pad,400,640,False,0.04531573224812746,2737075,3882.0,85665.61340648781
binned_pad,400,640,False,0.021900194697082043,2739189,2114.0,96528.8221972596
binned_pad,400,640,False,0.008930749259889126,2739773,584.0,65392.04976036359
binned_pad,400,640,False,0.03055172599852085,2742967,3194.0,104544.01169199529
binned_pad,400,640,False,0.03736703284084797,2747034,4067.0,108839.25457292765
binned_pad,400,640,False,0.04823134560137987,2751820,4786.0,99230.07414213788
binned_pad,400,640,False,0.008228659629821777,2752317,497.0,60398.65814826082
binned_pad,400,640,False,0.03274413850158453,2755455,3138.0,95833.94597015121
binned_pad,400,640,False,0.01940043270587921,2757095,1640.0,84534.19698742109
binned_pad,400,640,False,0.05776344705373049,2762719,5624.0,97362.610558346
binned_pad,400,640,False,0.05029934737831354,2766667,3948.0,78490.08398272324
binned_pad,400,640,False,0.0169614190235734,2768044,1377.0,81184.2451440066
binned_pad,400,640,False,0.04017709754407406,2772550,4506.0,112153.44749722008
binned_pad,400,640,False,0.009813160635530949,2773277,727.0,74084.18418911015
binned_pad,400,640,False,0.016368309035897255,2774621,1344.0,82109.88667506707
binned_pad,400,640,False,0.03781755268573761,2778445,3824.0,101117.06676995444
binned_pad,400,640,False,0.008282309398055077,2778929,484.0,58437.807227251986
binned_pad,400,640,False,0.008301269263029099,2779442,513.0,61797.77859811386
binned_pad,400,640,False,0.009373029693961143,2780175,733.0,78203.10229810297
binned_pad,400,640,False,0.038924284279346466,2784092,3917.0,100631.2658670616
binned_pad,400,640,False,0.048775456845760345,2788625,4533.0,92936.08493169895
binned_pad,400,640,False,0.04342659004032612,2792947,4322.0,99524.27754485379
binned_pad,400,640,False,0.022277255542576313,2794902,1955.0,87757.66818599365
binned_pad,400,640,False,0.009261569939553738,2795566,664.0,71694.10848631937
binned_pad,400,640,False,0.020012883469462395,2797408,1842.0,92040.70981628924
binned_pad,400,640,False,0.007986088283360004,2797763,355.0,44452.3009768983
binned_pad,400,640,False,0.02134365402162075,2799848,2085.0,97687.11570605161
binned_pad,400,640,False,0.010487241670489311,2800653,805.0,76759.93605308425
binned_pad,400,640,False,0.018570461310446262,2802361,1708.0,91974.0210782602
binned_pad,400,640,False,0.01332949660718441,2803503,1142.0,85674.65326368576
binned_pad,400,640,False,0.011623453348875046,2804581,1078.0,92743.5218815011
binned_pad,400,640,False,0.011717873625457287,2805661,1080.0,92166.89260530008
binned_pad,400,640,False,0.028731083497405052,2808433,2772.0,96480.87237121993
binned_pad,400,640,False,0.026227680034935474,2811230,2797.0,106643.05787909469
binned_pad,400,640,False,0.014153975993394852,2812351,1121.0,79200.36041626256
binned_pad,400,640,False,0.021717045456171036,2814212,1861.0,85693.05634856444
binned_pad,400,640,False,0.04552350286394358,2818219,4007.0,88020.46740506217
binned_pad,400,640,False,0.02721307147294283,2820839,2620.0,96277.26155810784
binned_pad,400,640,False,0.008324649184942245,2821358,519.0,62344.96955604751
binned_pad,400,640,False,0.011316892690956593,2822258,900.0,79527.13033315199
binned_pad,400,640,False,0.02187532465904951,2824625,2367.0,108204.10836832109
binned_pad,400,640,False,0.009783640503883362,2825408,783.0,80031.55877295455
binned_pad,400,640,False,0.05227675102651119,2830905,5497.0,105151.90581014297
binned_pad,400,640,False,0.01147802360355854,2831885,980.0,85380.5527718352
binned_pad,400,640,False,0.018800112418830395,2833595,1710.0,90956.90291124246
binned_pad,400,640,False,0.05542742367833853,2838572,4977.0,89793.09644415334
binned_pad,400,640,False,0.0081050805747509,2838954,382.0,47130.93182441808
binned_pad,400,640,False,0.030277594923973083,2841696,2742.0,90562.0148127733
binned_pad,400,640,False,0.01095336303114891,2842563,867.0,79153.77199992789
binned_pad,400,640,False,0.00991494208574295,2843367,804.0,81089.7323501365
binned_pad,400,640,False,0.01535559818148613,2844643,1276.0,83096.7302555782
binned_pad,400,640,False,0.048141056671738625,2849279,4636.0,96300.33739416402
binned_pad,400,640,False,0.027455192059278488,2851663,2384.0,86832.3920245288
binned_pad,400,640,False,0.029197493568062782,2854796,3133.0,107303.73114721678
binned_pad,400,640,False,0.0314889270812273,2857591,2795.0,88761.36023276226
binned_pad,400,640,False,0.009709211066365242,2858281,690.0,71066.53622870613
binned_pad,400,640,False,0.008057849481701851,2858642,361.0,44801.03541519062
binned_pad,400,640,False,0.027334680780768394,2861007,2365.0,86520.12507363615
binned_pad,400,640,False,0.013591605238616467,2861983,976.0,71809.0308587678
binned_pad,400,640,False,0.008166889660060406,2862392,409.0,50080.26519571894
binned_pad,400,640,False,0.010820852592587471,2863300,908.0,83912.05704271405
binned_pad,400,640,False,0.03729096241295338,2867548,4248.0,113915.0004485917
binned_pad,400,640,False,0.010791952721774578,2868395,847.0,78484.40609742806
binned_pad,400,640,False,0.024720709770917892,2870748,2353.0,95183.3511984406
binned_pad,400,640,False,0.044533660635352135,2874875,4127.0,92671.47459070242
binned_pad,400,640,False,0.009153611026704311,2875481,606.0,66203.38118280144
binned_pad,400,640,False,0.036408813670277596,2879225,3744.0,102832.24369533418
binned_pad,400,640,False,0.01603361777961254,2880625,1400.0,87316.53824130462
binned_pad,400,640,False,0.031621466390788555,2883824,3199.0,101165.45388710625
binned_pad,400,640,False,0.009044099599123001,2884512,688.0,76071.69651987411
binned_pad,400,640,False,0.009388410486280918,2885246,734.0,78181.49846266079
binned_pad,400,640,False,0.010200121439993382,2885981,735.0,72057.96561579731
binned_pad,400,640,False,0.036598571576178074,2889928,3947.0,107845.73905526666
binned_pad,400,640,False,0.054914044216275215,2895533,5605.0,102068.60703839423
binned_pad,400,640,False,0.03677136264741421,2899326,3793.0,103150.9230802663
binned_pad,400,640,False,0.019918792881071568,2901204,1878.0,94282.82181620685
binned_pad,400,640,False,0.03339766804128885,2904210,3006.0,90006.28415983247
binned_pad,400,640,False,0.058176176622509956,2909050,4840.0,83195.56699996801
binned_pad,400,640,False,0.04133218806236982,2913207,4157.0,100575.36740438547
binned_pad,400,640,False,0.01876957155764103,2914844,1637.0,87215.62956153801
binned_pad,400,640,False,0.041535789147019386,2918309,3465.0,83422.03365236046
binned_pad,400,640,False,0.05001759808510542,2923269,4960.0,99165.0976834296
binned_pad,400,640,False,0.016147008165717125,2924511,1242.0,76918.27410089379
binned_pad,400,640,False,0.023380436934530735,2926717,2206.0,94352.38555109904
binned_pad,400,640,False,0.03479093033820391,2930228,3511.0,100917.1058626326
binned_pad,400,640,False,0.030768905766308308,2933205,2977.0,96753.52196826544
binned_pad,400,640,False,0.03999775554984808,2937213,4008.0,100205.62266312524
binned_pad,400,640,False,0.06768516823649406,2943142,5929.0,87596.73876090389
binned_pad,400,640,False,0.056275784969329834,2948546,5404.0,96027.09234433899
binned_pad,400,640,False,0.01606614887714386,2949792,1246.0,77554.366608204
binned_pad,400,640,False,0.054833583533763885,2954161,4369.0,79677.44798787005
binned_pad,400,640,False,0.023963638581335545,2956179,2018.0,84210.91785167178
binned_pad,400,640,False,0.011688453145325184,2957212,1033.0,88377.81930221879
binned_pad,400,640,False,0.02225290611386299,2959146,1934.0,86909.99683835305
binned_pad,400,640,False,0.011744573712348938,2960188,1042.0,88721.82384145452
binned_pad,400,640,False,0.0492079071700573,2965430,5242.0,106527.59488194052
binned_pad,400,640,False,0.03213148657232523,2968307,2877.0,89538.34095176763
binned_pad,400,640,False,0.03946119546890259,2972343,4036.0,102277.692098319
binned_pad,400,640,False,0.011149482801556587,2973228,885.0,79375.87920010465
binned_pad,400,640,False,0.05047044809907675,2977844,4616.0,91459.46140479067
binned_pad,400,640,False,0.008333600126206875,2978442,598.0,71757.70266675681
binned_pad,400,640,False,0.008106979541480541,2978872,430.0,53040.716064453154
binned_pad,400,640,False,0.008213609457015991,2979370,498.0,60631.07852962413
binned_pad,400,640,False,0.04865100607275963,2983419,4049.0,83225.41149394834
binned_pad,400,640,False,0.03109948616474867,2986587,3168.0,101866.63481247271
binned_pad,400,640,False,0.010978452861309052,2987569,982.0,89447.94065298815
binned_pad,400,640,False,0.0344328498467803,2991207,3638.0,105654.92011809697
binned_pad,400,640,False,0.03898048494011164,2994628,3421.0,87761.86353904818
binned_pad,400,640,False,0.018984821625053883,2996261,1633.0,86016.08338763443
binned_pad,400,640,False,0.04765228647738695,3000785,4524.0,94937.73194171557
binned_pad,400,640,False,0.039927367120981216,3005094,4309.0,107920.9652603336
binned_pad,400,640,False,0.008095089346170425,3005431,337.0,41630.17671440845
binned_pad,400,640,False,0.050550688058137894,3010369,4938.0,97684.13031927182
binned_pad,400,640,False,0.03334353771060705,3013055,2686.0,80555.33948773364
binned_pad,400,640,False,0.0405065668746829,3017182,4127.0,101884.71446538277
binned_pad,400,640,False,0.010347642004489899,3018119,937.0,90552.03104179972
binned_pad,400,640,False,0.031185326166450977,3021267,3148.0,100944.91182159266
binned_pad,400,640,False,0.03899421542882919,3025395,4128.0,105861.85552403981
binned_pad,400,640,False,0.06166515126824379,3030871,5476.0,88802.18222735506
binned_pad,400,640,False,0.02775827143341303,3033442,2571.0,92621.04112524999
binned_pad,400,640,False,0.016867749392986298,3034866,1424.0,84421.45818173626
binned_pad,400,640,False,0.008106489665806293,3035183,317.0,39104.47222761867
binned_pad,400,640,False,0.008017399348318577,3035591,408.0,50889.31987472552
binned_pad,400,640,False,0.036790572106838226,3039175,3584.0,97416.2616877014
binned_pad,400,640,False,0.008165229111909866,3039610,435.0,53274.683911258
binned_pad,400,640,False,0.01033697184175253,3040589,979.0,94708.58729107464
binned_pad,400,640,False,0.008282419294118881,3041076,487.0,58799.24484695013
binned_pad,400,640,False,0.01478238683193922,3042378,1302.0,88077.79249741077
binned_pad,400,640,False,0.011506502516567707,3043463,1085.0,94294.50855616259
binned_pad,400,640,False,0.00813570898026228,3043935,472.0,58015.841169478954
binned_pad,400,640,False,0.00945540051907301,3044745,810.0,85665.32939203415
binned_pad,400,640,False,0.039679075591266155,3048609,3864.0,97381.30091041015
binned_pad,400,640,False,0.008118619211018085,3048975,366.0,45081.55765001117
binned_pad,400,640,False,0.05328572075814009,3053527,4552.0,85426.26308202132
binned_pad,400,640,False,0.008165598846971989,3053905,378.0,46291.767093135124
binned_pad,400,640,False,0.047720495611429214,3058170,4265.0,89374.5956607064
binned_pad,400,640,False,0.03221543785184622,3061269,3099.0,96196.11610594332
binned_pad,400,640,False,0.011598434299230576,3062361,1092.0,94150.6389420546
binned_pad,400,640,False,0.008052699267864227,3062730,369.0,45823.14423097385
binned_pad,400,640,False,0.008123788982629776,3063172,442.0,54408.10943576711
binned_pad,400,640,False,0.04498972184956074,3067301,4129.0,91776.51761899733
binned_pad,400,640,False,0.00911760050803423,3067889,588.0,64490.65184221082
binned_pad,400,640,False,0.05507383402436972,3072948,5059.0,91858.50394511184
binned_pad,400,640,False,0.00961477030068636,3073694,746.0,77588.95705982139
binned_pad,400,640,False,0.04194101970642805,3077530,3836.0,91461.77243306459
binned_pad,400,640,False,0.010994091629981995,3078353,823.0,74858.3900970587
binned_pad,400,640,False,0.008022869005799294,3078689,336.0,41880.279954355974
binned_pad,400,640,False,0.009622961282730103,3079451,762.0,79185.60385019185
binned_pad,400,640,False,0.00805329903960228,3079813,362.0,44950.5225398755
binned_pad,400,640,False,0.010188542306423187,3080597,784.0,76949.18236789781
binned_pad,400,640,False,0.03662001248449087,3084362,3765.0,102812.63562087901
binned_pad,400,640,False,0.03581193182617426,3087908,3546.0,99017.27773893214
binned_pad,400,640,False,0.00901299063116312,3088487,579.0,64240.60821699539
binned_pad,400,640,False,0.008176948875188828,3088921,434.0,53076.031980202126
binned_pad,400,640,False,0.0275112921372056,3091426,2505.0,91053.52040561916
binned_pad,400,640,False,0.008266869001090527,3091911,485.0,58667.91888634271
binned_pad,400,640,False,0.05058470834046602,3097083,5172.0,102244.33766009437
binned_pad,400,640,False,0.014607907272875309,3098181,1098.0,75164.7706608065
binned_pad,400,640,False,0.028821363113820553,3100323,2142.0,74319.87139334358
binned_pad,400,640,False,0.01371228601783514,3101215,892.0,65051.1518531486
binned_pad,400,640,False,0.01007459219545126,3102089,874.0,86752.89113882113
binned_pad,400,640,False,0.00941724143922329,3102898,809.0,85906.2608961552
binned_pad,400,640,False,0.043305519968271255,3107150,4252.0,98186.09736392315
binned_pad,400,640,False,0.035347350873053074,3110494,3344.0,94603.97787686223
binned_pad,400,640,False,0.0389138450846076,3113758,3264.0,83877.60173540593
binned_pad,400,640,False,0.00810282863676548,3114193,435.0,53684.956143123505
binned_pad,400,640,False,0.008076108992099762,3114591,398.0,49281.15759573488
binned_pad,400,640,False,0.04040961712598801,3118955,4364.0,107994.09423737026
binned_pad,400,640,False,0.039174425415694714,3122506,3551.0,90645.87322772421
binned_pad,400,640,False,0.05604378506541252,3128170,5664.0,101063.83773667605
binned_pad,400,640,False,0.012048494070768356,3129290,1120.0,92957.67532618916
binned_pad,400,640,False,0.03771621361374855,3133026,3736.0,99055.542485265
binned_pad,400,640,False,0.01004722248762846,3133764,738.0,73453.13601930568
binned_pad,400,640,False,0.06409487407654524,3139370,5606.0,87464.0925779032
binned_pad,400,640,False,0.03614922147244215,3142973,3603.0,99670.19629307083
binned_pad,400,640,False,0.018304551020264626,3144784,1811.0,98937.14399195457
binned_pad,400,640,False,0.012748215347528458,3145928,1144.0,89738.05107722717
binned_pad,400,640,False,0.00945133063942194,3146629,701.0,74169.45049791152
binned_pad,400,640,False,0.009128120727837086,3147197,568.0,62225.29444289985
binned_pad,400,640,False,0.035845072008669376,3150861,3664.0,102217.67720577703
binned_pad,400,640,False,0.010313191451132298,3151609,748.0,72528.47031341362
binned_pad,400,640,False,0.033022438175976276,3154535,2926.0,88606.41919919336
binned_pad,400,640,False,0.011964084580540657,3155612,1077.0,90019.42378038006
binned_pad,400,640,False,0.008057130500674248,3155953,341.0,42322.759941825934
binned_pad,400,640,False,0.0121788140386343,3156974,1021.0,83834.10706174903
binned_pad,400,640,False,0.04562371224164963,3160710,3736.0,81887.24276121982
binned_pad,400,640,False,0.008088518865406513,3161118,408.0,50441.86788572134
binned_pad,400,640,False,0.009461810812354088,3161825,707.0,74721.42637611026
binned_pad,400,640,False,0.05891140829771757,3166970,5145.0,87334.52736351127
binned_pad,400,640,False,0.030706956051290035,3169652,2682.0,87341.77349002738
binned_pad,400,640,False,0.02777355257421732,3172101,2449.0,88177.41243061033
binned_pad,400,640,False,0.027371911332011223,3174582,2481.0,90640.36376219336
binned_pad,400,640,False,0.00903715007007122,3175162,580.0,64179.52512715429
binned_pad,400,640,False,0.007984609343111515,3175530,368.0,46088.666857255965
binned_pad,400,640,False,0.033083679154515266,3178717,3187.0,96331.48674654093
binned_pad,400,640,False,0.009187650866806507,3179342,625.0,68026.09383624095
binned_pad,400,640,False,0.05262023117393255,3183868,4526.0,86012.54496658554
binned_pad,400,640,False,0.009752940386533737,3184586,718.0,73618.8238155716
binned_pad,400,640,False,0.016399248503148556,3185997,1411.0,86040.52799913951
binned_pad,400,640,False,0.011193393729627132,3187065,1068.0,95413.42204135765
binned_pad,400,640,False,0.01762480102479458,3188671,1606.0,91121.5960816056
binned_pad,400,640,False,0.054748643189668655,3194762,6091.0,111253.89863815662
binned_pad,400,640,False,0.027468431740999222,3197276,2514.0,91523.24470885676
binned_pad,400,640,False,0.05585848540067673,3202864,5588.0,100038.51625973913
binned_pad,400,640,False,0.03577160183340311,3206675,3811.0,106537.02391491264
binned_pad,400,640,False,0.008008629083633423,3207043,368.0,45950.43623034701
binned_pad,400,640,False,0.024054158478975296,3209334,2291.0,95243.40674825372
binned_pad,400,640,False,0.016819839365780354,3210732,1398.0,83116.13265725978
binned_pad,400,640,False,0.03358966950327158,3214070,3338.0,99375.79170509207
binned_pad,400,640,False,0.041670228354632854,3218175,4105.0,98511.57917985372
binned_pad,400,640,False,0.008003948256373405,3218463,288.0,35982.24161065392
binned_pad,400,640,False,0.03755147289484739,3222138,3675.0,97865.66855289086
binned_pad,400,640,False,0.030170274898409843,3224812,2674.0,88630.28291932918
binned_pad,400,640,False,0.04988109786063433,3229547,4735.0,94925.7374653098
binned_pad,400,640,False,0.050186747685074806,3233772,4225.0,84185.57079076247
binned_pad,400,640,False,0.008268860168755054,3234231,459.0,55509.46450084985
binned_pad,400,640,False,0.040698266588151455,3238715,4484.0,110176.6825937848
binned_pad,400,640,False,0.03707226272672415,3242124,3409.0,91955.54167085049
binned_pad,400,640,False,0.00820056814700365,3242587,463.0,56459.50276861883
binned_pad,400,640,False,0.013388166204094887,3243772,1185.0,88511.00157671761
binned_pad,400,640,False,0.024354439228773117,3245828,2056.0,84419.92774651841
binned_pad,400,640,False,0.03737498354166746,3248590,2762.0,73899.69809406839
binned_pad,400,640,False,0.011399323120713234,3249538,948.0,83162.83256129733
binned_pad,400,640,False,0.0392887257039547,3253534,3996.0,101708.56723911953
binned_pad,400,640,False,0.03118711616843939,3255882,2348.0,75287.49972644536
binned_pad,400,640,False,0.03851890470832586,3259728,3846.0,99847.07584815325
binned_pad,400,640,False,0.008051279932260513,3260110,382.0,47445.872359917805
binned_pad,400,640,False,0.05877174809575081,3266352,6242.0,106207.49258352068
binned_pad,400,640,False,0.05952709913253784,3271849,5497.0,92344.49654200114
binned_pad,400,640,False,0.03401484992355108,3275069,3220.0,94664.53643737959
binned_pad,400,640,False,0.008126559667289257,3275409,340.0,41838.12263983689
binned_pad,400,640,False,0.011137332767248154,3276346,937.0,84131.45405473206
binned_pad,400,640,False,0.01840635109692812,3278024,1678.0,91164.18518606033
binned_pad,400,640,False,0.052272201515734196,3283550,5526.0,105715.84589443103
binned_pad,400,640,False,0.014352126978337765,3284801,1251.0,87164.7806550335
binned_pad,400,640,False,0.041032906621694565,3289147,4346.0,105914.99257091917
binned_pad,400,640,False,0.05259762052446604,3293280,4133.0,78577.69912001086
binned_pad,400,640,False,0.04705417435616255,3298071,4791.0,101818.80918228325
binned_pad,400,640,False,0.008451489731669426,3298561,490.0,57977.944191764414
binned_pad,400,640,False,0.008350900374352932,3299201,640.0,76638.44271996722
binned_pad,400,640,False,0.026870381087064743,3301294,2093.0,77892.45687354836
binned_pad,400,640,False,0.009974680840969086,3302049,755.0,75691.64487940131
binned_pad,400,640,False,0.008872929960489273,3302678,629.0,70889.77404317475
binned_pad,400,640,False,0.0483906464651227,3306966,4288.0,88612.16605342425
binned_pad,400,640,False,0.012195874005556107,3308105,1139.0,93392.24064475435
binned_pad,400,640,False,0.04876859672367573,3312723,4618.0,94692.08282054374
binned_pad,400,640,False,0.036983552388846874,3316418,3695.0,99909.27753912305
binned_pad,400,640,False,0.018736662343144417,3317995,1577.0,84166.53783468595
binned_pad,400,640,False,0.05253805126994848,3322048,4053.0,77144.08703846039
binned_pad,400,640,False,0.010143252089619637,3322807,759.0,74828.07222909728
binned_pad,400,640,False,0.036513712257146835,3326510,3703.0,101413.95577425057
binned_pad,400,640,False,0.008223839104175568,3327022,512.0,62258.02736583664
binned_pad,400,640,False,0.02910491358488798,3329474,2452.0,84246.94314409995
binned_pad,400,640,False,0.03959938604384661,3333414,3940.0,99496.49208291806
binned_pad,400,640,False,0.026761640794575214,3335962,2548.0,95210.90353011907
binned_pad,400,640,False,0.03915053512901068,3339986,4024.0,102782.75856868691
binned_pad,400,640,False,0.016286248341202736,3341229,1243.0,76322.05858333391
binned_pad,400,640,False,0.02133451495319605,3343160,1931.0,90510.61175921994
binned_pad,400,640,False,0.038547844626009464,3347279,4119.0,106854.2233674144
binned_pad,400,640,False,0.008087449707090855,3347660,381.0,47110.030207167736
binned_pad,400,640,False,0.013454015366733074,3348597,937.0,69644.63578039779
binned_pad,400,640,False,0.04449721146374941,3353084,4487.0,100837.77954615041
binned_pad,400,640,False,0.0474705845117569,3358017,4933.0,103916.98460713621
binned_pad,400,640,False,0.014131166972219944,3358979,962.0,68076.47251576379
binned_pad,400,640,False,0.011621694080531597,3360093,1114.0,95855.21631189277
binned_pad,400,640,False,0.01832279097288847,3361922,1829.0,99821.03723752026
binned_pad,400,640,False,0.028659403324127197,3364607,2685.0,93686.52827951958
binned_pad,400,640,False,0.04115694761276245,3368510,3903.0,94832.10554685815
binned_pad,400,640,False,0.05097983870655298,3373413,4903.0,96175.27486154571
binned_pad,400,640,False,0.028371453285217285,3375762,2349.0,82794.4898128968
binned_pad,400,640,False,0.020640124566853046,3377706,1944.0,94185.47808194732
binned_pad,400,640,False,0.008131428621709347,3378160,454.0,55832.747370850375
binned_pad,400,640,False,0.011620154604315758,3379226,1066.0,91737.1615351903
binned_pad,400,640,False,0.026832561008632183,3381598,2372.0,88400.05988384465
binned_pad,400,640,False,0.015677768737077713,3383034,1436.0,91594.66656781836
binned_pad,400,640,False,0.036046091467142105,3386663,3629.0,100676.65736541846
binned_pad,400,640,False,0.04266692977398634,3390988,4325.0,101366.56241520606
binned_pad,400,640,False,0.0467855641618371,3395466,4478.0,95713.28421968024
binned_pad,400,640,False,0.009500790387392044,3396108,642.0,67573.32535743147
binned_pad,400,640,False,0.020132633857429028,3397915,1807.0,89754.77390571077
binned_pad,400,640,False,0.018147590570151806,3399293,1378.0,75932.94518482588
binned_pad,400,640,False,0.0356470812112093,3402814,3521.0,98773.86535907502
binned_pad,400,640,False,0.03599539212882519,3406007,3193.0,88705.79846921681
binned_pad,400,640,False,0.013590475544333458,3407003,996.0,73286.61876112802
binned_pad,400,640,False,0.016042419709265232,3408312,1309.0,81596.16963792517
binned_pad,400,640,False,0.008125869557261467,3408676,364.0,44795.20590811368
binned_pad,400,640,False,0.010390011593699455,3409539,863.0,83060.54254292908
binned_pad,400,640,False,0.011725382879376411,3410687,1148.0,97907.25060408891
binned_pad,400,640,False,0.00808343943208456,3410999,312.0,38597.431529160516
binned_pad,400,640,False,0.011194292455911636,3412019,1020.0,91117.86243009439
binned_pad,400,640,False,0.029097664169967175,3414869,2850.0,97946.00636506057
binned_pad,400,640,False,0.02838774211704731,3417673,2804.0,98775.02720852714
binned_pad,400,640,False,0.00804148893803358,3418026,353.0,43897.34323085702
binned_pad,400,640,False,0.018195380456745625,3419776,1750.0,96178.25822109796
binned_pad,400,640,False,0.031645686365664005,3422859,3083.0,97422.44059351787
binned_pad,400,640,False,0.008018478751182556,3423193,334.0,41653.78625599551
binned_pad,400,640,False,0.011711014434695244,3424261,1068.0,91196.19875421941
binned_pad,400,640,False,0.032452696934342384,3427350,3089.0,95184.69316277781
binned_pad,400,640,False,0.05280893109738827,3433015,5665.0,107273.52139646262
binned_pad,400,640,False,0.008268820121884346,3433493,478.0,57807.52186577625
binned_pad,400,640,False,0.008133290335536003,3433885,392.0,48196.9761103046
binned_pad,400,640,False,0.021332304924726486,3435793,1908.0,89441.81169041974
binned_pad,400,640,False,0.00990272220224142,3436535,742.0,74928.89175786966
binned_pad,400,640,False,0.044781701639294624,3440707,4172.0,93163.05203416372
binned_pad,400,640,False,0.05303442198783159,3445580,4873.0,91883.7203716122
binned_pad,400,640,False,0.018590521067380905,3447007,1427.0,76759.54831109209
binned_pad,400,640,False,0.00805691909044981,3447423,416.0,51632.639639276196
binned_pad,400,640,False,0.049870788119733334,3452498,5075.0,101762.97971902066
binned_pad,400,640,False,0.03848119545727968,3456324,3826.0,99425.18558830833
binned_pad,400,640,False,0.0193153228610754,3458353,2029.0,105046.13433559936
binned_pad,400,640,False,0.03963612578809261,3462182,3829.0,96603.7907052535
binned_pad,400,640,False,0.008354279212653637,3462779,597.0,71460.38393064075
binned_pad,400,640,False,0.037100463174283504,3466714,3935.0,106063.36588076825
binned_pad,400,640,False,0.033180829137563705,3470108,3394.0,102287.98038556802
binned_pad,400,640,False,0.05076794885098934,3474197,4089.0,80542.94279254333
binned_pad,400,640,False,0.011889124289155006,3475266,1069.0,89914.10754912521
binned_pad,400,640,False,0.010581262409687042,3476072,806.0,76172.3855616807
binned_pad,400,640,False,0.029965595342218876,3479062,2990.0,99781.09781744781
binned_pad,400,640,False,0.009207669645547867,3479654,592.0,64294.22674674764
binned_pad,400,640,False,0.04512584209442139,3484125,4471.0,99078.48346951338
binned_pad,400,640,False,0.05181979015469551,3489218,5093.0,98282.9144000019
binned_pad,400,640,False,0.023668168112635612,3491307,2089.0,88262.00617042075
binned_pad,400,640,False,0.018997251987457275,3493289,1982.0,104330.87908233219
binned_pad,400,640,False,0.05391604360193014,3498853,5564.0,103197.48312913699
binned_pad,400,640,False,0.022271745838224888,3501158,2305.0,103494.35633572738
binned_pad,400,640,False,0.04914467688649893,3505999,4841.0,98505.07332015697
binned_pad,400,640,False,0.05145793966948986,3511034,5035.0,97846.90238939595
binned_pad,400,640,False,0.029078803025186062,3513549,2515.0,86489.1171009233
binned_pad,400,640,False,0.008717671036720276,3514125,576.0,66072.69276092119
binned_pad,400,640,False,0.02389505784958601,3516476,2351.0,98388.54606668098
binned_pad,400,640,False,0.008898930624127388,3516971,495.0,55624.66108657171
binned_pad,400,640,False,0.032864198088645935,3519938,2967.0,90280.61454586509
binned_pad,400,640,False,0.028812113218009472,3522361,2423.0,84096.57360659908
binned_pad,400,640,False,0.008237138390541077,3522863,502.0,60943.494718561466
binned_pad,400,640,False,0.05089612863957882,3527871,5008.0,98396.48189087576
binned_pad,400,640,False,0.020604942925274372,3529602,1731.0,84008.96844400991
binned_pad,400,640,False,0.020666814409196377,3531787,2185.0,105725.05064097894
binned_pad,400,640,False,0.008230840787291527,3532261,474.0,57588.28438667641
binned_pad,400,640,False,0.010106951929628849,3533020,759.0,75096.8249660877
binned_pad,400,640,False,0.011613663285970688,3534094,1074.0,92477.28072996507
binned_pad,400,640,False,0.046832043677568436,3538662,4568.0,97540.05252151693
binned_pad,400,640,False,0.009969162754714489,3539417,755.0,75733.54137918503
binned_pad,400,640,False,0.0510259997099638,3544659,5242.0,102731.94116324975
binned_pad,400,640,False,0.019022292457520962,3546417,1758.0,92417.88306671358
binned_pad,400,640,False,0.011440454050898552,3547365,948.0,82863.8440207312
binned_pad,400,640,False,0.0361716216430068,3551067,3702.0,102345.42527666083
binned_pad,400,640,False,0.040291897021234035,3554951,3884.0,96396.55333063897
binned_pad,400,640,False,0.047046094201505184,3559162,4211.0,89507.96174414993
binned_pad,400,640,False,0.03357944916933775,3562646,3484.0,103753.93540348271
binned_pad,400,640,False,0.0189879322424531,3564205,1559.0,82104.78003046576
binned_pad,400,640,False,0.01188026461750269,3565189,984.0,82826.43793559233
binned_pad,400,640,False,0.05799414683133364,3570991,5802.0,100044.5789274934
binned_pad,400,640,False,0.011256033554673195,3571946,955.0,84843.38602593365
binned_pad,400,640,False,0.009555650874972343,3572671,725.0,75871.33618484135
binned_pad,400,640,False,0.05441094283014536,3578303,5632.0,103508.5904977132
binned_pad,400,640,False,0.008071529679000378,3578650,347.0,42990.61191620055
binned_pad,400,640,False,0.010690293274819851,3579585,935.0,87462.52099578215
binned_pad,400,640,False,0.03278232831507921,3582353,2768.0,84435.73541805985
binned_pad,400,640,False,0.008088329806923866,3582777,424.0,52421.205628514625
binned_pad,400,640,False,0.03670481313019991,3586160,3383.0,92167.74889984503
binned_pad,400,640,False,0.008175059221684933,3586583,423.0,51742.744429050996
binned_pad,400,640,False,0.05816887691617012,3592239,5656.0,97234.12759285563
binned_pad,400,640,False,0.0244997376576066,3594229,1990.0,81225.35954511134
binned_pad,400,640,False,0.010807112790644169,3595087,858.0,79392.15742642934
binned_pad,400,640,False,0.008002348244190216,3595431,344.0,42987.38189127765
binned_pad,400,640,False,0.06159247178584337,3601692,6261.0,101652.03341358757
binned_pad,400,640,False,0.05444060266017914,3607365,5673.0,104205.31226318597
binned_pad,400,640,False,0.008091419003903866,3607714,349.0,43132.11314747364
binned_pad,400,640,False,0.009097039699554443,3608281,567.0,62327.96807820578
binned_pad,400,640,False,0.05643873568624258,3613311,5030.0,89123.1870955271
binned_pad,400,640,False,0.04703882336616516,3617779,4468.0,94985.36911137566
binned_pad,400,640,False,0.009709840640425682,3618534,755.0,77756.16799071386
binned_pad,400,640,False,0.04926996771246195,3623494,4960.0,100669.84474084519
binned_pad,400,640,False,0.019283252768218517,3625293,1799.0,93293.38891232097
binned_pad,400,640,False,0.008314060047268867,3625780,487.0,58575.473021749145
binned_pad,400,640,False,0.07004286162555218,3632466,6686.0,95455.83725209901
binned_pad,400,640,False,0.018774562515318394,3634112,1646.0,87671.81651540528
binned_pad,400,640,False,0.02653735037893057,3636558,2446.0,92171.97516229846
binned_pad,400,640,False,0.008144669234752655,3636613,55.0,6752.883194484974
binned_pad,400,640,False,0.007979249581694603,3636976,363.0,45492.99984709934
binned_pad,400,640,False,0.008079279214143753,3637321,345.0,42701.82906861739
binned_pad,400,640,False,0.051295739598572254,3642639,5318.0,103673.32729028472
binned_pad,400,640,False,0.019121602177619934,3644473,1834.0,95912.46502066271
binned_pad,400,640,False,0.01724749058485031,3646025,1552.0,89984.104781204
binned_pad,400,640,False,0.04780094511806965,3650626,4601.0,96253.32697157773
binned_pad,400,640,False,0.051349539309740067,3655899,5273.0,102688.36041922987
binned_pad,400,640,False,0.021782005205750465,3657805,1906.0,87503.42229726465
binned_pad,400,640,False,0.0159847280010581,3658969,1164.0,72819.50621386548
binned_pad,400,640,False,0.008284510113298893,3659570,601.0,72545.02581090841
binned_pad,400,640,False,0.015584628097712994,3660949,1379.0,88484.62673307968
binned_pad,400,640,False,0.009630070999264717,3661735,786.0,81619.3359384384
binned_pad,400,640,False,0.055343953892588615,3667605,5870.0,106063.9796605873
binned_pad,400,640,False,0.008070958778262138,3667942,337.0,41754.64269594049
binned_pad,400,640,False,0.015391088090837002,3669267,1325.0,86088.78022008277
binned_pad,400,640,False,0.05372448172420263,3674723,5456.0,101555.1909464414
binned_pad,400,640,False,0.019803132861852646,3676434,1711.0,86400.47066976708
binned_pad,400,640,False,0.04888677690178156,3681177,4743.0,97020.10033365797
binned_pad,400,640,False,0.015307917259633541,3682467,1290.0,84270.11840478693
binned_pad,400,640,False,0.00977353099733591,3683207,740.0,75714.70333513146
binned_pad,400,640,False,0.029078214429318905,3686108,2901.0,99765.41052929946
binned_pad,400,640,False,0.03073370549827814,3688401,2293.0,74608.64099607077
binned_pad,400,640,False,0.009513751603662968,3689145,744.0,78202.58831579609
binned_pad,400,640,False,0.03188793733716011,3692049,2904.0,91068.91955083808
binned_pad,400,640,False,0.041226256638765335,3696481,4432.0,107504.30335779164
binned_pad,400,640,False,0.03261483833193779,3699638,3157.0,96796.43258904447
binned_pad,400,640,False,0.026898141019046307,3701783,2145.0,79745.28791715184
binned_pad,400,640,False,0.01835610158741474,3703539,1756.0,95663.01382881557
binned_pad,400,640,False,0.04449376091361046,3706761,3222.0,72414.6472188734
binned_pad,400,640,False,0.045493233017623425,3710643,3882.0,85331.3722174058
binned_pad,400,640,False,0.027390331029891968,3713128,2485.0,90725.44604473886
binned_pad,400,640,False,0.009460321627557278,3713851,723.0,76424.46297956191
binned_pad,400,640,False,0.032351077534258366,3716725,2874.0,88837.84464231711
binned_pad,400,640,False,0.03553282096982002,3720592,3867.0,108828.96135053436
binned_pad,400,640,False,0.023058315739035606,3722859,2267.0,98315.94057679494
binned_pad,400,640,False,0.013377895578742027,3724101,1242.0,92839.71404094259
binned_pad,400,640,False,0.02943332400172949,3726776,2675.0,90883.38102223242
binned_pad,400,640,False,0.020390013232827187,3728670,1894.0,92888.61063369631
binned_pad,400,640,False,0.018234681338071823,3730426,1756.0,96300.010263063
binned_pad,400,640,False,0.008099459111690521,3730865,439.0,54201.15021833499
binned_pad,400,640,False,0.008276020176708698,3731358,493.0,59569.69527303181
binned_pad,400,640,False,0.036765593104064465,3734676,3318.0,90247.42211035329
binned_pad,400,640,False,0.050388479605317116,3739880,5204.0,103277.57536567666
binned_pad,400,640,False,0.016684639267623425,3741217,1337.0,80133.58746056027
binned_pad,400,640,False,0.03831429313868284,3744979,3762.0,98187.9004366079
binned_pad,400,640,False,0.014387616887688637,3746196,1217.0,84586.62817477276
binned_pad,400,640,False,0.037145212292671204,3749923,3727.0,100335.94560274843
binned_pad,400,640,False,0.03691014368087053,3753514,3591.0,97290.32839991659
binned_pad,400,640,False,0.036724853329360485,3757362,3848.0,104779.17952428233
binned_pad,400,640,False,0.040003896690905094,3761523,4161.0,104014.86715532903
binned_pad,400,640,False,0.028379573486745358,3763794,2271.0,80022.34427732564
binned_pad,400,640,False,0.011794704012572765,3764891,1097.0,93007.844777676
binned_pad,400,640,False,0.011651512235403061,3765897,1006.0,86340.72381980375
binned_pad,400,640,False,0.021942324936389923,3767962,2065.0,94110.35548814299
binned_pad,400,640,False,0.045237891376018524,3772207,4245.0,93837.26497584625
binned_pad,400,640,False,0.042615629732608795,3776174,3967.0,93087.91222588728
binned_pad,400,640,False,0.008225230500102043,3776591,417.0,50697.66737781107
binned_pad,400,640,False,0.0081984493881464,3777057,466.0,56840.01668336927
binned_pad,400,640,False,0.06648170668631792,3782688,5631.0,84699.99163181639
binned_pad,400,640,False,0.01863196212798357,3784344,1656.0,88879.52801883563
binned_pad,400,640,False,0.041840448044240475,3788556,4212.0,100668.13805498435
binned_pad,400,640,False,0.03139557596296072,3791710,3154.0,100460.01397524819
binned_pad,400,640,False,0.04820844531059265,3796315,4605.0,95522.68218423882
binned_pad,400,640,False,0.008214038796722889,3796791,476.0,57949.56802369952
binned_pad,400,640,False,0.029570904560387135,3799305,2514.0,85015.99925244517
binned_pad,400,640,False,0.013870005495846272,3800367,1062.0,76568.10232108727
binned_pad,400,640,False,0.026897571049630642,3802970,2603.0,96774.53756686868
binned_pad,400,640,False,0.008115699514746666,3803356,386.0,47562.135500287695
binned_pad,400,640,False,0.00797656923532486,3803718,362.0,45382.919563570606
binned_pad,400,640,False,0.03620478231459856,3807369,3651.0,100843.03140604265
binned_pad,400,640,False,0.01906246319413185,3808798,1429.0,74964.07916684663
binned_pad,400,640,False,0.00967475026845932,3809526,728.0,75247.42032601655
binned_pad,400,640,False,0.008831040933728218,3810029,503.0,56958.1778382322
binned_pad,400,640,False,0.008280488662421703,3810544,515.0,62194.39709363525
binned_pad,400,640,False,0.01847309246659279,3812483,1939.0,104963.47612109543
binned_pad,400,640,False,0.031675126403570175,3815633,3150.0,99447.11695436064
binned_pad,400,640,False,0.017887220717966557,3816858,1225.0,68484.64718555
binned_pad,400,640,False,0.03301372937858105,3820088,3230.0,97838.08314899405
binned_pad,400,640,False,0.041704289615154266,3824409,4321.0,103610.44486967738
binned_pad,400,640,False,0.020585933700203896,3826094,1685.0,81852.00751828472
binned_pad,400,640,False,0.010490561835467815,3826916,822.0,78356.14649549832
binned_pad,400,640,False,0.01983946282416582,3828580,1664.0,83873.23864299059
binned_pad,400,640,False,0.015079697594046593,3829840,1260.0,83556.05224453859
binned_pad,400,640,False,0.026832380332052708,3832033,2193.0,81729.61074870963
binned_pad,400,640,False,0.0098379822447896,3832808,775.0,78776.316191306
binned_pad,400,640,False,0.029967375099658966,3835117,2309.0,77050.458784636
binned_pad,400,640,False,0.02066692430526018,3837030,1913.0,92563.36219865576
binned_pad,400,640,False,0.028271962888538837,3839425,2395.0,84712.90123866526
binned_pad,400,640,False,0.010529822669923306,3840374,949.0,90124.97453643368
binned_pad,400,640,False,0.009569291025400162,3841187,813.0,84959.27209675417
binned_pad,400,640,False,0.03506836108863354,3844680,3493.0,99605.45322239658
binned_pad,400,640,False,0.00820279959589243,3845100,420.0,51202.03109805535
binned_pad,400,640,False,0.008080748841166496,3845533,433.0,53584.14282029514
binned_pad,400,640,False,0.00866714958101511,3846097,564.0,65073.297135128414
binned_pad,400,640,False,0.008191638626158237,3846554,457.0,55788.593815731656
binned_pad,400,640,False,0.008070318959653378,3846961,407.0,50431.71181148468
binned_pad,400,640,False,0.008246459998190403,3847411,450.0,54568.86956327293
binned_pad,400,640,False,0.05014755763113499,3852893,5482.0,109317.38770456897
binned_pad,400,640,False,0.02114960551261902,3854931,2038.0,96361.13537834155
binned_pad,400,640,False,0.011174502782523632,3855805,874.0,78213.77085044827
binned_pad,400,640,False,0.0284910025075078,3858652,2847.0,99926.28371886084
binned_pad,400,640,False,0.015114016830921173,3860064,1412.0,93423.21209483138
binned_pad,400,640,False,0.04442617204040289,3864210,4146.0,93323.36795142887
binned_pad,400,640,False,0.04728683456778526,3868727,4517.0,95523.41663988779
binned_pad,400,640,False,0.05715395696461201,3873595,4868.0,85173.4553219844
binned_pad,400,640,False,0.04228630941361189,3877603,4008.0,94782.44981837625
binned_pad,400,640,False,0.015324917621910572,3878858,1255.0,81892.77299642267
binned_pad,400,640,False,0.010579672642052174,3879706,848.0,80153.70878578628
binned_pad,400,640,False,0.03485583048313856,3882955,3249.0,93212.52585192877
binned_pad,400,640,False,0.041049208492040634,3887407,4452.0,108455.19715351477
binned_pad,400,640,False,0.05635986477136612,3892780,5373.0,95333.79864903042
binned_pad,400,640,False,0.017127959989011288,3894321,1541.0,89969.85052444383
binned_pad,400,640,False,0.010849992744624615,3895136,815.0,75115.25760270885
binned_pad,400,640,False,0.024472379125654697,3897481,2345.0,95822.31412644745
binned_pad,400,640,False,0.008009939454495907,3897795,314.0,39201.29506394142
binned_pad,400,640,False,0.034317188896238804,3900707,2912.0,84855.43523989397
binned_pad,400,640,False,0.011803384870290756,3901778,1071.0,90736.6837368591
binned_pad,400,640,False,0.009921290911734104,3902553,775.0,78114.83474226044
binned_pad,400,640,False,0.010149002075195312,3903377,824.0,81190.24844953956
binned_pad,400,640,False,0.011198592372238636,3904343,966.0,86260.84135312565
binned_pad,400,640,False,0.008027808740735054,3904770,427.0,53190.106265648574
binned_pad,400,640,False,0.05432333331555128,3909651,4881.0,89850.89283176781
binned_pad,400,640,False,0.009569021873176098,3910322,671.0,70122.10954193224
binned_pad,400,640,False,0.008027790114283562,3910699,377.0,46961.86554867912
binned_pad,400,640,False,0.008109250105917454,3911104,405.0,49942.96571324947
binned_pad,400,640,False,0.039010655134916306,3915414,4310.0,110482.63570796468
binned_pad,400,640,False,0.021220815367996693,3917279,1865.0,87885.40721260992
binned_pad,400,640,False,0.009244020096957684,3917958,679.0,73452.89093686274
binned_pad,400,640,False,0.0080491304397583,3918382,424.0,52676.49756372091
binned_pad,400,640,False,0.008368180133402348,3918511,129.0,15415.538138941924
binned_pad,400,640,False,0.03436155058443546,3922066,3555.0,103458.66061150006
binned_pad,400,640,False,0.01596828829497099,3923341,1275.0,79845.75281005824
binned_pad,400,640,False,0.01310779433697462,3924286,945.0,72094.50924434577
binned_pad,400,640,False,0.055602164939045906,3929069,4783.0,86021.83035936429
binned_pad,400,640,False,0.015650877729058266,3930526,1457.0,93093.82037371967
binned_pad,400,640,False,0.016919489949941635,3932032,1506.0,89009.77538068133
binned_pad,400,640,False,0.03793874382972717,3935927,3895.0,102665.49724158355
binned_pad,400,640,False,0.017217020504176617,3937348,1421.0,82534.60577893164
binned_pad,400,640,False,0.025306799449026585,3939328,1980.0,78239.8423786521
binned_pad,400,640,False,0.008952980861067772,3939879,551.0,61543.748227591466
binned_pad,400,640,False,0.06329136341810226,3944779,4900.0,77419.72577886556
binned_pad,400,640,False,0.008404700085520744,3945337,558.0,66391.4231706255
binned_pad,400,640,False,0.03282411862164736,3948661,3324.0,101266.99937672773
binned_pad,400,640,False,0.014122695662081242,3949813,1152.0,81570.82950481364
binned_pad,400,640,False,0.01759323012083769,3950830,1017.0,57806.32624110622
binned_pad,400,640,False,0.010964052751660347,3951690,860.0,78438.14869184805
binned_pad,400,640,False,0.03977522626519203,3955859,4169.0,104813.98577607494
binned_pad,400,640,False,0.033815120346844196,3959322,3463.0,102409.80852588287
binned_pad,400,640,False,0.04018034692853689,3963717,4395.0,109381.83305925073
binned_pad,400,640,False,0.011471754871308804,3964558,841.0,73310.49254751475
binned_pad,400,640,False,0.017279749736189842,3966045,1487.0,86054.48705577615
binned_pad,400,640,False,0.009396770969033241,3966219,174.0,18516.999145069243
binned_pad,400,640,False,0.021014424040913582,3968151,1932.0,91936.85233716299
binned_pad,400,640,False,0.00855350960046053,3968471,320.0,37411.543909738626
binned_pad,400,640,False,0.04622841440141201,3972462,3991.0,86332.18447306508
binned_pad,400,640,False,0.008862939663231373,3972881,419.0,47275.510826081285
binned_pad,400,640,False,0.014385925605893135,3974122,1241.0,86264.86984554052
binned_pad,400,640,False,0.01668381877243519,3975556,1434.0,85951.54500055096
binned_pad,400,640,False,0.028513233177363873,3977821,2265.0,79436.79995568309
binned_pad,400,640,False,0.03703847248107195,3981455,3634.0,98114.19738913668
binned_pad,400,640,False,0.048630546778440475,3985791,4336.0,89162.06555839696
binned_pad,400,640,False,0.017188419587910175,3987333,1542.0,89711.56377195941
binned_pad,400,640,False,0.008191600441932678,3987765,432.0,52736.947201257346
binned_pad,400,640,False,0.011514043435454369,3988807,1042.0,90498.18214090144
binned_pad,400,640,False,0.038462444208562374,3992871,4064.0,105661.51173240536
binned_pad,400,640,False,0.027425920590758324,3995368,2497.0,91045.25741394478
binned_pad,400,640,False,0.06139769125729799,4001873,6505.0,105948.60925209118
binned_pad,400,640,False,0.01652015931904316,4003104,1231.0,74515.01987520172
binned_pad,400,640,False,0.009567521512508392,4003837,733.0,76613.36314129944
binned_pad,400,640,False,0.03708822280168533,4007767,3930.0,105963.55670677798
binned_pad,400,640,False,0.03838773537427187,4011344,3577.0,93180.80280394368
binned_pad,400,640,False,0.027663172222673893,4012964,1620.0,58561.61350404276
binned_pad,400,640,False,0.03903403598815203,4016917,3953.0,101270.59372491871
binned_pad,400,640,False,0.01114463247358799,4017838,921.0,82640.67946454999
binned_pad,400,640,False,0.03084243554621935,4020510,2672.0,86633.88453858769
binned_pad,400,640,False,0.008029548451304436,4020882,372.0,46328.881662027576
binned_pad,400,640,False,0.05416974239051342,4025961,5079.0,93760.82986300983
binned_pad,400,640,False,0.008099868893623352,4026336,375.0,46297.04565900072
binned_pad,400,640,False,0.00806677807122469,4026753,417.0,51693.50096384783
binned_pad,400,640,False,0.04049148689955473,4030743,3990.0,98539.23146605605
binned_pad,400,640,False,0.027186562307178974,4033272,2529.0,93023.89803554471
binned_pad,400,640,False,0.008329459466040134,4033900,628.0,75395.04844947091
binned_pad,400,640,False,0.00936261098831892,4034658,758.0,80960.32195994302
binned_pad,400,640,False,0.04751362558454275,4039162,4504.0,94793.86059449129
binned_pad,400,640,False,0.008039128966629505,4039507,345.0,42915.09707483211
binned_pad,400,640,False,0.016204378567636013,4040858,1351.0,83372.52763881162
binned_pad,400,640,False,0.00978236086666584,4041712,854.0,87299.98940338337
binned_pad,400,640,False,0.008119489066302776,4042169,457.0,56284.32974885398
binned_pad,400,640,False,0.014893426559865475,4043426,1257.0,84399.65074171312
binned_pad,400,640,False,0.034304458647966385,4046589,3163.0,92203.75789802783
binned_pad,400,640,False,0.018078080378472805,4048156,1567.0,86679.55707653383
binned_pad,400,640,False,0.03130893595516682,4051256,3100.0,99013.26587524661
binned_pad,400,640,False,0.04057479649782181,4055147,3891.0,95896.9689523614
binned_pad,400,640,False,0.03614475205540657,4058179,3032.0,83884.93010969403
binned_pad,400,640,False,0.06803909875452518,4064127,5948.0,87420.32315065619
binned_pad,400,640,False,0.018445951864123344,4065806,1679.0,91022.6814190917
binned_pad,400,640,False,0.015473348088562489,4067195,1389.0,89767.25606184185
binned_pad,400,640,False,0.04724848456680775,4071868,4673.0,98902.64297032717
binned_pad,400,640,False,0.04848496615886688,4076803,4935.0,101784.12796721097
binned_pad,400,640,False,0.033050497993826866,4079524,2721.0,82328.56281040683
binned_pad,400,640,False,0.008031999692320824,4079868,344.0,42828.68689958854
binned_pad,400,640,False,0.021578485146164894,4081961,2093.0,96994.76056001017
binned_pad,400,640,False,0.02014236245304346,4083993,2032.0,100881.91018988291
binned_pad,400,640,False,0.0525597408413887,4088541,4548.0,86530.10702097358
binned_pad,400,640,False,0.014446486718952656,4089785,1244.0,86110.9018546336
binned_pad,400,640,False,0.03508913144469261,4093147,3362.0,95813.14388756458
binned_pad,400,640,False,0.008034199476242065,4093522,375.0,46675.4654410701
binned_pad,400,640,False,0.07706628832966089,4099455,5933.0,76985.6720570327
binned_pad,400,640,False,0.06508167553693056,4106119,6664.0,102394.41355836816
binned_pad,400,640,False,0.05918480921536684,4111748,5629.0,95108.86449792724
binned_pad,400,640,False,0.055495413951575756,4116849,5101.0,91917.50519152872
binned_pad,400,640,False,0.017616900615394115,4118437,1588.0,90140.7140034816
binned_pad,400,640,False,0.0406888872385025,4122309,3872.0,95161.11800511612
binned_pad,400,640,False,0.045410072430968285,4126072,3763.0,82867.07768899635
binned_pad,400,640,False,0.045203632675111294,4130782,4710.0,104195.16577023428
binned_pad,400,640,False,0.010041670873761177,4131506,724.0,72099.55485513945
binned_pad,400,640,False,0.00909729115664959,4132158,652.0,71669.68592880816
binned_pad,400,640,False,0.0403780872002244,4136401,4243.0,105081.74839883004
binned_pad,400,640,False,0.01400662586092949,4137335,934.0,66682.72639489344
binned_pad,400,640,False,0.03457802999764681,4140924,3589.0,103794.23004272504
binned_pad,400,640,False,0.050475168973207474,4146008,5084.0,100722.79307670308
binned_pad,400,640,False,0.008626109920442104,4146565,557.0,64571.400682018284
binned_pad,400,640,False,0.045588092878460884,4151387,4822.0,105773.23365677054
binned_pad,400,640,False,0.04183366894721985,4155254,3867.0,92437.50541887362
binned_pad,400,640,False,0.040888107381761074,4159163,3909.0,95602.37072121573
binned_pad,400,640,False,0.03870209492743015,4163212,4049.0,104619.65967455335
binned_pad,400,640,False,0.037120372988283634,4166682,3470.0,93479.66414818197
binned_pad,400,640,False,0.02781585231423378,4169255,2573.0,92501.21013488981
binned_pad,400,640,False,0.02993970550596714,4171941,2686.0,89713.64128697479
binned_pad,400,640,False,0.03823725413531065,4175703,3762.0,98385.72578165166
binned_pad,400,640,False,0.03650521207600832,4178885,3182.0,87165.63523517372
binned_pad,400,640,False,0.009664441458880901,4179689,804.0,83191.56398440222
binned_pad,400,640,False,0.016813899390399456,4181121,1432.0,85167.63225178186
binned_pad,400,640,False,0.047114744782447815,4185895,4774.0,101327.09032053404
binned_pad,400,640,False,0.04808662552386522,4190833,4938.0,102689.67610441468
binned_pad,400,640,False,0.009566430933773518,4191585,752.0,78608.20876729734
binned_pad,400,640,False,0.009114481508731842,4192208,623.0,68352.7636106513
binned_pad,400,640,False,0.03971720580011606,4196327,4119.0,103708.20194979485
binned_pad,400,640,False,0.011545533314347267,4197353,1026.0,88865.535446944
binned_pad,400,640,False,0.041032956913113594,4201560,4207.0,102527.34183666637
binned_pad,400,640,False,0.02708085160702467,4204271,2711.0,100107.63469848847
binned_pad,400,640,False,0.008199320174753666,4204675,404.0,49272.37763491014
binned_pad,400,640,False,0.011560562998056412,4205717,1042.0,90134.01857463027
binned_pad,400,640,False,0.00953035056591034,4206476,759.0,79640.30229012885
binned_pad,400,640,False,0.01398218609392643,4207672,1196.0,85537.41110050863
binned_pad,400,640,False,0.04640800412744284,4212726,5054.0,108903.6276182232
binned_pad,400,640,False,0.008035269565880299,4213087,361.0,44926.93083165417
binned_pad,400,640,False,0.008653679862618446,4213656,569.0,65752.37460053565
binned_pad,400,640,False,0.011636422947049141,4214606,950.0,81640.20887887276
binned_pad,400,640,False,0.04375881049782038,4218350,3744.0,85559.91256175686
binned_pad,400,640,False,0.022961036302149296,4220699,2349.0,102303.7448784539
binned_pad,400,640,False,0.008059059269726276,4220819,120.0,14890.07537775259
binned_pad,400,640,False,0.030535555444657803,4223616,2797.0,91598.13729503765
binned_pad,400,640,False,0.03583648148924112,4227302,3686.0,102856.0798053407
binned_pad,400,640,False,0.015548237599432468,4228618,1316.0,84639.81795904867
binned_pad,400,640,False,0.010022011585533619,4229371,753.0,75134.61679558683
binned_pad,400,640,False,0.00824407022446394,4229840,469.0,56889.37469361454
binned_pad,400,640,False,0.031305897049605846,4232851,3011.0,96179.96236392496
binned_pad,400,640,False,0.008948590606451035,4233500,649.0,72525.38735341588
binned_pad,400,640,False,0.026386050507426262,4235811,2311.0,87584.15736942431
binned_pad,400,640,False,0.025017859414219856,4237980,2169.0,86698.06493385145
binned_pad,400,640,False,0.016036218963563442,4239426,1446.0,90170.88150801112
binned_pad,400,640,False,0.020994454622268677,4241605,2179.0,103789.31194948734
binned_pad,400,640,False,0.05099838878959417,4246708,5103.0,100061.98472374538
binned_pad,400,640,False,0.009403560310602188,4247383,675.0,71781.32299943468
binned_pad,400,640,False,0.03923260606825352,4251566,4183.0,106620.49808067239
binned_pad,400,640,False,0.008137188851833344,4251957,391.0,48050.992439717804
binned_pad,400,640,False,0.009990110993385315,4252741,784.0,78477.60655703471
binned_pad,400,640,False,0.022219965234398842,4254630,1889.0,85013.63436319106
binned_pad,400,640,False,0.010944973677396774,4255523,893.0,81589.96323985652
binned_pad,400,640,False,0.041095578111708164,4259318,3795.0,92345.70176100775
binned_pad,400,640,False,0.021717924624681473,4261537,2219.0,102173.66706753385
binned_pad,400,640,False,0.008142809383571148,4261864,327.0,40158.130271322814
binned_pad,400,640,False,0.008103589527308941,4262231,367.0,45288.572275683146
binned_pad,400,640,False,0.041402547620236874,4266145,3914.0,94535.24541293933
binned_pad,400,640,False,0.023687047883868217,4267430,1285.0,54249.0565434764
binned_pad,400,640,False,0.042193069122731686,4271511,4081.0,96722.04665010597
binned_pad,400,640,False,0.046754855662584305,4276256,4745.0,101486.78533505127
binned_pad,400,640,False,0.008147348649799824,4276679,423.0,51918.730642562216
binned_pad,400,640,False,0.00862929131835699,4277315,636.0,73702.46020632594
binned_pad,400,640,False,0.03321144916117191,4280123,2808.0,84549.15611700805
binned_pad,400,640,False,0.016691689379513264,4281524,1401.0,83933.98464025657
binned_pad,400,640,False,0.01311897486448288,4282294,770.0,58693.61043480829
binned_pad,400,640,False,0.015041517093777657,4283506,1212.0,80576.978535056
binned_pad,400,640,False,0.012913504615426064,4284523,1017.0,78754.76334945697
binned_pad,400,640,False,0.04093791637569666,4288088,3565.0,87083.08374278691
binned_pad,400,640,False,0.009839940816164017,4288776,688.0,69919.1197237514
binned_pad,400,640,False,0.008865919895470142,4289392,616.0,69479.53593791575
binned_pad,400,640,False,0.026053200475871563,4291858,2466.0,94652.47858065716
binned_pad,400,640,False,0.03999327588826418,4295766,3908.0,97716.42640423917
binned_pad,400,640,False,0.009189330972731113,4296397,631.0,68666.58757557666
binned_pad,400,640,False,0.01910871174186468,4298237,1840.0,96291.15896749865
binned_pad,400,640,False,0.05586672481149435,4303455,5218.0,93400.85744433005
binned_pad,400,640,False,0.01616808772087097,4304730,1275.0,78859.04765064671
binned_pad,400,640,False,0.01298428513109684,4305613,883.0,68005.28416348857
binned_pad,400,640,False,0.05201695952564478,4310677,5064.0,97352.86426157621
binned_pad,400,640,False,0.022626347839832306,4313005,2328.0,102888.89822075916
binned_pad,400,640,False,0.02613396942615509,4315587,2582.0,98798.61562154861
binned_pad,400,640,False,0.009364650584757328,4316298,711.0,75923.81515625173
binned_pad,400,640,False,0.031131225638091564,4319439,3141.0,100895.48148585366
binned_pad,400,640,False,0.053185452707111835,4323756,4317.0,81168.81177590767
binned_pad,400,640,False,0.028799434192478657,4326375,2619.0,90939.28660181753
binned_pad,400,640,False,0.03600930143147707,4329872,3497.0,97113.79729636028
binned_pad,400,640,False,0.03293308801949024,4332878,3006.0,91275.98354035337
binned_pad,400,640,False,0.03904610499739647,4336713,3835.0,98217.22295362652
binned_pad,400,640,False,0.008204089477658272,4337109,396.0,48268.61056042894
binned_pad,400,640,False,0.035290020518004894,4340688,3579.0,101416.77299887093
binned_pad,400,640,False,0.041376927867531776,4344597,3909.0,94472.93942447014
binned_pad,400,640,False,0.030078094452619553,4347471,2874.0,95551.26587315103
binned_pad,400,640,False,0.012064383365213871,4348624,1153.0,95570.57042173661
binned_pad,400,640,False,0.008164240047335625,4349031,407.0,49851.54743616624
binned_pad,400,640,False,0.019741333089768887,4350808,1777.0,90014.1845497225
binned_pad,400,640,False,0.04449154157191515,4354329,3521.0,79138.63794332082
binned_pad,400,640,False,0.00965175125747919,4355060,731.0,75737.55067854079
binned_pad,400,640,False,0.03261736687272787,4357913,2853.0,87468.74053728288
binned_pad,400,640,False,0.050497809424996376,4362764,4851.0,96063.57295963731
binned_pad,400,640,False,0.050491088069975376,4366336,3572.0,70745.15793855702
binned_pad,400,640,False,0.043147739954292774,4370054,3718.0,86169.05552732422
binned_pad,400,640,False,0.008095050230622292,4370416,362.0,44718.68483664393
binned_pad,400,640,False,0.03214310761541128,4373558,3142.0,97750.34939352104
binned_pad,400,640,False,0.026307051070034504,4376057,2499.0,94993.54349323208
binned_pad,400,640,False,0.01261089462786913,4377097,1040.0,82468.37601050746
binned_pad,400,640,False,0.008137968368828297,4377502,405.0,49766.72083800589
binned_pad,400,640,False,0.044277981854975224,4382274,4772.0,107773.65634300701
binned_pad,400,640,False,0.01562985870987177,4383720,1446.0,92515.23170114846
binned_pad,400,640,False,0.01839742250740528,4385307,1587.0,86262.08368923445
binned_pad,400,640,False,0.008214549161493778,4385780,473.0,57580.76197501107
binned_pad,400,640,False,0.009944911114871502,4386716,936.0,94118.48825881578
binned_pad,400,640,False,0.03657193202525377,4390574,3858.0,105490.73528125233
binned_pad,400,640,False,0.03231145814061165,4393547,2973.0,92010.70366624197
binned_pad,400,640,False,0.009926101192831993,4394320,773.0,77875.49058619431
binned_pad,400,640,False,0.009310300461947918,4394993,673.0,72285.52964005995
binned_pad,400,640,False,0.0179510610178113,4396679,1686.0,93922.02490577726
binned_pad,400,640,False,0.008052758872509003,4397006,327.0,40607.20123091385
binned_pad,400,640,False,0.03795073460787535,4401116,4110.0,108298.29889899188
binned_pad,400,640,False,0.011931413784623146,4402189,1073.0,89930.6670080331
binned_pad,400,640,False,0.0483366958796978,4406747,4558.0,94296.88804845336
binned_pad,400,640,False,0.07114259153604507,4413818,7071.0,99391.93733780994
binned_pad,400,640,False,0.03982200659811497,4418079,4261.0,107001.13741133528
binned_pad,400,640,False,0.029005303978919983,4420864,2785.0,96016.9216645355
binned_pad,400,640,False,0.045275911688804626,4425303,4439.0,98043.30458347527
binned_pad,400,640,False,0.008163788355886936,4425772,469.0,57448.81904756907
binned_pad,400,640,False,0.008065919391810894,4426122,350.0,43392.449514849526
binned_pad,400,640,False,0.016883959993720055,4427768,1646.0,97488.97774054341
binned_pad,400,640,False,0.046675754711031914,4432623,4855.0,104015.45791936622
binned_pad,400,640,False,0.035047960467636585,4435892,3269.0,93272.18920537777
binned_pad,400,640,False,0.009394500404596329,4436587,695.0,73979.45287861887
binned_pad,400,640,False,0.027858802117407322,4439181,2594.0,93112.40264631344
binned_pad,400,640,False,0.04986334778368473,4444651,5470.0,109699.81445549434
binned_pad,400,640,False,0.020389173179864883,4446410,1759.0,86271.27664681774
binned_pad,400,640,False,0.02195290569216013,4448402,1992.0,90739.69650912259
binned_pad,400,640,False,0.033069808036088943,4451521,3119.0,94315.63668577236
binned_pad,400,640,False,0.06205817125737667,4457098,5577.0,89867.29526511916
binned_pad,400,640,False,0.008221030235290527,4457499,401.0,48777.341588967996
binned_pad,400,640,False,0.01623115874826908,4458979,1480.0,91182.64585748258
binned_pad,400,640,False,0.03745110332965851,4462692,3713.0,99142.60648923468
binned_pad,400,640,False,0.01120782271027565,4463595,903.0,80568.72626760093
binned_pad,400,640,False,0.013134305365383625,4464598,1003.0,76364.90641092267
binned_pad,400,640,False,0.022279245778918266,4466421,1823.0,81825.03205404797
binned_pad,400,640,False,0.03889482468366623,4469863,3442.0,88495.06400900318
binned_pad,400,640,False,0.07030660100281239,4477326,7463.0,106149.35004042462
binned_pad,400,640,False,0.05042420793324709,4482305,4979.0,98742.2550412955
binned_pad,400,640,False,0.024417967535555363,4484469,2164.0,88623.26468609509
binned_pad,400,640,False,0.016205049119889736,4486046,1577.0,97315.34834192038
binned_pad,400,640,False,0.031004526652395725,4488802,2756.0,88890.24595984416
binned_pad,400,640,False,0.010038070380687714,4489848,1046.0,104203.29409249849
binned_pad,400,640,False,0.009039370343089104,4490524,676.0,74783.96993843983
binned_pad,400,640,False,0.037509192712605,4494046,3522.0,93896.98218742065
binned_pad,400,640,False,0.016156858764588833,4495429,1383.0,85598.32205943005
binned_pad,400,640,False,0.032768428325653076,4498550,3121.0,95244.11634831736
binned_pad,400,640,False,0.059539008885622025,4504804,6254.0,105040.37801526568
binned_pad,400,640,False,0.03609324153512716,4508397,3593.0,99547.72270878388
binned_pad,400,640,False,0.01997856330126524,4510322,1925.0,96353.2748062064
binned_pad,400,640,False,0.04748063534498215,4513693,3371.0,70997.36504170967
binned_pad,400,640,False,0.041368977166712284,4518207,4514.0,109115.58150952324
binned_pad,400,640,False,0.04731879476457834,4523182,4975.0,105137.9272179637
binned_pad,400,640,False,0.03302261792123318,4526632,3450.0,104473.8490518551
binned_pad,400,640,False,0.009854050353169441,4527410,778.0,78952.30611945933
binned_pad,400,640,False,0.017056499607861042,4528812,1402.0,82197.4046394515
binned_pad,400,640,False,0.015512697398662567,4530073,1261.0,81288.24843245621
binned_pad,400,640,False,0.010256242007017136,4530891,818.0,79756.30834767151
binned_pad,400,640,False,0.010193582624197006,4531739,848.0,83189.5940085933
binned_pad,400,640,False,0.015100196935236454,4532659,920.0,60926.357712141566
binned_pad,400,640,False,0.03849905449897051,4536503,3844.0,99846.60792391126
binned_pad,400,640,False,0.012488935142755508,4537632,1129.0,90400.02106623976
binned_pad,400,640,False,0.00961863063275814,4538359,727.0,75582.48442601158
binned_pad,400,640,False,0.02609074953943491,4541034,2675.0,102526.75937718333
binned_pad,400,640,False,0.010065390728414059,4541742,708.0,70340.0413459712
binned_pad,400,640,False,0.010621321387588978,4542535,793.0,74661.14347378859
binned_pad,400,640,False,0.008756780996918678,4543155,620.0,70802.27314331198
binned_pad,400,640,False,0.02369148749858141,4545190,2035.0,85895.83073337421
binned_pad,400,640,False,0.018000290729105473,4546755,1565.0,86943.04017376128
binned_pad,400,640,False,0.017674739472568035,4547855,1100.0,62235.71225517909
binned_pad,400,640,False,0.02121112495660782,4549847,1992.0,93912.98217681001
binned_pad,400,640,False,0.017832770943641663,4551474,1627.0,91236.52208296393
binned_pad,400,640,False,0.037692232988774776,4555071,3597.0,95430.80138211053
binned_pad,400,640,False,0.009470600634813309,4555786,715.0,75496.79556455024
binned_pad,400,640,False,0.039480495266616344,4559528,3742.0,94780.97918300776
binned_pad,400,640,False,0.010200152173638344,4560263,735.0,72057.7485010039
binned_pad,400,640,False,0.046202572993934155,4564697,4434.0,95968.68123734432
binned_pad,400,640,False,0.0161754684522748,4566110,1413.0,87354.5025400044
binned_pad,400,640,False,0.03227756731212139,4569212,3102.0,96103.89686446683
binned_pad,400,640,False,0.01464200671762228,4570566,1354.0,92473.66335178656
binned_pad,400,640,False,0.04072833713144064,4574573,4007.0,98383.58946667521
binned_pad,400,640,False,0.008720030076801777,4574969,396.0,45412.687400413175
binned_pad,400,640,False,0.029254053719341755,4577944,2975.0,101695.30788934849
binned_pad,400,640,False,0.008111289702355862,4578267,323.0,39821.04102460884
binned_pad,400,640,False,0.03841071482747793,4581968,3701.0,96353.32267631765
binned_pad,400,640,False,0.017330010421574116,4583555,1587.0,91575.24787315448
binned_pad,400,640,False,0.018923011608421803,4585148,1593.0,84183.21739500627
binned_pad,400,640,False,0.011242763139307499,4586125,977.0,86900.34539500035
binned_pad,400,640,False,0.02131382469087839,4588172,2047.0,96040.95133972121
binned_pad,400,640,False,0.011440083384513855,4589179,1007.0,88023.83393141608
binned_pad,400,640,False,0.020051722414791584,4590834,1655.0,82536.55051493998
binned_pad,400,640,False,0.008418089710175991,4591343,509.0,60465.024432408754
binned_pad,400,640,False,0.06670975778251886,4597285,5942.0,89072.42654622691
binned_pad,400,640,False,0.022145015187561512,4599509,2224.0,100428.92186631617
binned_pad,400,640,False,0.025372148491442204,4601263,1754.0,69130.92127738446
binned_pad,400,640,False,0.02927775401622057,4604309,3046.0,104038.03510038523
binned_pad,400,640,False,0.01567759830504656,4605693,1384.0,88278.82773055206
binned_pad,400,640,False,0.009089569561183453,4606390,697.0,76681.2988567141
binned_pad,400,640,False,0.01304907537996769,4607552,1162.0,89048.45486476738
binned_pad,400,640,False,0.03695974312722683,4611265,3713.0,100460.6549136099
binned_pad,400,640,False,0.008264339528977871,4611762,497.0,60137.89707663048
binned_pad,400,640,False,0.010258142836391926,4612541,779.0,75939.67177337491
binned_pad,400,640,False,0.015680518001317978,4613758,1217.0,77612.23193632434
binned_pad,400,640,False,0.05323178134858608,4618958,5200.0,97686.00389207377
binned_pad,400,640,False,0.013521925546228886,4620004,1046.0,77355.84672640929
binned_pad,400,640,False,0.019644073210656643,4621771,1767.0,89950.79488104465
binned_pad,400,640,False,0.045924712903797626,4626277,4506.0,98117.1076548502
binned_pad,400,640,False,0.008625189773738384,4626900,623.0,72230.29479268784
binned_pad,400,640,False,0.011810904368758202,4627974,1074.0,90932.9181295302
binned_pad,400,640,False,0.018245981074869633,4629496,1522.0,83415.62965316595
binned_pad,400,640,False,0.019284051842987537,4631186,1690.0,87637.18401921599
binned_pad,400,640,False,0.023267497308552265,4633330,2144.0,92145.70744623855
binned_pad,400,640,False,0.020380363799631596,4635075,1745.0,85621.63154474914
binned_pad,400,640,False,0.0287524638697505,4637764,2689.0,93522.41992829723
binned_pad,400,640,False,0.014062056317925453,4638810,1046.0,74384.56910932883
binned_pad,400,640,False,0.018621561117470264,4640873,2063.0,110785.55589329978
binned_pad,400,640,False,0.008860700763761997,4641503,630.0,71100.47126030247
binned_pad,400,640,False,0.049380007199943066,4645979,4476.0,90643.97220268451
binned_pad,400,640,False,0.04063112661242485,4650085,4106.0,101055.52915543327
binned_pad,400,640,False,0.0517492201179266,4655388,5303.0,102474.97426851022
binned_pad,400,640,False,0.01443368662148714,4656424,1036.0,71776.53410167071
binned_pad,400,640,False,0.03294803760945797,4659731,3307.0,100370.1658714479
binned_pad,400,640,False,0.05397407151758671,4664574,4843.0,89728.26884890415
binned_pad,400,640,False,0.026317039504647255,4667038,2464.0,93627.55258109063
binned_pad,400,640,False,0.07151786331087351,4672954,5916.0,82720.59211674654
binned_pad,400,640,False,0.028840363025665283,4675795,2841.0,98507.77528257082
binned_pad,400,640,False,0.038800135254859924,4679722,3927.0,101210.98738974427
binned_pad,400,640,False,0.01117648370563984,4680645,923.0,82584.11360043757
binned_pad,400,640,False,0.051116298884153366,4685823,5178.0,101298.4138725513
binned_pad,400,640,False,0.02148286532610655,4687876,2053.0,95564.53335417692
binned_pad,400,640,False,0.06755539774894714,4693907,6031.0,89274.87959456198
binned_pad,400,640,False,0.03806190378963947,4697298,3391.0,89091.70751787348
binned_pad,400,640,False,0.05392226204276085,4702306,5008.0,92874.44202597825
binned_pad,400,640,False,0.013363534584641457,4703360,1054.0,78871.34899260478
binned_pad,400,640,False,0.010941112414002419,4704205,845.0,77231.63495866931
binned_pad,400,640,False,0.04259868897497654,4708747,4542.0,106622.99965776122
binned_pad,400,640,False,0.05631664488464594,4714654,5907.0,104889.06098897367
binned_pad,400,640,False,0.009678211063146591,4715342,688.0,71087.51767357269
binned_pad,400,640,False,0.011463782750070095,4716411,1069.0,93250.19701664039
binned_pad,400,640,False,0.03995540551841259,4719833,3422.0,85645.48289775322
binned_pad,400,640,False,0.047855465672910213,4724663,4830.0,100928.9102526515
binned_pad,400,640,False,0.011036833748221397,4725502,839.0,76018.17868600278
binned_pad,400,640,False,0.015328017994761467,4726862,1360.0,88726.40940693025
binned_pad,400,640,False,0.008342479355633259,4727468,606.0,72640.27565028357
binned_pad,400,640,False,0.03532072063535452,4731327,3859.0,109255.98149142256
binned_pad,400,640,False,0.018675362691283226,4732865,1538.0,82354.49160609157
binned_pad,400,640,False,0.008080889470875263,4733266,401.0,49623.2501935912
binned_pad,400,640,False,0.0099750105291605,4734089,823.0,82506.17857435625
binned_pad,400,640,False,0.02811303175985813,4736643,2554.0,90847.54792070453
binned_pad,400,640,False,0.01912160124629736,4738691,2048.0,107104.00105203364
binned_pad,400,640,False,0.040781376883387566,4742867,4176.0,102399.68140215265
binned_pad,400,640,False,0.047745794989168644,4747749,4882.0,102249.84212971016
binned_pad,400,640,False,0.031970856711268425,4750813,3064.0,95837.28167409617
binned_pad,400,640,False,0.010209672152996063,4751654,841.0,82372.87029370533
binned_pad,400,640,False,0.03908524475991726,4756073,4419.0,113060.56869143051
binned_pad,400,640,False,0.047401854768395424,4760288,4215.0,88920.57115896438
binned_pad,400,640,False,0.03373181913048029,4763883,3595.0,106575.93016534156
binned_pad,400,640,False,0.03945666551589966,4767696,3813.0,96637.6643881246
binned_pad,400,640,False,0.008197179064154625,4768140,444.0,54164.97511217778
binned_pad,400,640,False,0.04434048105031252,4772127,3987.0,89917.83367158347
binned_pad,400,640,False,0.04723850544542074,4776649,4522.0,95726.99130425937
binned_pad,400,640,False,0.008105498738586903,4777028,379.0,46758.3812203608
binned_pad,400,640,False,0.024376098066568375,4779059,2031.0,83319.32348046714
binned_pad,400,640,False,0.01886810176074505,4780783,1724.0,91371.14172167386
binned_pad,400,640,False,0.026232080534100533,4783338,2555.0,97399.82296404641
binned_pad,400,640,False,0.009896460920572281,4784126,788.0,79624.42395563287
binned_pad,400,640,False,0.00906153954565525,4784734,608.0,67096.76616613328
binned_pad,400,640,False,0.03671396244317293,4788481,3747.0,102059.26439565679
binned_pad,400,640,False,0.054810553789138794,4794151,5670.0,103447.23065220263
binned_pad,400,640,False,0.018181190825998783,4795846,1695.0,93228.21679953877
binned_pad,400,640,False,0.01629732921719551,4797066,1220.0,74858.89152394142
binned_pad,400,640,False,0.01814219169318676,4798650,1584.0,87310.28900961652
binned_pad,400,640,False,0.008001278154551983,4799031,381.0,47617.39220167549
binned_pad,400,640,False,0.03515084087848663,4802862,3831.0,108987.43541423178
binned_pad,400,640,False,0.013565786182880402,4803856,994.0,73272.56869597407
binned_pad,400,640,False,0.016349817626178265,4805261,1405.0,85933.68024793165
binned_pad,400,640,False,0.03908098489046097,4809290,4029.0,103093.61474110172
binned_pad,400,640,False,0.0511202085763216,4814203,4913.0,96106.80661963605
binned_pad,400,640,False,0.008314228616654873,4814616,413.0,49673.8806499364
binned_pad,400,640,False,0.008932840079069138,4815152,536.0,60003.31308470652
binned_pad,400,640,False,0.05686731543391943,4820642,5490.0,96540.51643038174
binned_pad,400,640,False,0.04555389378219843,4824967,4325.0,94942.48769772839
binned_pad,400,640,False,0.012076884508132935,4826120,1153.0,95471.64247729084
binned_pad,400,640,False,0.019217032939195633,4827944,1824.0,94915.79713534836
binned_pad,400,640,False,0.027737162075936794,4830295,2351.0,84759.93303004837
binned_pad,400,640,False,0.030889485962688923,4833717,3422.0,110782.03127541186
binned_pad,400,640,False,0.008364659734070301,4834251,534.0,63840.014654146835
binned_pad,400,640,False,0.008231580257415771,4834843,592.0,71918.14712207555
binned_pad,400,640,False,0.008890929631888866,4835508,665.0,74795.32822021915
binned_pad,400,640,False,0.01390160620212555,4836778,1270.0,91356.34987314038
binned_pad,400,640,False,0.036265511997044086,4840564,3786.0,104396.70616834494
binned_pad,400,640,False,0.0369994230568409,4844314,3750.0,101352.93175353055
binned_pad,400,640,False,0.03839216474443674,4848051,3737.0,97337.56939406534
binned_pad,400,640,False,0.012719914317131042,4849261,1210.0,95126.42694223067
binned_pad,400,640,False,0.015420728363096714,4850562,1301.0,84366.96175217106
binned_pad,400,640,False,0.047596284188330173,4855145,4583.0,96289.0292415658
binned_pad,400,640,False,0.008212718181312084,4855590,445.0,54184.253029964035
binned_pad,400,640,False,0.0491451770067215,4860442,4852.0,98727.89753786828
binned_pad,400,640,False,0.009176640771329403,4861071,629.0,68543.60061311172
binned_pad,400,640,False,0.016535799019038677,4862476,1405.0,84967.16719780747
binned_pad,400,640,False,0.019066891632974148,4864503,2027.0,106309.93446747873
binned_pad,400,640,False,0.029485204257071018,4866477,1974.0,66948.83246489987
binned_pad,480,640,True,0.02272343635559082,2204,2204.0,96992.37234678782
binned_pad,480,640,True,0.012834705412387848,3593,1389.0,108222.1956305565
binned_pad,480,640,True,0.012942644767463207,4432,839.0,64824.46324333803
binned_pad,480,640,True,0.008603899739682674,5119,687.0,79847.51342829311
binned_pad,480,640,True,0.033163148909807205,9238,4119.0,124204.12823891717
binned_pad,480,640,True,0.016428768634796143,11286,2048.0,124659.37317190862
binned_pad,480,640,True,0.025184789672493935,13738,2452.0,97360.35249394996
binned_pad,480,640,True,0.0073625389486551285,14414,676.0,91816.15264982481
binned_pad,480,640,True,0.016370998695492744,15962,1548.0,94557.45668260267
binned_pad,480,640,True,0.01174047403037548,17104,1142.0,97270.34845827914
binned_pad,480,640,True,0.0060607073828577995,17740,636.0,104938.24562440887
binned_pad,480,640,True,0.007201728411018848,18255,515.0,71510.6111488508
binned_pad,480,640,True,0.0083952397108078,19274,1019.0,121378.30903007659
binned_pad,480,640,True,0.03733110334724188,23844,4570.0,122418.02653115646
binned_pad,480,640,True,0.02467631921172142,26639,2795.0,113266.48743757358
binned_pad,480,640,True,0.017396509647369385,28944,2305.0,132497.8427697737
binned_pad,480,640,True,0.005994946695864201,29414,470.0,78399.36263724313
binned_pad,480,640,True,0.025050058960914612,32261,2847.0,113652.42710375051
binned_pad,480,640,True,0.007802468724548817,33003,742.0,95098.1062782673
binned_pad,480,640,True,0.014029276557266712,34312,1309.0,93304.88244755431
binned_pad,480,640,True,0.04417845141142607,39693,5381.0,121801.46266078236
binned_pad,480,640,True,0.02102460339665413,41986,2293.0,109062.69938794231
binned_pad,480,640,True,0.055427974089980125,47826,5840.0,105361.96019936644
binned_pad,480,640,True,0.0244674077257514,50035,2209.0,90283.36899274691
binned_pad,480,640,True,0.04282448906451464,55583,5548.0,129552.0418618888
binned_pad,480,640,True,0.025919309817254543,59024,3441.0,132758.16463713546
binned_pad,480,640,True,0.025650378316640854,62474,3450.0,134500.9401971194
binned_pad,480,640,True,0.011932913213968277,63690,1216.0,101903.02889126775
binned_pad,480,640,True,0.014442947693169117,65362,1672.0,115765.8419541866
binned_pad,480,640,True,0.03216253686696291,69623,4261.0,132483.33045447245
binned_pad,480,640,True,0.005883887410163879,69984,361.0,61353.995213505514
binned_pad,480,640,True,0.03204071708023548,73405,3421.0,106770.39441511955
binned_pad,480,640,True,0.009207841008901596,74534,1129.0,122612.89035166329
binned_pad,480,640,True,0.00725206732749939,75209,675.0,93076.90752407136
binned_pad,480,640,True,0.0121381850913167,76310,1101.0,90705.48782351514
binned_pad,480,640,True,0.07762366067618132,76343,33.0,425.1281080090312
binned_pad,480,640,True,0.03953769616782665,81150,4807.0,121580.17451486315
binned_pad,480,640,True,0.023787937127053738,83857,2707.0,113797.17314459188
binned_pad,480,640,True,0.02509043924510479,86433,2576.0,102668.58921182834
binned_pad,480,640,True,0.025546908378601074,89558,3125.0,122323.99919739808
binned_pad,480,640,True,0.005813087336719036,89885,327.0,56252.380371866566
binned_pad,480,640,True,0.03821238502860069,94592,4707.0,123179.958447424
binned_pad,480,640,True,0.008507859893143177,95343,751.0,88271.31727983212
binned_pad,480,640,True,0.031084325164556503,99383,4040.0,129969.04319501063
binned_pad,480,640,True,0.005827955901622772,99708,325.0,55765.693063927436
binned_pad,480,640,True,0.044635861180722713,104612,4904.0,109866.81717967916
binned_pad,480,640,True,0.0058967070654034615,105159,547.0,92763.63806662548
binned_pad,480,640,True,0.008814061060547829,106228,1069.0,121283.48018655063
binned_pad,480,640,True,0.04681739490479231,111446,5218.0,111454.30049261192
binned_pad,480,640,True,0.030240475200116634,115043,3597.0,118946.54353798405
binned_pad,480,640,True,0.00869796983897686,115991,948.0,108990.95048040693
binned_pad,480,640,True,0.005851905792951584,116382,391.0,66815.83980229925
binned_pad,480,640,True,0.007938249036669731,117166,784.0,98762.33365549655
binned_pad,480,640,True,0.014276497066020966,118822,1656.0,115994.84049496936
binned_pad,480,640,True,0.03208262752741575,122830,4008.0,124927.42362124239
binned_pad,480,640,True,0.007099378854036331,123375,545.0,76767.27939235725
binned_pad,480,640,True,0.04158392921090126,128546,5171.0,124350.92349677284
binned_pad,480,640,True,0.02389034815132618,130588,2042.0,85473.8485628409
binned_pad,480,640,True,0.039944637566804886,135331,4743.0,118739.34247288217
binned_pad,480,640,True,0.043109530583024025,140204,4873.0,113037.6493108678
binned_pad,480,640,True,0.009713840670883656,141419,1215.0,125079.25970433619
binned_pad,480,640,True,0.008751509711146355,142421,1002.0,114494.53100918158
binned_pad,480,640,True,0.007589568383991718,142963,542.0,71413.81071724875
binned_pad,480,640,True,0.032453727908432484,146890,3927.0,121003.04812685768
binned_pad,480,640,True,0.03391929902136326,151371,4481.0,132107.68292050343
binned_pad,480,640,True,0.016614039428532124,152911,1540.0,92692.68961498194
binned_pad,480,640,True,0.04043351672589779,157387,4476.0,110700.2398614788
binned_pad,480,640,True,0.014749008230865002,159105,1718.0,116482.40838355289
binned_pad,480,640,True,0.01309745479375124,160468,1363.0,104066.02057143832
binned_pad,480,640,True,0.0078797098249197,161244,776.0,98480.78384128923
binned_pad,480,640,True,0.04236480873078108,166113,4869.0,114930.29582504221
binned_pad,480,640,True,0.057729316875338554,173184,7071.0,122485.42651681139
binned_pad,480,640,True,0.00979838240891695,174420,1236.0,126143.27022745987
binned_pad,480,640,True,0.04507966246455908,179984,5564.0,123425.94633165964
binned_pad,480,640,True,0.025952870026230812,183463,3479.0,134050.68481766147
binned_pad,480,640,True,0.023648696951568127,185694,2231.0,94339.23588132682
binned_pad,480,640,True,0.008253308944404125,186452,758.0,91841.95152587086
binned_pad,480,640,True,0.03252492658793926,190558,4106.0,126241.63774508156
binned_pad,480,640,True,0.033228909596800804,194686,4128.0,124229.17423680473
binned_pad,480,640,True,0.029900165274739265,197935,3249.0,108661.60672178197
binned_pad,480,640,True,0.014253566041588783,199340,1405.0,98571.82377382038
binned_pad,480,640,True,0.02112271450459957,201577,2237.0,105904.9488886896
binned_pad,480,640,True,0.04206113889813423,206899,5322.0,126530.09736348523
binned_pad,480,640,True,0.008244688622653484,207624,725.0,87935.40098142176
binned_pad,480,640,True,0.015649808570742607,209549,1925.0,123004.69946953836
binned_pad,480,640,True,0.005873857066035271,209978,429.0,73035.48506153315
binned_pad,480,640,True,0.011476103216409683,210989,1011.0,88096.10552773443
binned_pad,480,640,True,0.01612291857600212,212939,1950.0,120945.8443152125
binned_pad,480,640,True,0.04507817234843969,218040,5101.0,113158.97992870961
binned_pad,480,640,True,0.008987910114228725,219082,1042.0,115933.5136596898
binned_pad,480,640,True,0.005888727493584156,219502,420.0,71322.70944063814
binned_pad,480,640,True,0.032898287288844585,223659,4157.0,126359.16160321175
binned_pad,480,640,True,0.040391476824879646,228264,4605.0,114009.20099963988
binned_pad,480,640,True,0.0059334468096494675,228703,439.0,73987.34902048191
binned_pad,480,640,True,0.007449647411704063,229372,669.0,89802.90784620773
binned_pad,480,640,True,0.042135078459978104,234446,5074.0,120422.22740416933
binned_pad,480,640,True,0.005798066966235638,234780,334.0,57605.405723150456
binned_pad,480,640,True,0.04119867738336325,239632,4852.0,117770.77100924903
binned_pad,480,640,True,0.008861690759658813,240706,1074.0,121195.83374418612
binned_pad,480,640,True,0.025565329007804394,243806,3100.0,121257.97399492316
binned_pad,480,640,True,0.042302739806473255,248978,5172.0,122261.58456073735
binned_pad,480,640,True,0.026203010231256485,252099,3121.0,119108.45251959213
binned_pad,480,640,True,0.012833205051720142,253250,1151.0,89689.20821893372
binned_pad,480,640,True,0.024130907841026783,256006,2756.0,114210.37360701017
binned_pad,480,640,True,0.008031098172068596,256839,833.0,103721.8051818985
binned_pad,480,640,True,0.02468145824968815,259812,2973.0,120454.79525252784
binned_pad,480,640,True,0.014491366222500801,261452,1640.0,113170.83391720275
binned_pad,480,640,True,0.03771580383181572,265439,3987.0,105711.65386740897
binned_pad,480,640,True,0.005802895873785019,265776,337.0,58074.45236479611
binned_pad,480,640,True,0.045550293289124966,270559,4783.0,105004.8123651035
binned_pad,480,640,True,0.014907388016581535,272081,1522.0,102097.02721275347
binned_pad,480,640,True,0.03244298696517944,275933,3852.0,118731.3610838081
binned_pad,480,640,True,0.014452646486461163,277106,1173.0,81161.60601443022
binned_pad,480,640,True,0.01653923001140356,279088,1982.0,119836.29217523667
binned_pad,480,640,True,0.01681505050510168,281453,2365.0,140647.8083002165
binned_pad,480,640,True,0.025208139792084694,284072,2619.0,103895.01254758833
binned_pad,480,640,True,0.021389084868133068,286675,2603.0,121697.58622437039
binned_pad,480,640,True,0.037861453369259834,290247,3572.0,94343.97473236328
binned_pad,480,640,True,0.0058887070044875145,290677,430.0,73021.12325716268
binned_pad,480,640,True,0.016763328574597836,292715,2038.0,121574.90029088051
binned_pad,480,640,True,0.005788606591522694,293085,370.0,63918.66404289041
binned_pad,480,640,True,0.008586159907281399,294037,952.0,110876.10879371893
binned_pad,480,640,True,0.00602627731859684,294535,498.0,82638.08213126748
binned_pad,480,640,True,0.037489453330636024,298417,3882.0,103549.1226229129
binned_pad,480,640,True,0.03265400789678097,302249,3832.0,117351.59776138104
binned_pad,480,640,True,0.03830449469387531,307035,4786.0,124946.17245963191
binned_pad,480,640,True,0.0336769288405776,311055,4020.0,119369.55471890506
binned_pad,480,640,True,0.01609700918197632,312814,1759.0,109274.95785798128
binned_pad,480,640,True,0.007922228425741196,313530,716.0,90378.61085569642
binned_pad,480,640,True,0.025263288989663124,316536,3006.0,118986.88255634303
binned_pad,480,640,True,0.011752083897590637,317832,1296.0,110278.3141520714
binned_pad,480,640,True,0.03030015528202057,321141,3309.0,109207.36112410243
binned_pad,480,640,True,0.030724705196917057,325088,3947.0,128463.39695379877
binned_pad,480,640,True,0.023320147767663002,327763,2675.0,114707.67795516725
binned_pad,480,640,True,0.02902399282902479,330607,2844.0,97987.8963157654
binned_pad,480,640,True,0.02166255470365286,333187,2580.0,119099.52613137297
binned_pad,480,640,True,0.0054487064480781555,333242,55.0,10094.138952815005
binned_pad,480,640,True,0.02543908916413784,336310,3068.0,120601.80221880904
binned_pad,480,640,True,0.008327759802341461,337013,703.0,84416.45973054388
binned_pad,480,640,True,0.008502749726176262,337791,778.0,91499.81183203323
binned_pad,480,640,True,0.0456459429115057,343195,5404.0,118389.49214997696
binned_pad,480,640,True,0.01570993848145008,344880,1685.0,107256.94451252038
binned_pad,480,640,True,0.032873038202524185,349056,4176.0,127034.19666513642
binned_pad,480,640,True,0.04539056308567524,353578,4522.0,99624.23227631413
binned_pad,480,640,True,0.025695299729704857,356500,2922.0,113717.2957987349
binned_pad,480,640,True,0.005825595930218697,356836,336.0,57676.50280327396
binned_pad,480,640,True,0.00729695800691843,357533,697.0,95519.25601588452
binned_pad,480,640,True,0.0057845767587423325,357877,344.0,59468.48219795973
binned_pad,480,640,True,0.02607946004718542,360619,2742.0,105140.21360254065
binned_pad,480,640,True,0.02484613750129938,363265,2646.0,106495.42609436263
binned_pad,480,640,True,0.04307888075709343,368787,5522.0,128183.46026993144
binned_pad,480,640,True,0.005808616057038307,369127,340.0,58533.7362052053
binned_pad,480,640,True,0.025527450256049633,372236,3109.0,121790.46355259129
binned_pad,480,640,True,0.01647168956696987,374350,2114.0,128341.41825008247
binned_pad,480,640,True,0.012256803922355175,375764,1414.0,115364.49542290601
binned_pad,480,640,True,0.024748148396611214,378905,3141.0,126918.58597510673
binned_pad,480,640,True,0.005590256303548813,379107,202.0,36134.30029527736
binned_pad,480,640,True,0.03278158791363239,382582,3475.0,106004.62702280823
binned_pad,480,640,True,0.01274130493402481,383516,934.0,73304.89340270123
binned_pad,480,640,True,0.045365442521870136,388942,5426.0,119606.46030035286
binned_pad,480,640,True,0.008512349799275398,389552,610.0,71660.58895417166
binned_pad,480,640,True,0.01677665952593088,391575,2023.0,120584.19597018974
binned_pad,480,640,True,0.025395099073648453,394939,3364.0,132466.50427486212
binned_pad,480,640,True,0.008692561648786068,395604,665.0,76502.18967303711
binned_pad,480,640,True,0.0429948391392827,401247,5643.0,131248.31056395816
binned_pad,480,640,True,0.0403113067150116,406301,5054.0,125374.25382238805
binned_pad,480,640,True,0.005889376625418663,406749,448.0,76069.17140711012
binned_pad,480,640,True,0.009255630895495415,407929,1180.0,127489.95863418553
binned_pad,480,640,True,0.02944797370582819,411399,3470.0,117834.93270755114
binned_pad,480,640,True,0.05003117769956589,417217,5818.0,116287.4884724227
binned_pad,480,640,True,0.008828499354422092,418032,815.0,92314.66949043566
binned_pad,480,640,True,0.023804347030818462,420297,2265.0,95150.68811035236
binned_pad,480,640,True,0.005784286186099052,420676,379.0,65522.34585329175
binned_pad,480,640,True,0.03306932747364044,424683,4007.0,121169.68520735655
binned_pad,480,640,True,0.025956599973142147,427601,2918.0,112418.42163531885
binned_pad,480,640,True,0.04327386058866978,433053,5452.0,125988.29699579602
binned_pad,480,640,True,0.009157081134617329,433927,874.0,95445.26112102906
binned_pad,480,640,True,0.02424036804586649,436606,2679.0,110518.12393817295
binned_pad,480,640,True,0.032815258018672466,440571,3965.0,120827.93917828848
binned_pad,480,640,True,0.007412077859044075,441138,567.0,76496.76794856621
binned_pad,480,640,True,0.007905988954007626,441917,779.0,98532.89759595692
binned_pad,480,640,True,0.005848276428878307,442319,402.0,68738.20088512867
binned_pad,480,640,True,0.014364747330546379,443896,1577.0,109782.64801404043
binned_pad,480,640,True,0.0381896635517478,448237,4341.0,113669.50101872077
binned_pad,480,640,True,0.0058046672493219376,448620,383.0,65981.38765744746
binned_pad,480,640,True,0.04217924922704697,453697,5077.0,120367.2443924021
binned_pad,480,640,True,0.008808810263872147,454667,970.0,110117.02726511114
binned_pad,480,640,True,0.045083132572472095,460299,5632.0,124924.7707209884
binned_pad,480,640,True,0.03242963831871748,464481,4182.0,128956.10980608028
binned_pad,480,640,True,0.026044560596346855,467583,3102.0,119103.56439014382
binned_pad,480,640,True,0.012370554730296135,468546,963.0,77846.14522108396
binned_pad,480,640,True,0.013218395411968231,469923,1377.0,104173.00716796785
binned_pad,480,640,True,0.01410947646945715,471267,1344.0,95255.1289134904
binned_pad,480,640,True,0.021319905295968056,473978,2711.0,127158.16333915398
binned_pad,480,640,True,0.015019137412309647,475818,1840.0,122510.3645760602
binned_pad,480,640,True,0.04276125878095627,481278,5460.0,127685.67052641611
binned_pad,480,640,True,0.025895079597830772,484119,2841.0,109711.96243158064
binned_pad,480,640,True,0.0059080468490719795,484543,424.0,71766.52637184162
binned_pad,480,640,True,0.016057807952165604,486238,1695.0,105556.12603222144
binned_pad,480,640,True,0.016177537851035595,488144,1906.0,117817.6813771441
binned_pad,480,640,True,0.005796967074275017,488476,332.0,57271.3275314783
binned_pad,480,640,True,0.0216645747423172,490925,2449.0,113041.68344538943
binned_pad,480,640,True,0.0073509179055690765,491657,732.0,99579.40075013417
binned_pad,480,640,True,0.013076855801045895,492979,1322.0,101094.63774115071
binned_pad,480,640,True,0.030815506353974342,496909,3930.0,127533.19562094878
binned_pad,480,640,True,0.011607572436332703,497955,1046.0,90113.58798209432
binned_pad,480,640,True,0.008286138996481895,498626,671.0,80978.6078033317
binned_pad,480,640,True,0.025150738656520844,501690,3064.0,121825.44782658284
binned_pad,480,640,True,0.042277198284864426,507056,5366.0,126924.21015801019
binned_pad,480,640,True,0.04305164981633425,512124,5068.0,117719.06585742848
binned_pad,480,640,True,0.008514240384101868,513052,928.0,108993.8688755839
binned_pad,480,640,True,0.03884616494178772,517530,4478.0,115275.2145986723
binned_pad,480,640,True,0.0285359937697649,520695,3165.0,110912.55575453104
binned_pad,480,640,True,0.009242071770131588,521789,1094.0,118371.7273799556
binned_pad,480,640,True,0.005918417125940323,522190,401.0,67754.60253425257
binned_pad,480,640,True,0.009530270472168922,523133,943.0,98947.87380419328
binned_pad,480,640,True,0.04172215797007084,528093,4960.0,118881.67442245026
binned_pad,480,640,True,0.028996584005653858,531072,2979.0,102736.23953149599
binned_pad,480,640,True,0.005820455960929394,531426,354.0,60819.97739975586
binned_pad,480,640,True,0.016446799039840698,533275,1849.0,112423.09190505615
binned_pad,480,640,True,0.021005354821681976,535500,2225.0,105925.37088225373
binned_pad,480,640,True,0.04631745349615812,540786,5286.0,114125.4451831739
binned_pad,480,640,True,0.033282878808677197,544871,4085.0,122735.77725899713
binned_pad,480,640,True,0.005824676714837551,545251,380.0,65239.672277776895
binned_pad,480,640,True,0.033477889373898506,548629,3378.0,100902.41837747704
binned_pad,480,640,True,0.03249747771769762,552718,4089.0,125825.14973995026
binned_pad,480,640,True,0.017051679082214832,554890,2172.0,127377.48520410697
binned_pad,480,640,True,0.015478898771107197,556554,1664.0,107501.18755902782
binned_pad,480,640,True,0.0058875661343336105,556864,310.0,52653.3363578238
binned_pad,480,640,True,0.005997597239911556,557416,552.0,92036.85708114339
binned_pad,480,640,True,0.0410340866073966,562443,5027.0,122507.9053933141
binned_pad,480,640,True,0.005825897678732872,562867,424.0,72778.48382881652
binned_pad,480,640,True,0.008579579181969166,563672,805.0,93827.44572039001
binned_pad,480,640,True,0.015449158847332,565550,1878.0,121560.01621566096
binned_pad,480,640,True,0.005812976509332657,565915,365.0,62790.551349037334
binned_pad,480,640,True,0.015250156633555889,567743,1828.0,119867.62129234367
binned_pad,480,640,True,0.04222402907907963,572664,4921.0,116545.01257527234
binned_pad,480,640,True,0.025645309127867222,575398,2734.0,106608.19046353885
binned_pad,480,640,True,0.009470270946621895,576361,963.0,101686.63657331876
binned_pad,480,640,True,0.007300198078155518,576984,623.0,85340.15013431093
binned_pad,480,640,True,0.02342627663165331,579077,2093.0,89344.11698920873
binned_pad,480,640,True,0.049451377242803574,585520,6443.0,130289.59675612714
binned_pad,480,640,True,0.01775841135531664,587467,1947.0,109638.18559237808
binned_pad,480,640,True,0.038413964211940765,592143,4676.0,121726.5673024835
binned_pad,480,640,True,0.0324290469288826,595672,3529.0,108822.1928858764
binned_pad,480,640,True,0.016921009868383408,597664,1992.0,117723.47014122455
binned_pad,480,640,True,0.016714708879590034,599957,2293.0,137184.56100661927
binned_pad,480,640,True,0.012604954652488232,601389,1432.0,113606.12072629089
binned_pad,480,640,True,0.006014026701450348,602029,640.0,106417.88468376055
binned_pad,480,640,True,0.03239927627146244,606167,4138.0,127718.90227822113
binned_pad,480,640,True,0.005913836881518364,606559,392.0,66285.22359570982
binned_pad,480,640,True,0.006029857322573662,607049,490.0,81262.28761095434
binned_pad,480,640,True,0.03125499561429024,610786,3737.0,119564.88639823675
binned_pad,480,640,True,0.005801347084343433,611142,356.0,61365.05794675966
binned_pad,480,640,True,0.02396512683480978,614073,2931.0,122302.7117779602
binned_pad,480,640,True,0.03068208508193493,617980,3907.0,127338.15154891062
binned_pad,480,640,True,0.022088926285505295,620493,2513.0,113767.4130249158
binned_pad,480,640,True,0.008809130638837814,621573,1080.0,122600.0662583526
binned_pad,480,640,True,0.04786064475774765,627013,5440.0,113663.32458610216
binned_pad,480,640,True,0.00610518641769886,627586,573.0,93854.62798300148
binned_pad,480,640,True,0.02994394488632679,631219,3633.0,121326.69939754416
binned_pad,480,640,True,0.008813811466097832,632220,1001.0,113571.75086514257
binned_pad,480,640,True,0.012485293671488762,633471,1251.0,100197.88343919901
binned_pad,480,640,True,0.005955777131021023,634111,640.0,107458.68858431952
binned_pad,480,640,True,0.00855615921318531,634886,775.0,90578.024635832
binned_pad,480,640,True,0.0431030597537756,640551,5665.0,131429.18466487236
binned_pad,480,640,True,0.005920196883380413,640986,435.0,73477.28607154301
binned_pad,480,640,True,0.008696009404957294,641860,874.0,100505.87106101366
binned_pad,480,640,True,0.032579757273197174,645923,4063.0,124709.33917431493
binned_pad,480,640,True,0.033246489241719246,649488,3565.0,107229.36710942915
binned_pad,480,640,True,0.039474825374782085,654031,4543.0,115086.00625507084
binned_pad,480,640,True,0.016675920225679874,655962,1931.0,115795.70865458931
binned_pad,480,640,True,0.023246226832270622,658113,2151.0,92531.14561430513
binned_pad,480,640,True,0.00871448963880539,659181,1068.0,122554.50912974004
binned_pad,480,640,True,0.04492464195936918,664908,5727.0,127480.14787028515
binned_pad,480,640,True,0.04373036976903677,669992,5084.0,116257.8781485566
binned_pad,480,640,True,0.00608355738222599,670561,569.0,93530.80184012357
binned_pad,480,640,True,0.024892669171094894,673330,2769.0,111237.56881866786
binned_pad,480,640,True,0.03297330904752016,677581,4251.0,128922.45645936184
binned_pad,480,640,True,0.008360960520803928,678188,607.0,72599.31421630913
binned_pad,480,640,True,0.00881602056324482,678943,755.0,85639.54616300431
binned_pad,480,640,True,0.03254356700927019,682912,3969.0,121959.58724713279
binned_pad,480,640,True,0.05542109441012144,688739,5827.0,105140.47154824548
binned_pad,480,640,True,0.03240988776087761,692653,3914.0,120765.61415077283
binned_pad,480,640,True,0.02985023520886898,696157,3504.0,117386.00970751834
binned_pad,480,640,True,0.022292206063866615,698468,2311.0,103668.5195435141
binned_pad,480,640,True,0.007517688907682896,699162,694.0,92315.60503797236
binned_pad,480,640,True,0.007613698951900005,699972,810.0,106387.18514052407
binned_pad,480,640,True,0.021150344982743263,702317,2345.0,110872.89601721884
binned_pad,480,640,True,0.043107240460813046,707377,5060.0,117381.67291408575
binned_pad,480,640,True,0.005756936967372894,707711,334.0,58016.96316859566
binned_pad,480,640,True,0.005812986753880978,708112,401.0,68983.47045643562
binned_pad,480,640,True,0.038246545009315014,712886,4774.0,124821.73223325882
binned_pad,480,640,True,0.032950498163700104,716622,3736.0,113382.20082255879
binned_pad,480,640,True,0.045247841626405716,721684,5062.0,111872.73951750043
binned_pad,480,640,True,0.016617799177765846,723656,1972.0,118667.94025519825
binned_pad,480,640,True,0.031060406006872654,727723,4067.0,130938.40431770614
binned_pad,480,640,True,0.042298599146306515,732798,5075.0,119980.33273976983
binned_pad,480,640,True,0.00590765755623579,733183,385.0,65169.65418782876
binned_pad,480,640,True,0.031947377137839794,737063,3880.0,121449.71974567413
binned_pad,480,640,True,0.00730906892567873,737607,544.0,74428.08455243612
binned_pad,480,640,True,0.007518257945775986,738341,734.0,97628.99933652666
binned_pad,480,640,True,0.04087316710501909,743540,5199.0,127198.36431176824
binned_pad,480,640,True,0.038865555077791214,748395,4855.0,124917.80936313637
binned_pad,480,640,True,0.013199156150221825,749797,1402.0,106218.91157613421
binned_pad,480,640,True,0.0070072077214717865,750376,579.0,82629.20452975917
binned_pad,480,640,True,0.02926511410623789,753685,3309.0,113069.77953298611
binned_pad,480,640,True,0.01605988759547472,755602,1917.0,119365.71713865316
binned_pad,480,640,True,0.028016562573611736,758985,3383.0,120750.00247126615
binned_pad,480,640,True,0.006002526730298996,759483,498.0,82965.06161084496
binned_pad,480,640,True,0.02543358877301216,762601,3118.0,122593.78838854788
binned_pad,480,640,True,0.014284036122262478,763521,920.0,64407.566049635505
binned_pad,480,640,True,0.007209759205579758,764162,641.0,88907.26884525061
binned_pad,480,640,True,0.04313514940440655,769316,5154.0,119484.92287993523
binned_pad,480,640,True,0.015206507407128811,771045,1729.0,113701.32231609244
binned_pad,480,640,True,0.04667074512690306,777285,6240.0,133702.60069841892
binned_pad,480,640,True,0.005834805779159069,777618,333.0,57071.30838689082
binned_pad,480,640,True,0.008509678766131401,778494,876.0,102941.60614928122
binned_pad,480,640,True,0.021501565352082253,781120,2626.0,122130.64290901467
binned_pad,480,640,True,0.013166915625333786,782578,1458.0,110732.08346491847
binned_pad,480,640,True,0.005871676839888096,783023,445.0,75787.54964458857
binned_pad,480,640,True,0.008002938702702522,783845,822.0,102712.26989685898
binned_pad,480,640,True,0.007763019762933254,784618,773.0,99574.65311255658
binned_pad,480,640,True,0.008185109123587608,785553,935.0,114231.83074072211
binned_pad,480,640,True,0.008420019410550594,786579,1026.0,121852.45068608562
binned_pad,480,640,True,0.028211952187120914,789302,2723.0,96519.37526120867
binned_pad,480,640,True,0.008759520016610622,790195,893.0,101946.2251706269
binned_pad,480,640,True,0.01207970455288887,791272,1077.0,89157.80971997652
binned_pad,480,640,True,0.005727856419980526,791612,340.0,59359.02981331295
binned_pad,480,640,True,0.005844516679644585,792056,444.0,75968.64280435254
binned_pad,480,640,True,0.039788336493074894,796731,4675.0,117496.74432389697
binned_pad,480,640,True,0.008876110427081585,797779,1048.0,118069.73432895612
binned_pad,480,640,True,0.032295478507876396,801679,3900.0,120759.93854832796
binned_pad,480,640,True,0.03337752912193537,805687,4008.0,120080.78804629021
binned_pad,480,640,True,0.027279541827738285,808803,3116.0,114224.79232519954
binned_pad,480,640,True,0.017087220214307308,810884,2081.0,121786.92460799194
binned_pad,480,640,True,0.00908569060266018,811926,1042.0,114685.83353420765
binned_pad,480,640,True,0.04817425552755594,817061,5135.0,106592.20249003643
binned_pad,480,640,True,0.015186596661806107,818785,1724.0,113521.1554235726
binned_pad,480,640,True,0.03271515667438507,822946,4161.0,127188.7535619822
binned_pad,480,640,True,0.007624508813023567,823688,742.0,97317.74442080464
binned_pad,480,640,True,0.025843149982392788,826777,3089.0,119528.7726962297
binned_pad,480,640,True,0.0058685969561338425,827219,442.0,75316.12808032808
binned_pad,480,640,True,0.028505832888185978,830758,3539.0,124150.02971082144
binned_pad,480,640,True,0.005806906148791313,831081,323.0,55623.42351050935
binned_pad,480,640,True,0.023405257612466812,833825,2744.0,117238.61558944808
binned_pad,480,640,True,0.005874935537576675,834242,417.0,70979.5022145905
binned_pad,480,640,True,0.01280764490365982,835493,1251.0,97676.03719576291
binned_pad,480,640,True,0.006002106703817844,836121,628.0,104629.92928808466
binned_pad,480,640,True,0.044606080278754234,841302,5181.0,116150.084643678
binned_pad,480,640,True,0.01708350982517004,843515,2213.0,129540.12510587665
binned_pad,480,640,True,0.029529874213039875,846996,3481.0,117880.62403810889
binned_pad,480,640,True,0.03304203785955906,851123,4127.0,124901.4972242718
binned_pad,480,640,True,0.016571829095482826,852937,1814.0,109462.87157248458
binned_pad,480,640,True,0.007862739264965057,853753,816.0,103780.62561936249
binned_pad,480,640,True,0.005863746628165245,854180,427.0,72820.33605425539
binned_pad,480,640,True,0.005795357748866081,854557,377.0,65052.06690195506
binned_pad,480,640,True,0.015237228013575077,856403,1846.0,121150.64487814782
binned_pad,480,640,True,0.005785697139799595,856753,350.0,60494.00643396334
binned_pad,480,640,True,0.012326563708484173,858216,1463.0,118686.76742351487
binned_pad,480,640,True,0.028439252637326717,861138,2922.0,102745.3160342496
binned_pad,480,640,True,0.009583570994436741,862077,939.0,97980.1788440957
binned_pad,480,640,True,0.016585669480264187,863787,1710.0,103101.05371596746
binned_pad,480,640,True,0.014609986916184425,865528,1741.0,119165.0622268102
binned_pad,480,640,True,0.016321849077939987,867402,1874.0,114815.42263081146
binned_pad,480,640,True,0.016781180165708065,869641,2239.0,133423.27404215242
binned_pad,480,640,True,0.012810494750738144,870885,1244.0,97107.8810151591
binned_pad,480,640,True,0.006004557013511658,871504,619.0,103088.37081688212
binned_pad,480,640,True,0.012987486086785793,872955,1451.0,111722.93008085144
binned_pad,480,640,True,0.03216102812439203,876477,3522.0,109511.4243978038
binned_pad,480,640,True,0.044972581788897514,881507,5030.0,111845.9247817026
binned_pad,480,640,True,0.021692704409360886,883872,2365.0,109022.8288446806
binned_pad,480,640,True,0.012229823507368565,885173,1301.0,106379.29478018529
binned_pad,480,640,True,0.025509539991617203,887982,2809.0,110115.66656721671
binned_pad,480,640,True,0.008559728972613811,888840,858.0,100236.81856576352
binned_pad,480,640,True,0.015293147414922714,890427,1587.0,103771.96772794072
binned_pad,480,640,True,0.005873176269233227,890832,405.0,68957.57617928175
binned_pad,480,640,True,0.02335474733263254,892964,2132.0,91287.6499854508
binned_pad,480,640,True,0.03788545448333025,896846,3882.0,102466.76601723481
binned_pad,480,640,True,0.048385475762188435,902470,5624.0,116233.22725277324
binned_pad,480,640,True,0.005880987271666527,902868,398.0,67675.7118515607
binned_pad,480,640,True,0.04022924695163965,907603,4735.0,117700.43833263978
binned_pad,480,640,True,0.03832090366631746,912102,4499.0,117403.28566297461
binned_pad,480,640,True,0.042882319539785385,917575,5473.0,127628.35729821603
binned_pad,480,640,True,0.04485477227717638,920946,3371.0,75153.65319812979
binned_pad,480,640,True,0.012188723310828209,921942,996.0,81714.87485610362
binned_pad,480,640,True,0.00812894944101572,922760,818.0,100628.00930618042
binned_pad,480,640,True,0.008151949383318424,923402,642.0,78754.16907196991
binned_pad,480,640,True,0.005723996087908745,923691,289.0,50489.20292074934
binned_pad,480,640,True,0.025513319298624992,926831,3140.0,123072.97075881562
binned_pad,480,640,True,0.006038187071681023,927406,575.0,95227.25831015382
binned_pad,480,640,True,0.008678759448230267,928160,754.0,86878.77622345579
binned_pad,480,640,True,0.016829218715429306,930094,1934.0,114919.17911952008
binned_pad,480,640,True,0.039690385572612286,934662,4568.0,115090.84464908991
binned_pad,480,640,True,0.02145855501294136,937143,2481.0,115618.2230585304
binned_pad,480,640,True,0.023790637962520123,939336,2193.0,92179.11698941668
binned_pad,480,640,True,0.0159812793135643,941230,1894.0,118513.66607380706
binned_pad,480,640,True,0.005795217119157314,941547,317.0,54700.28015897619
binned_pad,480,640,True,0.01632791943848133,943612,2065.0,126470.49171085737
binned_pad,480,640,True,0.011812604032456875,944851,1239.0,104887.9651426277
binned_pad,480,640,True,0.037938074208796024,949285,4434.0,116874.67254128486
binned_pad,480,640,True,0.012235733680427074,950198,913.0,74617.51161358497
binned_pad,480,640,True,0.021780414506793022,952167,1969.0,90402.319909288
binned_pad,480,640,True,0.008504410274326801,952855,688.0,80899.20145044522
binned_pad,480,640,True,0.007853439077734947,953659,804.0,102375.53153998438
binned_pad,480,640,True,0.016403558664023876,955805,2146.0,130825.27053758073
binned_pad,480,640,True,0.028386413119733334,958731,2926.0,103077.48244409004
binned_pad,480,640,True,0.04272426851093769,962630,3899.0,91259.6080843802
binned_pad,480,640,True,0.021984665654599667,964772,2142.0,97431.54768204753
binned_pad,480,640,True,0.043767970986664295,969242,4470.0,102129.47731486041
binned_pad,480,640,True,0.04222723841667175,974144,4902.0,116086.20842381773
binned_pad,480,640,True,0.04326542094349861,979673,5529.0,127792.58538176384
binned_pad,480,640,True,0.04295516014099121,983806,4133.0,96216.6125428075
binned_pad,480,640,True,0.02159199584275484,986361,2555.0,118330.88606569578
binned_pad,480,640,True,0.025735209695994854,988258,1897.0,73712.24180447336
binned_pad,480,640,True,0.024542998522520065,991265,3007.0,122519.66674898542
binned_pad,480,640,True,0.012114403769373894,992338,1073.0,88572.25006092526
binned_pad,480,640,True,0.005741795524954796,992463,125.0,21770.193566930287
binned_pad,480,640,True,0.013421695679426193,993842,1379.0,102744.09679201989
binned_pad,480,640,True,0.00932175014168024,995017,1175.0,126049.2914035783
binned_pad,480,640,True,0.020710304379463196,997106,2089.0,100867.66286600304
binned_pad,480,640,True,0.008080478757619858,997888,782.0,96776.44400247662
binned_pad,480,640,True,0.03219298832118511,1001353,3465.0,107632.13297970853
binned_pad,480,640,True,0.017123579047620296,1003345,1992.0,116330.82047043389
binned_pad,480,640,True,0.02587233018130064,1006466,3121.0,120630.80434307842
binned_pad,480,640,True,0.014518337324261665,1007867,1401.0,96498.65330369353
binned_pad,480,640,True,0.030888056382536888,1011570,3703.0,119884.5260491546
binned_pad,480,640,True,0.062929293140769,1018648,7078.0,112475.44103454244
binned_pad,480,640,True,0.024960778653621674,1021445,2797.0,112055.79917252183
binned_pad,480,640,True,0.009802721440792084,1022630,1185.0,120884.79787550191
binned_pad,480,640,True,0.021026314236223698,1024774,2144.0,101967.46685666674
binned_pad,480,640,True,0.016863619908690453,1027123,2349.0,139293.9364572296
binned_pad,480,640,True,0.01237135473638773,1028366,1243.0,100474.04075674734
binned_pad,480,640,True,0.03290589805692434,1032694,4328.0,131526.57291142567
binned_pad,480,640,True,0.016485088504850864,1034559,1865.0,113132.54396245487
binned_pad,480,640,True,0.005957507528364658,1035005,446.0,74863.52268570736
binned_pad,480,640,True,0.005849436856806278,1035377,372.0,63595.86556903317
binned_pad,480,640,True,0.012620335444808006,1036529,1152.0,91281.25041033927
binned_pad,480,640,True,0.008463599719107151,1037535,1006.0,118861.95394246808
binned_pad,480,640,True,0.03272190876305103,1042077,4542.0,138806.08349867235
binned_pad,480,640,True,0.0057900575920939445,1042414,337.0,58203.22071755519
binned_pad,480,640,True,0.01694874931126833,1044265,1851.0,109211.59821328927
binned_pad,480,640,True,0.029078923165798187,1047399,3134.0,107775.6553133344
binned_pad,480,640,True,0.005748027004301548,1047726,327.0,56889.08555149251
binned_pad,480,640,True,0.00573329720646143,1048066,340.0,59302.69925948018
binned_pad,480,640,True,0.028248692862689495,1051490,3424.0,121209.14821238948
binned_pad,480,640,True,0.005830726586282253,1051907,417.0,71517.67345446472
binned_pad,480,640,True,0.04191411938518286,1056573,4666.0,111322.86848544615
binned_pad,480,640,True,0.01528587844222784,1057748,1175.0,76868.33337324052
binned_pad,480,640,True,0.04222630988806486,1062812,5064.0,119925.23176720503
binned_pad,480,640,True,0.008666940033435822,1063695,883.0,101881.4018088866
binned_pad,480,640,True,0.03337407950311899,1068059,4364.0,130760.16072869246
binned_pad,480,640,True,0.009545390494167805,1069224,1165.0,122048.43800909039
binned_pad,480,640,True,0.02860386297106743,1072717,3493.0,122116.37300644115
binned_pad,480,640,True,0.03087142575532198,1076388,3671.0,118912.5513377739
binned_pad,480,640,True,0.0216144947335124,1078158,1770.0,81889.49229776287
binned_pad,480,640,True,0.007408438250422478,1078738,580.0,78289.10499010026
binned_pad,480,640,True,0.03293216787278652,1083019,4281.0,129994.47884928346
binned_pad,480,640,True,0.009727641008794308,1083994,975.0,100229.85008580681
binned_pad,480,640,True,0.042973049916327,1088837,4843.0,112698.54035098336
binned_pad,480,640,True,0.023711026646196842,1090955,2118.0,89325.52907150138
binned_pad,480,640,True,0.008391879498958588,1091673,718.0,85558.90251869109
binned_pad,480,640,True,0.029627245850861073,1095360,3687.0,124446.26201705626
binned_pad,480,640,True,0.030522764660418034,1099170,3810.0,124824.86571541842
binned_pad,480,640,True,0.005812456831336021,1099501,331.0,56946.65949440145
binned_pad,480,640,True,0.04256268870085478,1103554,4053.0,95224.24742679858
binned_pad,480,640,True,0.014361117035150528,1105051,1497.0,104239.80226161488
binned_pad,480,640,True,0.030840366147458553,1107391,2340.0,75874.58556139196
binned_pad,480,640,True,0.016718188300728798,1109321,1930.0,115443.13087536317
binned_pad,480,640,True,0.009450520388782024,1110126,805.0,85180.49450012855
binned_pad,480,640,True,0.008785290643572807,1111200,1074.0,122249.79725465577
binned_pad,480,640,True,0.008655659854412079,1112192,992.0,114607.09139284678
binned_pad,480,640,True,0.025066139176487923,1114988,2796.0,111544.90048561816
binned_pad,480,640,True,0.03036613669246435,1118855,3867.0,127345.80098757289
binned_pad,480,640,True,0.02956805471330881,1122462,3607.0,121989.76344481875
binned_pad,480,640,True,0.008665959350764751,1123221,759.0,87584.0711084134
binned_pad,480,640,True,0.0073940083384513855,1123823,602.0,81417.27361455532
binned_pad,480,640,True,0.013432704843580723,1125216,1393.0,103702.12226212151
binned_pad,480,640,True,0.02904224395751953,1128880,3664.0,126161.05027419302
binned_pad,480,640,True,0.009777311235666275,1130042,1162.0,118846.57980009732
binned_pad,480,640,True,0.05660409573465586,1136008,5966.0,105398.73347623
binned_pad,480,640,True,0.0076414188370108604,1136746,738.0,96578.92280757219
binned_pad,480,640,True,0.012488135136663914,1138160,1414.0,113227.47428065843
binned_pad,480,640,True,0.008627429604530334,1139202,1042.0,120777.5719726345
binned_pad,480,640,True,0.005736386403441429,1139529,327.0,57004.52811264997
binned_pad,480,640,True,0.023484477773308754,1142113,2584.0,110030.12393730301
binned_pad,480,640,True,0.015212268568575382,1143920,1807.0,118785.70193881505
binned_pad,480,640,True,0.02506254892796278,1146602,2682.0,107012.25991453885
binned_pad,480,640,True,0.011954613961279392,1147814,1212.0,101383.44943012203
binned_pad,480,640,True,0.025352628901600838,1150422,2608.0,102869.01646855737
binned_pad,480,640,True,0.04654658306390047,1155841,5419.0,116421.00543794253
binned_pad,480,640,True,0.04647533316165209,1161748,5907.0,127099.68058656128
binned_pad,480,640,True,0.0058404672890901566,1162093,345.0,59070.61591534827
binned_pad,480,640,True,0.012655484490096569,1163527,1434.0,113310.55726251834
binned_pad,480,640,True,0.0399128058925271,1168143,4616.0,115652.10455084182
binned_pad,480,640,True,0.04017186630517244,1172973,4830.0,120233.39825210211
binned_pad,480,640,True,0.032802168279886246,1177083,4110.0,125296.59518026999
binned_pad,480,640,True,0.016131668351590633,1178100,1017.0,63043.69627706365
binned_pad,480,640,True,0.027018052525818348,1181199,3099.0,114701.0872467069
binned_pad,480,640,True,0.0060264067724347115,1181775,576.0,95579.34300662746
binned_pad,480,640,True,0.031729175709187984,1185633,3858.0,121591.56088264905
binned_pad,480,640,True,0.04046631697565317,1189969,4336.0,107150.84356722613
binned_pad,480,640,True,0.01667093951255083,1192035,2066.0,123928.2284267541
binned_pad,480,640,True,0.029441223479807377,1195796,3761.0,127746.04977199837
binned_pad,480,640,True,0.02815160248428583,1198978,3182.0,113030.8657127489
binned_pad,480,640,True,0.045691102743148804,1204711,5733.0,125473.00581095387
binned_pad,480,640,True,0.03313103970140219,1208891,4180.0,126165.67538093566
binned_pad,480,640,True,0.03920506499707699,1213682,4791.0,122203.59793708294
binned_pad,480,640,True,0.01265388447791338,1215181,1499.0,118461.64730019603
binned_pad,480,640,True,0.04920127708464861,1221686,6505.0,132212.01532652165
binned_pad,480,640,True,0.03365650959312916,1225328,3642.0,108210.86452599647
binned_pad,480,640,True,0.012931124307215214,1226126,798.0,61711.571325220175
binned_pad,480,640,True,0.008425520732998848,1226872,746.0,88540.5215464327
binned_pad,480,640,True,0.04910535644739866,1233278,6406.0,130454.20018205275
binned_pad,480,640,True,0.005862436257302761,1233705,427.0,72836.6128447182
binned_pad,480,640,True,0.02541636023670435,1236853,3148.0,123857.23095999799
binned_pad,480,640,True,0.005790237337350845,1237161,308.0,53192.98364735364
binned_pad,480,640,True,0.031029095873236656,1241031,3870.0,124721.6488617694
binned_pad,480,640,True,0.008099868893623352,1241782,751.0,92717.55010642545
binned_pad,480,640,True,0.01689742971211672,1243822,2040.0,120728.42052049891
binned_pad,480,640,True,0.00855919998139143,1244801,979.0,114379.84883265322
binned_pad,480,640,True,0.00816349033266306,1245368,567.0,69455.58540461157
binned_pad,480,640,True,0.04291260056197643,1249686,4318.0,100623.1256892422
binned_pad,480,640,True,0.013868607580661774,1250920,1234.0,88977.93039588742
binned_pad,480,640,True,0.008459800854325294,1251695,775.0,91609.72147515281
binned_pad,480,640,True,0.038177055306732655,1256467,4772.0,124996.54469574665
binned_pad,480,640,True,0.026025869883596897,1259861,3394.0,130408.70546037378
binned_pad,480,640,True,0.015631058253347874,1261592,1731.0,110741.06256556576
binned_pad,480,640,True,0.007371008396148682,1261971,379.0,51417.659515626896
binned_pad,480,640,True,0.03259814716875553,1266178,4207.0,129056.4147164873
binned_pad,480,640,True,0.014632836915552616,1267857,1679.0,114741.93348081825
binned_pad,480,640,True,0.008641989901661873,1268835,978.0,113168.38033008215
binned_pad,480,640,True,0.007476448081433773,1269344,509.0,68080.45671633797
binned_pad,480,640,True,0.008025798946619034,1270107,763.0,95068.4168734906
binned_pad,480,640,True,0.007038298062980175,1270600,493.0,70045.34272185294
binned_pad,480,640,True,0.0409142579883337,1275804,5204.0,127192.82362358544
binned_pad,480,640,True,0.012199114076793194,1277129,1325.0,108614.44459484106
binned_pad,480,640,True,0.016478008590638638,1279112,1983.0,120342.21180868706
binned_pad,480,640,True,0.013344825245440006,1280510,1398.0,104759.7082979939
binned_pad,480,640,True,0.00854721013456583,1281319,809.0,94650.76759120706
binned_pad,480,640,True,0.03894996549934149,1286264,4945.0,126957.75045252872
binned_pad,480,640,True,0.02188053447753191,1288648,2384.0,108955.29094355612
binned_pad,480,640,True,0.016736779361963272,1290556,1908.0,114000.42736634285
binned_pad,480,640,True,0.011809232644736767,1291497,941.0,79683.41621412568
binned_pad,480,640,True,0.03957137558609247,1296316,4819.0,121779.94645436734
binned_pad,480,640,True,0.03164859674870968,1300365,4049.0,127936.16197738938
binned_pad,480,640,True,0.026206030510365963,1303110,2745.0,104746.88255110585
binned_pad,480,640,True,0.04804582428187132,1307723,4613.0,96012.50616363304
binned_pad,480,640,True,0.006035297177731991,1308363,640.0,106042.83122318529
binned_pad,480,640,True,0.008283549919724464,1309187,824.0,99474.26018860869
binned_pad,480,640,True,0.028486222960054874,1311955,2768.0,97169.77936602753
binned_pad,480,640,True,0.01226627454161644,1313271,1316.0,107286.03827797405
binned_pad,480,640,True,0.025344478897750378,1315955,2684.0,105900.77668703762
binned_pad,480,640,True,0.005882207304239273,1316388,433.0,73611.82250206302
binned_pad,480,640,True,0.015980289317667484,1317975,1587.0,99309.84154620061
binned_pad,480,640,True,0.012176593765616417,1319011,1036.0,85081.26492035882
binned_pad,480,640,True,0.0070730894804000854,1319659,648.0,91614.84550642871
binned_pad,480,640,True,0.008337530307471752,1320421,762.0,91393.9706242659
binned_pad,480,640,True,0.011393132619559765,1321531,1110.0,97427.11131917736
binned_pad,480,640,True,0.048260985873639584,1327773,6242.0,129338.42703386246
binned_pad,480,640,True,0.04275437071919441,1331721,3948.0,92341.43629267733
binned_pad,480,640,True,0.04506088234484196,1337094,5373.0,119238.67710537715
binned_pad,480,640,True,0.006001937203109264,1337570,476.0,79307.72747062588
binned_pad,480,640,True,0.030914155766367912,1341335,3765.0,121788.86683672642
binned_pad,480,640,True,0.009030160494148731,1342356,1021.0,113065.54303897222
binned_pad,480,640,True,0.038441555574536324,1346992,4636.0,120598.65764305556
binned_pad,480,640,True,0.031054796651005745,1350632,3640.0,117212.16663906618
binned_pad,480,640,True,0.016685988754034042,1352441,1809.0,108414.3125508611
binned_pad,480,640,True,0.029810135252773762,1356371,3930.0,131834.3565594632
binned_pad,480,640,True,0.012256374582648277,1357412,1041.0,84935.3936582336
binned_pad,480,640,True,0.055485703982412815,1364287,6875.0,123905.79025867913
binned_pad,480,640,True,0.02899299282580614,1367578,3291.0,113510.18571186415
binned_pad,480,640,True,0.01478857733309269,1369171,1593.0,107718.27229352972
binned_pad,480,640,True,0.04653667379170656,1374878,5707.0,122634.46299458259
binned_pad,480,640,True,0.012730984948575497,1376373,1495.0,117430.03436409525
binned_pad,480,640,True,0.007363327778875828,1377025,652.0,88546.92057448269
binned_pad,480,640,True,0.02922341413795948,1380711,3686.0,126131.73746910375
binned_pad,480,640,True,0.02574353851377964,1383681,2970.0,115368.75548053582
binned_pad,480,640,True,0.023423057049512863,1385168,1487.0,63484.45452088952
binned_pad,480,640,True,0.032812598161399364,1389108,3940.0,120075.83125907424
binned_pad,480,640,True,0.0467890752479434,1394696,5588.0,119429.5884325181
binned_pad,480,640,True,0.007437518797814846,1395310,614.0,82554.41319763711
binned_pad,480,640,True,0.012964875437319279,1396492,1182.0,91169.40657969019
binned_pad,480,640,True,0.016480138525366783,1398588,2096.0,127183.39695833056
binned_pad,480,640,True,0.005813997238874435,1399015,427.0,73443.4473317131
binned_pad,480,640,True,0.01517865713685751,1400558,1543.0,101655.89657158912
binned_pad,480,640,True,0.01513298787176609,1402097,1539.0,101698.35679782326
binned_pad,480,640,True,0.016371218487620354,1403847,1750.0,106894.91446976419
binned_pad,480,640,True,0.008113900199532509,1404548,701.0,86394.94974813578
binned_pad,480,640,True,0.030304894782602787,1408001,3453.0,113941.9893971146
binned_pad,480,640,True,0.01248144544661045,1409276,1275.0,102151.6302301548
binned_pad,480,640,True,0.025730209425091743,1412699,3423.0,133034.28446493475
binned_pad,480,640,True,0.0060579171404242516,1413206,507.0,83692.1318412905
binned_pad,480,640,True,0.014364245347678661,1414790,1584.0,110273.80566539703
binned_pad,480,640,True,0.04103138856589794,1419338,4548.0,110841.97145060646
binned_pad,480,640,True,0.029865704476833344,1423169,3831.0,128274.2217908064
binned_pad,480,640,True,0.016750468872487545,1425201,2032.0,121310.03707827767
binned_pad,480,640,True,0.012584075331687927,1426764,1563.0,124204.59658757874
binned_pad,480,640,True,0.021550624631345272,1429359,2595.0,120414.14318105592
binned_pad,480,640,True,0.014262077398598194,1430770,1411.0,98933.69391885966
binned_pad,480,640,True,0.011608722619712353,1432027,1257.0,108280.6473354384
binned_pad,480,640,True,0.023172426968812943,1434450,2423.0,104563.92864075227
binned_pad,480,640,True,0.031175196170806885,1438034,3584.0,114963.1899784526
binned_pad,480,640,True,0.008790689520537853,1438812,778.0,88502.7275940464
binned_pad,480,640,True,0.008127150125801563,1439586,774.0,95236.33598729198
binned_pad,480,640,True,0.02374607790261507,1442090,2504.0,105448.99289344298
binned_pad,480,640,True,0.023297997191548347,1444570,2480.0,106446.91814537828
binned_pad,480,640,True,0.005468456074595451,1444744,174.0,31818.853004661334
binned_pad,480,640,True,0.005795787088572979,1445059,315.0,54349.82258424513
binned_pad,480,640,True,0.005854257382452488,1445493,434.0,74134.08253980576
binned_pad,480,640,True,0.005944466218352318,1445991,498.0,83775.39407365583
binned_pad,480,640,True,0.0058676572516560555,1446445,454.0,77373.29917691862
binned_pad,480,640,True,0.030733074992895126,1450147,3702.0,120456.5439955432
binned_pad,480,640,True,0.04575944319367409,1455911,5764.0,125963.07117646115
binned_pad,480,640,True,0.06008771061897278,1463374,7463.0,124201.76976494005
binned_pad,480,640,True,0.03319927770644426,1466863,3489.0,105092.6478235626
binned_pad,480,640,True,0.04073649737983942,1471445,4582.0,112478.9880012522
binned_pad,480,640,True,0.007998050190508366,1472185,740.0,92522.55016831355
binned_pad,480,640,True,0.02547511924058199,1475384,3199.0,125573.50447663371
binned_pad,480,640,True,0.008613149635493755,1476368,984.0,114243.92256521984
binned_pad,480,640,True,0.03233031742274761,1479790,3422.0,105844.9242936378
binned_pad,480,640,True,0.012639304623007774,1481007,1217.0,96286.94269973141
binned_pad,480,640,True,0.00872225034981966,1481779,772.0,88509.26871365962
binned_pad,480,640,True,0.007430999539792538,1482458,679.0,91373.97955201013
binned_pad,480,640,True,0.021262413822114468,1485007,2549.0,119882.90799555661
binned_pad,480,640,True,0.027112340554594994,1488170,3163.0,116662.74232690454
binned_pad,480,640,True,0.008625799790024757,1489243,1073.0,124394.2621113074
binned_pad,480,640,True,0.011315512470901012,1490297,1054.0,93146.46620826656
binned_pad,480,640,True,0.021306264214217663,1492059,1762.0,82698.68346156235
binned_pad,480,640,True,0.024835878983139992,1495105,3046.0,122645.14584194093
binned_pad,480,640,True,0.008089940063655376,1495858,753.0,93078.56350912973
binned_pad,480,640,True,0.012170463800430298,1497315,1457.0,119716.0620902949
binned_pad,480,640,True,0.05792374722659588,1502194,4879.0,84231.42896666379
binned_pad,480,640,True,0.024255158379673958,1503814,1620.0,66789.91638156338
binned_pad,480,640,True,0.04625316429883242,1508974,5160.0,111559.93494114857
binned_pad,480,640,True,0.005849706940352917,1509309,335.0,57267.82613485749
binned_pad,480,640,True,0.007003738544881344,1509831,522.0,74531.62288325308
binned_pad,480,640,True,0.005957216955721378,1510306,475.0,79735.21923585553
binned_pad,480,640,True,0.00606610719114542,1510905,599.0,98745.37015672073
binned_pad,480,640,True,0.025199279189109802,1513779,2874.0,114050.88131417808
binned_pad,480,640,True,0.011813713237643242,1514782,1003.0,84901.3328683177
binned_pad,480,640,True,0.06236252188682556,1521029,6247.0,100172.344077697
binned_pad,480,640,True,0.012675364501774311,1522586,1557.0,122836.70420539382
binned_pad,480,640,True,0.02952007483690977,1526039,3453.0,116971.24817863328
binned_pad,480,640,True,0.0321096470579505,1529450,3411.0,106229.7568654035
binned_pad,480,640,True,0.025028908625245094,1532617,3167.0,126533.68340662066
binned_pad,480,640,True,0.007523098960518837,1533309,692.0,91983.37063377877
binned_pad,480,640,True,0.011761114001274109,1534669,1360.0,115635.30460232492
binned_pad,480,640,True,0.0376571137458086,1538978,4309.0,114427.25082666778
binned_pad,480,640,True,0.021668395027518272,1541009,2031.0,93730.98457087779
binned_pad,480,640,True,0.009459231048822403,1541813,804.0,84996.3380585879
binned_pad,480,640,True,0.009142570197582245,1542986,1173.0,128300.90167753922
binned_pad,480,640,True,0.03239067830145359,1546736,3750.0,115774.04971576999
binned_pad,480,640,True,0.029568765312433243,1549773,3037.0,102709.73332535413
binned_pad,480,640,True,0.01685955934226513,1551754,1981.0,117500.10541698102
binned_pad,480,640,True,0.005838505923748016,1552078,324.0,55493.649271149305
binned_pad,480,640,True,0.008177198469638824,1552950,872.0,106637.9889442154
binned_pad,480,640,True,0.0070232488214969635,1553575,625.0,88990.15482506926
binned_pad,480,640,True,0.008538300171494484,1554595,1020.0,119461.7171466187
binned_pad,480,640,True,0.020717903971672058,1556449,1854.0,89487.81703665611
binned_pad,480,640,True,0.031613826751708984,1560144,3695.0,116879.23860088388
binned_pad,480,640,True,0.02418034803122282,1562539,2395.0,99047.3750380872
binned_pad,480,640,True,0.005900787189602852,1562951,412.0,69821.19279372442
binned_pad,480,640,True,0.0206069340929389,1565302,2351.0,114087.8108988365
binned_pad,480,640,True,0.008190149441361427,1566112,810.0,98899.2943046172
binned_pad,480,640,True,0.02916465327143669,1569812,3700.0,126865.90049824833
binned_pad,480,640,True,0.04228944890201092,1575294,5482.0,129630.44310892696
binned_pad,480,640,True,0.008940281346440315,1576391,1097.0,122703.07359362737
binned_pad,480,640,True,0.01257824432104826,1577569,1178.0,93653.76994854132
binned_pad,480,640,True,0.015568428672850132,1579485,1916.0,123069.58141134198
binned_pad,480,640,True,0.02108859457075596,1581966,2481.0,117646.53124113164
binned_pad,480,640,True,0.03748609311878681,1586437,4471.0,119270.89829906228
binned_pad,480,640,True,0.033450838178396225,1590714,4277.0,127859.27746235798
binned_pad,480,640,True,0.007161128334701061,1591225,511.0,71357.46995676926
binned_pad,480,640,True,0.025080349296331406,1593602,2377.0,94775.39454953653
binned_pad,480,640,True,0.056092094630002975,1599696,6094.0,108642.7604495339
binned_pad,480,640,True,0.04871642775833607,1606034,6338.0,130099.85115165754
binned_pad,480,640,True,0.015004368498921394,1607719,1685.0,112300.62765528106
binned_pad,480,640,True,0.007472558878362179,1608337,618.0,82702.59359073154
binned_pad,480,640,True,0.009152990765869617,1609490,1153.0,125969.75453087923
binned_pad,480,640,True,0.040856738574802876,1614428,4938.0,120861.33578575354
binned_pad,480,640,True,0.014739447273314,1615995,1567.0,106313.3488619399
binned_pad,480,640,True,0.0059736669063568115,1616635,640.0,107136.87422359474
binned_pad,480,640,True,0.006041876971721649,1617148,513.0,84907.38927671664
binned_pad,480,640,True,0.012536783702671528,1618119,971.0,77452.08205140244
binned_pad,480,640,True,0.014550827443599701,1619883,1764.0,121230.21916364692
binned_pad,480,640,True,0.014274576678872108,1621041,1158.0,81123.24631762727
binned_pad,480,640,True,0.008867040276527405,1622194,1153.0,130032.1148931951
binned_pad,480,640,True,0.005998697131872177,1622752,558.0,93020.19884205252
binned_pad,480,640,True,0.032708438113331795,1627098,4346.0,132870.91193231242
binned_pad,480,640,True,0.008244640193879604,1627886,788.0,95577.24551581651
binned_pad,480,640,True,0.007750479504466057,1628468,582.0,75092.12812763834
binned_pad,480,640,True,0.025924029760062695,1631474,3006.0,115954.19492346434
binned_pad,480,640,True,0.005954987369477749,1632114,640.0,107472.93995623165
binned_pad,480,640,True,0.03245118726044893,1635815,3701.0,114048.21556438795
binned_pad,480,640,True,0.04555913247168064,1640792,4977.0,109242.6420343645
binned_pad,480,640,True,0.015560437925159931,1642438,1646.0,105781.08456308644
binned_pad,480,640,True,0.04004957713186741,1646589,4151.0,103646.53754850893
binned_pad,480,640,True,0.00797760859131813,1647316,727.0,91130.06631977149
binned_pad,480,640,True,0.008737529627978802,1648360,1044.0,119484.57338066869
binned_pad,480,640,True,0.008755210787057877,1649207,847.0,96742.38811612074
binned_pad,480,640,True,0.038182154297828674,1653713,4506.0,118013.24683914562
binned_pad,480,640,True,0.042594850063323975,1658965,5252.0,123301.29093522039
binned_pad,480,640,True,0.04988311696797609,1665047,6082.0,121925.01931875099
binned_pad,480,640,True,0.011969003826379776,1666072,1025.0,85637.8705252723
binned_pad,480,640,True,0.008687109686434269,1666885,813.0,93586.93850378973
binned_pad,480,640,True,0.038841514848172665,1671210,4325.0,111349.93104429534
binned_pad,480,640,True,0.005968637764453888,1671671,461.0,77237.05444908669
binned_pad,480,640,True,0.007562119513750076,1672394,723.0,95608.11604278153
binned_pad,480,640,True,0.015585978515446186,1674263,1869.0,119915.47390802337
binned_pad,480,640,True,0.005942096933722496,1674903,640.0,107706.08543389488
binned_pad,480,640,True,0.04178506974130869,1679904,5001.0,119683.89740548919
binned_pad,480,640,True,0.012279573827981949,1680729,825.0,67184.74204048027
binned_pad,480,640,True,0.014490737579762936,1682344,1615.0,111450.50354479064
binned_pad,480,640,True,0.04173657763749361,1687082,4738.0,113521.52639711571
binned_pad,480,640,True,0.02591020055115223,1690405,3323.0,128250.64759493827
binned_pad,480,640,True,0.00927004124969244,1691567,1162.0,125350.0355285423
binned_pad,480,640,True,0.03314927779138088,1694838,3271.0,98674.84958753732
binned_pad,480,640,True,0.02129968535155058,1697513,2675.0,125588.70968510644
binned_pad,480,640,True,0.04798797518014908,1702853,5340.0,111277.87700884217
binned_pad,480,640,True,0.008216939866542816,1703492,639.0,77766.17699270714
binned_pad,480,640,True,0.01246702391654253,1704570,1078.0,86468.11036991746
binned_pad,480,640,True,0.030370534397661686,1707883,3313.0,109085.99620344769
binned_pad,480,640,True,0.028372452594339848,1709857,1974.0,69574.52808975008
binned_pad,480,640,True,0.016555539332330227,1712076,2219.0,134033.68839012453
binned_pad,480,640,True,0.03251128830015659,1715838,3762.0,115713.65506244426
binned_pad,480,640,True,0.008876509964466095,1716866,1028.0,115811.28214976686
binned_pad,480,640,True,0.043001250363886356,1722363,5497.0,127833.49213065054
binned_pad,480,640,True,0.02226782590150833,1724565,2202.0,98887.06736524492
binned_pad,480,640,True,0.033165907487273216,1728777,4212.0,126997.88183441911
binned_pad,480,640,True,0.021499584428966045,1731359,2582.0,120095.34456495414
binned_pad,480,640,True,0.007955268956720829,1732118,759.0,95408.46502226377
binned_pad,480,640,True,0.021157835610210896,1734549,2431.0,114898.33103849173
binned_pad,480,640,True,0.03057834506034851,1738109,3560.0,116422.25872505821
binned_pad,480,640,True,0.026344439946115017,1740624,2515.0,95466.06438186529
binned_pad,480,640,True,0.008862029761075974,1741709,1085.0,122432.44823726093
binned_pad,480,640,True,0.005906227044761181,1742123,414.0,70095.51052853915
binned_pad,480,640,True,0.007857508957386017,1742899,776.0,98759.03472824732
binned_pad,480,640,True,0.032647328451275826,1746923,4024.0,123256.6396973516
binned_pad,480,640,True,0.033782429061830044,1751166,4243.0,125597.83644433266
binned_pad,480,640,True,0.014931508339941502,1752722,1556.0,104209.16390862734
binned_pad,480,640,True,0.04672878421843052,1757451,4729.0,101201.00659787362
binned_pad,480,640,True,0.024582798592746258,1759948,2497.0,101575.09083350662
binned_pad,480,640,True,0.033052087761461735,1763856,3908.0,118237.61416235474
binned_pad,480,640,True,0.026022779755294323,1766600,2744.0,105446.07554624269
binned_pad,480,640,True,0.032759517431259155,1771114,4514.0,137792.0175250426
binned_pad,480,640,True,0.00735198799520731,1771733,619.0,84194.91441002354
binned_pad,480,640,True,0.008990731090307236,1772825,1092.0,121458.4207926392
binned_pad,480,640,True,0.00869682990014553,1773896,1071.0,123148.32097406875
binned_pad,480,640,True,0.040333096869289875,1777945,4049.0,100389.01830726911
binned_pad,480,640,True,0.031492436304688454,1781849,3904.0,123966.27438502717
binned_pad,480,640,True,0.008158168755471706,1782622,773.0,94751.65606025822
binned_pad,480,640,True,0.03240925632417202,1785978,3356.0,103550.66362621136
binned_pad,480,640,True,0.012396333739161491,1787168,1190.0,95996.12474458062
binned_pad,480,640,True,0.0169922998175025,1789126,1958.0,115228.66363170043
binned_pad,480,640,True,0.016792948357760906,1791153,2027.0,120705.42687420441
binned_pad,480,640,True,0.007535628974437714,1791880,727.0,96475.02583608113
binned_pad,480,640,True,0.009100900031626225,1792899,1019.0,111966.94793469967
binned_pad,480,640,True,0.04226689785718918,1798202,5303.0,125464.61341728235
binned_pad,480,640,True,0.006030246615409851,1798783,581.0,96347.63502296859
binned_pad,480,640,True,0.038109444081783295,1802600,3817.0,100158.9000303619
binned_pad,480,640,True,0.005788557231426239,1802945,345.0,59600.34361014613
binned_pad,480,640,True,0.02142204437404871,1805150,2205.0,102931.35246564989
binned_pad,480,640,True,0.008568349294364452,1805921,771.0,89982.32605982808
binned_pad,480,640,True,0.012372623197734356,1807042,1121.0,90603.26028560175
binned_pad,480,640,True,0.012997575104236603,1808370,1328.0,102172.90451102176
binned_pad,480,640,True,0.03843969479203224,1812892,4522.0,117638.81124616311
binned_pad,480,640,True,0.032921327278018,1817102,4210.0,127880.62779021283
binned_pad,480,640,True,0.029343954287469387,1820288,3186.0,108574.32399151818
binned_pad,480,640,True,0.0327135780826211,1824050,3762.0,114998.12067327912
binned_pad,480,640,True,0.007655579596757889,1824791,741.0,96792.14886797218
binned_pad,480,640,True,0.043502289801836014,1830049,5258.0,120867.20087497753
binned_pad,480,640,True,0.04062385857105255,1834982,4933.0,121431.10412251978
binned_pad,480,640,True,0.014775066636502743,1836609,1627.0,110117.94667513667
binned_pad,480,640,True,0.005766597576439381,1836897,288.0,49942.79489463304
binned_pad,480,640,True,0.037874333560466766,1841414,4517.0,119262.82459303377
binned_pad,480,640,True,0.024204988032579422,1844308,2894.0,119562.13306549603
binned_pad,480,640,True,0.02885934431105852,1847819,3511.0,121659.03570631822
binned_pad,480,640,True,0.04287596885114908,1852812,4993.0,116452.17901277085
binned_pad,480,640,True,0.0058278972283005714,1853132,320.0,54908.312117458656
binned_pad,480,640,True,0.025580509565770626,1856378,3246.0,126893.48473118317
binned_pad,480,640,True,0.02352036628872156,1858721,2343.0,99615.79557217655
binned_pad,480,640,True,0.03206905722618103,1862448,3727.0,116217.9472166489
binned_pad,480,640,True,0.043413530103862286,1867325,4877.0,112338.2500416873
binned_pad,480,640,True,0.029708154499530792,1870133,2808.0,94519.5030557805
binned_pad,480,640,True,0.008788480423390865,1871066,933.0,106161.69747807438
binned_pad,480,640,True,0.03871572483330965,1875905,4839.0,124987.9737712335
binned_pad,480,640,True,0.04879017546772957,1881739,5834.0,119573.2531000771
binned_pad,480,640,True,0.005990397185087204,1882135,396.0,66105.80029414783
binned_pad,480,640,True,0.09234143700450659,1888001,5866.0,63525.110614357436
binned_pad,480,640,True,0.012475344352424145,1889252,1251.0,100277.79311413654
binned_pad,480,640,True,0.030884284526109695,1893063,3811.0,123396.0915227991
binned_pad,480,640,True,0.014890156686306,1894305,1242.0,83410.80796968561
binned_pad,480,640,True,0.03125120606273413,1897828,3523.0,112731.64923388488
binned_pad,480,640,True,0.029648994095623493,1901172,3344.0,112786.28843916192
binned_pad,480,640,True,0.04691639542579651,1906836,5664.0,120725.38711884303
binned_pad,480,640,True,0.005833756178617477,1907180,344.0,58967.15417433222
binned_pad,480,640,True,0.02767146285623312,1910686,3506.0,126700.92716873687
binned_pad,480,640,True,0.005760186351835728,1911036,350.0,60761.92307362724
binned_pad,480,640,True,0.028809123672544956,1914096,3060.0,106216.35127750083
binned_pad,480,640,True,0.03334412723779678,1918265,4169.0,125029.5133013494
binned_pad,480,640,True,0.03274038806557655,1921580,3315.0,101251.0906517144
binned_pad,480,640,True,0.02401595748960972,1924317,2737.0,113965.89126975836
binned_pad,480,640,True,0.03868570551276207,1928414,4097.0,105904.75075214633
binned_pad,480,640,True,0.006023766472935677,1929037,623.0,103423.66404791611
binned_pad,480,640,True,0.02144674491137266,1931308,2271.0,105890.19496360712
binned_pad,480,640,True,0.04306360054761171,1934932,3624.0,84154.59817376987
binned_pad,480,640,True,0.04421380069106817,1938343,3411.0,77147.85760747937
binned_pad,480,640,True,0.024019538424909115,1940857,2514.0,104664.79228397214
binned_pad,480,640,True,0.02509451936930418,1943642,2785.0,110980.40807295295
binned_pad,480,640,True,0.016463689506053925,1945701,2059.0,125063.09714131073
binned_pad,480,640,True,0.007335498929023743,1946409,708.0,96516.952268743
binned_pad,480,640,True,0.021060733124613762,1948619,2210.0,104934.6187012438
binned_pad,480,640,True,0.005884016864001751,1949027,408.0,69340.38590136144
binned_pad,480,640,True,0.00772003922611475,1949782,755.0,97797.43054232738
binned_pad,480,640,True,0.024877049028873444,1952472,2690.0,108131.7963749584
binned_pad,480,640,True,0.037985083647072315,1956683,4211.0,110859.30569813451
binned_pad,480,640,True,0.016649949364364147,1958512,1829.0,109850.18392395866
binned_pad,480,640,True,0.009028131142258644,1959375,863.0,95590.10457441096
binned_pad,480,640,True,0.008923450484871864,1960415,1040.0,116546.84494110619
binned_pad,480,640,True,0.014477367512881756,1962199,1784.0,123226.82272261321
binned_pad,480,640,True,0.02536009903997183,1965420,3221.0,127010.54498735025
binned_pad,480,640,True,0.025216400623321533,1968374,2954.0,117145.981463666
binned_pad,480,640,True,0.00888467114418745,1969193,819.0,92181.23965520188
binned_pad,480,640,True,0.008318089880049229,1969918,725.0,87159.43328995493
binned_pad,480,640,True,0.02502449881285429,1972227,2309.0,92269.5801929084
binned_pad,480,640,True,0.03765023406594992,1976347,4120.0,109428.27055957247
binned_pad,480,640,True,0.043661851435899734,1980961,4614.0,105675.77526513838
binned_pad,480,640,True,0.02414791751652956,1983888,2927.0,121211.28035146015
binned_pad,480,640,True,0.04219686891883612,1989133,5245.0,124298.3219937132
binned_pad,480,640,True,0.029472333379089832,1992679,3546.0,120316.22859273954
binned_pad,480,640,True,0.015760858543217182,1994547,1868.0,118521.46219559273
binned_pad,480,640,True,0.005886776372790337,1994953,406.0,68968.13710753474
binned_pad,480,640,True,0.009077739901840687,1996082,1129.0,124370.16396240583
binned_pad,480,640,True,0.008060919120907784,1996759,677.0,83985.45995134105
binned_pad,480,640,True,0.04098562803119421,2002229,5470.0,133461.41715424677
binned_pad,480,640,True,0.0245447875931859,2004901,2672.0,108862.21727752079
binned_pad,480,640,True,0.04907988663762808,2009801,4900.0,99837.23141371962
binned_pad,480,640,True,0.012361213564872742,2011047,1246.0,100799.16453678935
binned_pad,480,640,True,0.04177086893469095,2015710,4663.0,111632.8225608769
binned_pad,480,640,True,0.008744499646127224,2016744,1034.0,118245.75925941508
binned_pad,480,640,True,0.04998182784765959,2022998,6254.0,125125.47598422504
binned_pad,480,640,True,0.03356671892106533,2026907,3909.0,116454.6349970132
binned_pad,480,640,True,0.00887025985866785,2027976,1069.0,120515.07137701196
binned_pad,480,640,True,0.04217007849365473,2032994,5018.0,118994.32439413294
binned_pad,480,640,True,0.013542554341256618,2034500,1506.0,111205.0180527655
binned_pad,480,640,True,0.007017189636826515,2035129,629.0,89637.0245858799
binned_pad,480,640,True,0.04215431958436966,2039634,4505.0,106869.23770607846
binned_pad,480,640,True,0.007527679204940796,2040282,648.0,86082.3080206028
binned_pad,480,640,True,0.008826949633657932,2041136,854.0,96749.16425756222
binned_pad,480,640,True,0.006068786606192589,2041621,485.0,79917.12865716947
binned_pad,480,640,True,0.008512058295309544,2042366,745.0,87522.89683101939
binned_pad,480,640,True,0.011528072878718376,2043400,1034.0,89694.08945261232
binned_pad,480,640,True,0.03749070316553116,2047792,4392.0,117149.0430736437
binned_pad,480,640,True,0.03232213668525219,2051709,3917.0,121186.29526702152
binned_pad,480,640,True,0.02490002755075693,2054369,2660.0,106827.19103735045
binned_pad,480,640,True,0.0055030155926942825,2054536,167.0,30346.997421142434
binned_pad,480,640,True,0.015234868042171001,2055967,1431.0,93929.26778485437
binned_pad,480,640,True,0.032789597287774086,2060346,4379.0,133548.45323558614
binned_pad,480,640,True,0.030844186432659626,2063997,3651.0,118369.1457698527
binned_pad,480,640,True,0.014310047030448914,2065286,1289.0,90076.57328150398
binned_pad,480,640,True,0.025406479835510254,2068473,3187.0,125440.43962932551
binned_pad,480,640,True,0.012446913868188858,2069824,1351.0,108540.9615834823
binned_pad,480,640,True,0.0216352641582489,2072173,2349.0,108572.744146708
binned_pad,480,640,True,0.0067944880574941635,2072653,480.0,70645.49910726109
binned_pad,480,640,True,0.030447076074779034,2076304,3651.0,119912.99233571797
binned_pad,480,640,True,0.005885455757379532,2076709,405.0,68813.70223405164
binned_pad,480,640,True,0.02893863432109356,2079057,2348.0,81137.20827138437
binned_pad,480,640,True,0.009740211069583893,2080299,1242.0,127512.63716229293
binned_pad,480,640,True,0.014377566054463387,2081837,1538.0,106972.20893814233
binned_pad,480,640,True,0.04093323741108179,2086678,4841.0,118265.74945399759
binned_pad,480,640,True,0.03297372814267874,2090466,3788.0,114879.3361675441
binned_pad,480,640,True,0.03149513714015484,2094310,3844.0,122050.58777467834
binned_pad,480,640,True,0.022024905309081078,2095595,1285.0,58343.0431126613
binned_pad,480,640,True,0.029740055091679096,2098941,3346.0,112508.19777183836
binned_pad,480,640,True,0.032822778448462486,2102683,3742.0,114006.1925554412
binned_pad,480,640,True,0.008868380449712276,2103660,977.0,110166.67649071116
binned_pad,480,640,True,0.01555617805570364,2105371,1711.0,109988.45563950494
binned_pad,480,640,True,0.012162193655967712,2106754,1383.0,113713.03887447914
binned_pad,480,640,True,0.03285343758761883,2111204,4450.0,135450.05718601058
binned_pad,480,640,True,0.06258938368409872,2116041,4837.0,77281.47675032746
binned_pad,480,640,True,0.04325748048722744,2121212,5171.0,119540.01809067064
binned_pad,480,640,True,0.03947565518319607,2125565,4353.0,110270.49405003866
binned_pad,480,640,True,0.008782530203461647,2126362,797.0,90748.33579118934
binned_pad,480,640,True,0.005785067565739155,2126734,372.0,64303.484060081115
binned_pad,480,640,True,0.007440418936312199,2127277,543.0,72979.7615763199
binned_pad,480,640,True,0.01213100366294384,2128656,1379.0,113675.6725424446
binned_pad,480,640,True,0.008508129045367241,2129507,851.0,100021.99020046338
binned_pad,480,640,True,0.04118180833756924,2133918,4411.0,107110.40087999108
binned_pad,480,640,True,0.02183691505342722,2136269,2351.0,107661.72759512656
binned_pad,480,640,True,0.0058351363986730576,2136661,392.0,67179.23510565117
binned_pad,480,640,True,0.03896177466958761,2141596,4935.0,126662.6082063996
binned_pad,480,640,True,0.012445404194295406,2142605,1009.0,81074.10448448872
binned_pad,480,640,True,0.009550821036100388,2143526,921.0,96431.50013164162
binned_pad,480,640,True,0.00836332980543375,2144259,733.0,87644.51684348997
binned_pad,480,640,True,0.009112311527132988,2145398,1139.0,124995.72656273795
binned_pad,480,640,True,0.032738788053393364,2149904,4506.0,137634.90550264748
binned_pad,480,640,True,0.030684485100209713,2153722,3818.0,124427.70304051496
binned_pad,480,640,True,0.007283647544682026,2154316,594.0,81552.54580291908
binned_pad,480,640,True,0.014735477976500988,2155547,1231.0,83539.87579928554
binned_pad,480,640,True,0.014647606760263443,2156791,1244.0,84928.5497870388
binned_pad,480,640,True,0.02522140834480524,2159576,2785.0,110422.06533139995
binned_pad,480,640,True,0.03250598721206188,2163733,4157.0,127884.1332484582
binned_pad,480,640,True,0.023611098527908325,2166141,2408.0,101985.93670488238
binned_pad,480,640,True,0.038750545121729374,2171116,4975.0,128385.29069389189
binned_pad,480,640,True,0.026262900792062283,2174271,3155.0,120131.43654540893
binned_pad,480,640,True,0.021906524896621704,2176624,2353.0,107410.92031273595
binned_pad,480,640,True,0.007445749826729298,2177295,671.0,90118.52608735189
binned_pad,480,640,True,0.02887469343841076,2180442,3147.0,108988.1700982384
binned_pad,480,640,True,0.008067498914897442,2181290,848.0,105113.12228800966
binned_pad,480,640,True,0.017059870064258575,2183557,2267.0,132884.95114329725
binned_pad,480,640,True,0.039891576394438744,2188461,4904.0,122933.22157816915
binned_pad,480,640,True,0.014805227518081665,2190085,1624.0,109690.98570194915
binned_pad,480,640,True,0.041694448329508305,2195049,4964.0,119056.61782043152
binned_pad,480,640,True,0.017469750717282295,2197329,2280.0,130511.30705285136
binned_pad,480,640,True,0.038130913861095905,2200937,3608.0,94621.38812469321
binned_pad,480,640,True,0.017204590141773224,2202791,1854.0,107761.9393849108
binned_pad,480,640,True,0.041751718148589134,2208033,5242.0,125551.71936504214
binned_pad,480,640,True,0.02443502936512232,2210718,2685.0,109883.2319732127
binned_pad,480,640,True,0.008514800108969212,2211671,953.0,111922.76833323909
binned_pad,480,640,True,0.03210820723325014,2215815,4144.0,129063.57461492332
binned_pad,480,640,True,0.006973997689783573,2216342,527.0,75566.41447874563
binned_pad,480,640,True,0.02571672946214676,2218872,2530.0,98379.53942487066
binned_pad,480,640,True,0.008410770446062088,2219772,900.0,107005.65492444023
binned_pad,480,640,True,0.014256006106734276,2221378,1606.0,112654.27273080047
binned_pad,480,640,True,0.009336281567811966,2222514,1136.0,121675.85047097405
binned_pad,480,640,True,0.0058265868574380875,2222882,368.0,63158.75983728272
binned_pad,480,640,True,0.014363876543939114,2224610,1728.0,120301.7858524505
binned_pad,480,640,True,0.044608961790800095,2229669,5059.0,113407.7054679031
binned_pad,480,640,True,0.013096694834530354,2230910,1241.0,94756.7318074799
binned_pad,480,640,True,0.009746940806508064,2231817,907.0,93054.8382313344
binned_pad,480,640,True,0.028468333184719086,2235331,3514.0,123435.39669846937
binned_pad,480,640,True,0.006204067729413509,2235828,497.0,80108.7321538611
binned_pad,480,640,True,0.049685477279126644,2241325,5497.0,110635.95040294286
binned_pad,480,640,True,0.033949519507586956,2245760,4435.0,130635.13311311747
binned_pad,480,640,True,0.012458564713597298,2246977,1217.0,97683.80451335332
binned_pad,480,640,True,0.016168568283319473,2248663,1686.0,104276.39420240969
binned_pad,480,640,True,0.03816219512373209,2252895,4232.0,110895.0883532438
binned_pad,480,640,True,0.0061247264966368675,2253535,640.0,104494.46197335159
binned_pad,480,640,True,0.04489497188478708,2258676,5141.0,114511.70997930967
binned_pad,480,640,True,0.04537596274167299,2263572,4896.0,107898.53711475185
binned_pad,480,640,True,0.04591686464846134,2268453,4881.0,106300.81207349076
binned_pad,480,640,True,0.04097710642963648,2272678,4225.0,103106.35298895313
binned_pad,480,640,True,0.029632083140313625,2275434,2756.0,93007.29843898618
binned_pad,480,640,True,0.0058912960812449455,2275809,375.0,63653.22584852249
binned_pad,480,640,True,0.04233724903315306,2280712,4903.0,115808.18574585715
binned_pad,480,640,True,0.03156399633735418,2284693,3981.0,126124.71365955376
binned_pad,480,640,True,0.005852946080267429,2285059,366.0,62532.61092459559
binned_pad,480,640,True,0.038599684834480286,2289376,4317.0,111840.29140423745
binned_pad,480,640,True,0.038230424746870995,2293734,4358.0,113992.97886055228
binned_pad,480,640,True,0.026387440972030163,2296799,3065.0,116153.74159429864
binned_pad,480,640,True,0.02100103534758091,2299263,2464.0,117327.54881934075
binned_pad,480,640,True,0.024058387614786625,2301794,2531.0,105202.39512827584
binned_pad,480,640,True,0.030150354839861393,2305291,3497.0,115985.36795250786
binned_pad,480,640,True,0.03891866561025381,2309420,4129.0,106093.05163104415
binned_pad,480,640,True,0.008054849691689014,2310144,724.0,89883.73808477425
binned_pad,480,640,True,0.03290459793061018,2313973,3829.0,116366.71592446337
binned_pad,480,640,True,0.03338870778679848,2318421,4448.0,133218.69263112632
binned_pad,480,640,True,0.057499466463923454,2324869,6448.0,112140.17097090161
binned_pad,480,640,True,0.01494772732257843,2326089,1220.0,81617.75858442367
binned_pad,480,640,True,0.007162608206272125,2326705,616.0,86002.19113766176
binned_pad,480,640,True,0.01646345853805542,2328657,1952.0,118565.60974037963
binned_pad,480,640,True,0.016215238720178604,2330742,2085.0,128582.75082964888
binned_pad,480,640,True,0.028883562423288822,2334071,3329.0,115255.86599095639
binned_pad,480,640,True,0.05615431535989046,2340204,6133.0,109216.89563293367
binned_pad,480,640,True,0.04326170030981302,2345522,5318.0,122926.28264529219
binned_pad,480,640,True,0.04560299310833216,2350924,5402.0,118457.13695079801
binned_pad,480,640,True,0.047184475697577,2356144,5220.0,110629.60693803059
binned_pad,480,640,True,0.045609863474965096,2361814,5670.0,124315.2153505616
binned_pad,480,640,True,0.04939368832856417,2367188,5374.0,108799.32602425719
binned_pad,480,640,True,0.021862185560166836,2369671,2483.0,113575.10406114455
binned_pad,480,640,True,0.02530073933303356,2371987,2316.0,91538.82696922404
binned_pad,480,640,True,0.008448299951851368,2372847,860.0,101795.6281028515
binned_pad,480,640,True,0.032315436750650406,2377030,4183.0,129442.7809308754
binned_pad,480,640,True,0.006509917788207531,2377376,346.0,53149.67273884255
binned_pad,480,640,True,0.038307604379951954,2381977,4601.0,120106.70138401828
binned_pad,480,640,True,0.04062379710376263,2386437,4460.0,109787.86617627404
binned_pad,480,640,True,0.055766064673662186,2392353,5916.0,106086.022648718
binned_pad,480,640,True,0.0059034572914242744,2392786,433.0,73346.8506037983
binned_pad,480,640,True,0.0420289384201169,2397366,4580.0,108972.5358803688
binned_pad,480,640,True,0.03285906743258238,2401370,4004.0,121853.73210043434
binned_pad,480,640,True,0.04195377789437771,2406378,5008.0,119369.46447607355
binned_pad,480,640,True,0.04596988297998905,2411868,5490.0,119426.01642883946
binned_pad,480,640,True,0.014753296971321106,2413427,1559.0,105671.29523865315
binned_pad,480,640,True,0.00735095888376236,2414058,631.0,85839.14152938947
binned_pad,480,640,True,0.021536855027079582,2416576,2518.0,116915.86338088673
binned_pad,480,640,True,0.007621859200298786,2417264,688.0,90266.68978259656
binned_pad,480,640,True,0.04229328874498606,2422426,5162.0,122052.46158852955
binned_pad,480,640,True,0.0058206962421536446,2422731,305.0,52399.22980195763
binned_pad,480,640,True,0.025390969589352608,2426074,3343.0,131660.9823912296
binned_pad,480,640,True,0.005857986398041248,2426472,398.0,67941.43464264109
binned_pad,480,640,True,0.04217665921896696,2430574,4102.0,97257.58454940213
binned_pad,480,640,True,0.016938509419560432,2432892,2318.0,136847.93287201502
binned_pad,480,640,True,0.040209497325122356,2437416,4524.0,112510.73256201751
binned_pad,480,640,True,0.005787336267530918,2437760,344.0,59440.1265276335
binned_pad,480,640,True,0.005898366682231426,2438197,437.0,74088.30673692151
binned_pad,480,640,True,0.008723530918359756,2439218,1021.0,117039.76400784898
binned_pad,480,640,True,0.02865990251302719,2441980,2762.0,96371.57693556526
binned_pad,480,640,True,0.01680845022201538,2444109,2129.0,126662.4805903567
binned_pad,480,640,True,0.04648780357092619,2449366,5257.0,113083.42395612267
binned_pad,480,640,True,0.005922726355493069,2449789,423.0,71419.81152103812
binned_pad,480,640,True,0.005762656219303608,2450135,346.0,60041.756237510315
binned_pad,480,640,True,0.025544069707393646,2453397,3262.0,127700.8729370882
binned_pad,480,640,True,0.04052335675805807,2456960,3563.0,87924.60163832546
binned_pad,480,640,True,0.0060900673270225525,2457462,502.0,82429.30218070823
binned_pad,480,640,True,0.005841326899826527,2457864,402.0,68819.9799281801
binned_pad,480,640,True,0.023988506756722927,2460819,2955.0,123183.9909823417
binned_pad,480,640,True,0.025489410385489464,2464013,3194.0,125306.93930128218
binned_pad,480,640,True,0.021484674885869026,2466607,2594.0,120737.22380161007
binned_pad,480,640,True,0.0397553164511919,2471426,4819.0,121216.49203613675
binned_pad,480,640,True,0.012563914991915226,2472409,983.0,78239.94357113625
binned_pad,480,640,True,0.008826980367302895,2473393,984.0,111476.40065508196
binned_pad,480,640,True,0.04676309507340193,2479332,5939.0,127001.85885211016
binned_pad,480,640,True,0.008762229233980179,2480291,959.0,109447.03389874464
binned_pad,480,640,True,0.031148425303399563,2484071,3780.0,121354.44932387795
binned_pad,480,640,True,0.028681502677500248,2487649,3578.0,124749.39127951725
binned_pad,480,640,True,0.05854794755578041,2494335,6686.0,114197.00056317165
binned_pad,480,640,True,0.0058858972042799,2494702,367.0,62352.43111842623
binned_pad,480,640,True,0.04088297858834267,2499501,4799.0,117383.81511586787
binned_pad,480,640,True,0.006960859522223473,2500037,536.0,77001.98492567599
binned_pad,480,640,True,0.03230199683457613,2503428,3391.0,104978.03022413357
binned_pad,480,640,True,0.007219257764518261,2503979,551.0,76323.63574938345
binned_pad,480,640,True,0.01630954910069704,2505357,1378.0,84490.37992970062
binned_pad,480,640,True,0.016553078778088093,2507264,1907.0,115205.15461597178
binned_pad,480,640,True,0.042318680323660374,2512357,5093.0,120348.74341656877
binned_pad,480,640,True,0.007628709077835083,2513088,731.0,95822.24102946749
binned_pad,480,640,True,0.029431254602968693,2516722,3634.0,123474.17903256639
binned_pad,480,640,True,0.007503608241677284,2517332,610.0,81294.22277296908
binned_pad,480,640,True,0.01707387063652277,2519099,1767.0,103491.47171234885
binned_pad,480,640,True,0.02977003436535597,2523034,3935.0,132179.8944437647
binned_pad,480,640,True,0.012518905103206635,2524577,1543.0,123253.59025245512
binned_pad,480,640,True,0.01617275830358267,2526509,1932.0,119460.14178496775
binned_pad,480,640,True,0.027966372668743134,2529661,3152.0,112706.78673043862
binned_pad,480,640,True,0.0059432461857795715,2530079,418.0,70331.93425507937
binned_pad,480,640,True,0.026079701259732246,2533501,3422.0,131213.15945760693
binned_pad,480,640,True,0.03334303945302963,2537404,3903.0,117055.91523826613
binned_pad,480,640,True,0.012347363866865635,2538402,998.0,80826.96928355293
binned_pad,480,640,True,0.029509663581848145,2541740,3338.0,113115.48810923267
binned_pad,480,640,True,0.005979737266898155,2542165,425.0,71073.35674305612
binned_pad,480,640,True,0.005672105588018894,2542421,256.0,45133.15135401306
binned_pad,480,640,True,0.03257288783788681,2546139,3718.0,114144.00892252015
binned_pad,480,640,True,0.039087154902517796,2550719,4580.0,117174.043785545
binned_pad,480,640,True,0.04324788972735405,2555271,4552.0,105253.6904967385
binned_pad,480,640,True,0.05630325525999069,2561200,5929.0,105304.7461043193
binned_pad,480,640,True,0.00596211664378643,2561666,466.0,78160.16154022307
binned_pad,480,640,True,0.0058222366496920586,2562096,430.0,73854.77881987895
binned_pad,480,640,True,0.03187980689108372,2565673,3577.0,112202.68718128373
binned_pad,480,640,True,0.024943308904767036,2567966,2293.0,91928.4610054993
binned_pad,480,640,True,0.01665771845728159,2569651,1685.0,101154.30899622606
binned_pad,480,640,True,0.03856230340898037,2574533,4882.0,126600.32125734175
binned_pad,480,640,True,0.025834020227193832,2577228,2695.0,104319.80683994142
binned_pad,480,640,True,0.025302468799054623,2579917,2689.0,106274.21463712938
binned_pad,480,640,True,0.03315187804400921,2583661,3744.0,112934.77838660694
binned_pad,480,640,True,0.03187325689941645,2587378,3717.0,116618.14202827992
binned_pad,480,640,True,0.028991544619202614,2591016,3638.0,125484.86283791732
binned_pad,480,640,True,0.02168523520231247,2593546,2530.0,116669.24413760594
binned_pad,480,640,True,0.0060631269589066505,2594030,484.0,79826.79618625017
binned_pad,480,640,True,0.007914679124951363,2594747,717.0,90591.16468027452
binned_pad,480,640,True,0.029630334116518497,2598488,3741.0,126255.74808872792
binned_pad,480,640,True,0.008738169446587563,2599524,1036.0,118560.30102558604
binned_pad,480,640,True,0.005875826813280582,2599920,396.0,67394.77057168503
binned_pad,480,640,True,0.046265303157269955,2604604,4684.0,101242.176757767
binned_pad,480,640,True,0.02217502612620592,2606660,2056.0,92716.91443782643
binned_pad,480,640,True,0.01237565465271473,2607930,1270.0,102620.83385798198
binned_pad,480,640,True,0.00755928922444582,2608538,608.0,80430.84236462366
binned_pad,480,640,True,0.006041356362402439,2609072,534.0,88390.7467076891
binned_pad,480,640,True,0.007184147834777832,2609701,629.0,87553.87757404796
binned_pad,480,640,True,0.03744912426918745,2614541,4840.0,129242.00750889856
binned_pad,480,640,True,0.030276144854724407,2618291,3750.0,123859.89094694253
binned_pad,480,640,True,0.031358785927295685,2621733,3442.0,109761.9023893388
binned_pad,480,640,True,0.026225170120596886,2624963,3230.0,123164.1200093952
binned_pad,480,640,True,0.008427420631051064,2625814,851.0,100979.88901425747
binned_pad,480,640,True,0.02394434716552496,2628476,2662.0,111174.46558880269
binned_pad,480,640,True,0.01587016973644495,2629576,1100.0,69312.42817610904
binned_pad,480,640,True,0.014389647170901299,2631254,1678.0,116611.61528638774
binned_pad,480,640,True,0.02412891760468483,2633993,2739.0,113515.24527018984
binned_pad,480,640,True,0.005833515897393227,2634355,362.0,62055.20073439139
binned_pad,480,640,True,0.046525703743100166,2639381,5026.0,108026.30794693489
binned_pad,480,640,True,0.02645898051559925,2642688,3307.0,124985.91916836378
binned_pad,480,640,True,0.0075071388855576515,2643395,707.0,94177.02413367327
binned_pad,480,640,True,0.02129332534968853,2645871,2476.0,116280.56958403718
binned_pad,480,640,True,0.0059945667162537575,2646373,502.0,83742.4994601978
binned_pad,480,640,True,0.032355278730392456,2650516,4143.0,128047.11201910721
binned_pad,480,640,True,0.03122809622436762,2654309,3793.0,121461.13463811736
binned_pad,480,640,True,0.03909454494714737,2658796,4487.0,114773.04585757572
binned_pad,480,640,True,0.04036404751241207,2663734,4938.0,122336.59170284025
binned_pad,480,640,True,0.02592939045280218,2666587,2853.0,110029.58226855184
binned_pad,480,640,True,0.00825513992458582,2667309,722.0,87460.6616720945
binned_pad,480,640,True,0.06597952637821436,2671780,4471.0,67763.44489608628
binned_pad,480,640,True,0.040686238557100296,2676967,5187.0,127487.82349885718
binned_pad,480,640,True,0.016864538192749023,2678996,2029.0,120311.62530571852
binned_pad,480,640,True,0.008516600355505943,2679977,981.0,115186.80683023807
binned_pad,480,640,True,0.02148731518536806,2682466,2489.0,115835.78397430043
binned_pad,480,640,True,0.0456392727792263,2688154,5688.0,124629.5055470081
binned_pad,480,640,True,0.0058450764045119286,2688513,359.0,61419.214250626545
binned_pad,480,640,True,0.033764539286494255,2692793,4280.0,126760.20731939888
binned_pad,480,640,True,0.008648860268294811,2693697,904.0,104522.44249035954
binned_pad,480,640,True,0.008693370036780834,2694486,789.0,90758.81926822566
binned_pad,480,640,True,0.014632217586040497,2695834,1348.0,92125.47531319011
binned_pad,480,640,True,0.014028445817530155,2697110,1276.0,90958.04457579266
binned_pad,480,640,True,0.01624101959168911,2699023,1913.0,117788.17143838214
binned_pad,480,640,True,0.008826719596982002,2699829,806.0,91313.65182095332
binned_pad,480,640,True,0.024603049270808697,2701800,1971.0,80112.02100621627
binned_pad,480,640,True,0.016258389689028263,2703985,2185.0,134392.15333081328
binned_pad,480,640,True,0.020625004544854164,2705874,1889.0,91587.85860589282
binned_pad,480,640,True,0.005838275887072086,2706223,349.0,59777.92189862144
binned_pad,480,640,True,0.04258472938090563,2711179,4956.0,116379.74626233501
binned_pad,480,640,True,0.00840653944760561,2712056,877.0,104323.54543340557
binned_pad,480,640,True,0.029867105185985565,2715737,3681.0,123245.95829016675
binned_pad,480,640,True,0.005856377072632313,2716135,398.0,67960.10486754873
binned_pad,480,640,True,0.005990156903862953,2716775,640.0,106841.94258538946
binned_pad,480,640,True,0.008706859312951565,2717633,858.0,98542.99571875636
binned_pad,480,640,True,0.039484115317463875,2721848,4215.0,106751.79033670029
binned_pad,480,640,True,0.007443578913807869,2722478,630.0,84636.70598444888
binned_pad,480,640,True,0.008654610253870487,2723377,899.0,103875.27267307643
binned_pad,480,640,True,0.016749700531363487,2725331,1954.0,116658.80212850212
binned_pad,480,640,True,0.006002277135848999,2725788,457.0,76137.77065882832
binned_pad,480,640,True,0.0058517055585980415,2726165,377.0,64425.66124094633
binned_pad,480,640,True,0.04420568235218525,2731691,5526.0,125006.55359133551
binned_pad,480,640,True,0.00871346052736044,2732614,923.0,105928.06349460833
binned_pad,480,640,True,0.009088641032576561,2733421,807.0,88792.15243593151
binned_pad,480,640,True,0.005901276133954525,2733820,399.0,67612.49447458489
binned_pad,480,640,True,0.008932920172810555,2734670,850.0,95153.65452242315
binned_pad,480,640,True,0.005778307095170021,2735031,361.0,62475.04572779684
binned_pad,480,640,True,0.005815456621348858,2735455,424.0,72909.15015056134
binned_pad,480,640,True,0.008535760454833508,2736513,1058.0,123949.12036230949
binned_pad,480,640,True,0.04215480946004391,2740957,4444.0,105420.94856844767
binned_pad,480,640,True,0.01768101006746292,2743285,2328.0,131666.68595953402
binned_pad,480,640,True,0.04980298783630133,2749682,6397.0,128446.1089167272
binned_pad,480,640,True,0.01659235917031765,2751598,1916.0,115474.83876961659
binned_pad,480,640,True,0.012682484462857246,2753102,1504.0,118588.75162865075
binned_pad,480,640,True,0.025355949066579342,2756166,3064.0,120839.49182712847
binned_pad,480,640,True,0.016413498669862747,2757985,1819.0,110823.41654189264
binned_pad,480,640,True,0.02541285939514637,2760757,2772.0,109078.63443849326
binned_pad,480,640,True,0.025117759592831135,2763788,3031.0,120671.5905054318
binned_pad,480,640,True,0.03761504404246807,2768379,4591.0,122052.22981572685
binned_pad,480,640,True,0.02411423809826374,2771176,2797.0,115989.56552566295
binned_pad,480,640,True,0.005945687182247639,2771645,469.0,78880.70556424811
binned_pad,480,640,True,0.012161883525550365,2773045,1400.0,115113.748381063
binned_pad,480,640,True,0.016638298518955708,2775168,2123.0,127597.18174194946
binned_pad,480,640,True,0.00716300867497921,2775832,664.0,92698.47771082411
binned_pad,480,640,True,0.016038808040320873,2777776,1944.0,121206.01450636903
binned_pad,480,640,True,0.0068007176741957664,2778271,495.0,72786.43574312725
binned_pad,480,640,True,0.011404173448681831,2779384,1113.0,97595.8498885027
binned_pad,480,640,True,0.020754954777657986,2781548,2164.0,104264.259940931
binned_pad,480,640,True,0.007106528617441654,2782173,625.0,87947.29939819755
binned_pad,480,640,True,0.008187799714505672,2783036,863.0,105400.72181676497
binned_pad,480,640,True,0.030986164696514606,2786840,3804.0,122764.4672148755
binned_pad,480,640,True,0.049107667058706284,2791087,4247.0,86483.44045590435
binned_pad,480,640,True,0.0058693671599030495,2791479,392.0,66787.43880225667
binned_pad,480,640,True,0.03391186986118555,2794948,3469.0,102294.56571400998
binned_pad,480,640,True,0.0334644690155983,2798915,3967.0,118543.64096292462
binned_pad,480,640,True,0.0059106964617967606,2799266,351.0,59383.86487424215
binned_pad,480,640,True,0.028568812645971775,2802675,3409.0,119325.92517038582
binned_pad,480,640,True,0.03940507583320141,2807348,4673.0,118588.78332782412
binned_pad,480,640,True,0.01474393717944622,2808777,1429.0,96921.1942921255
binned_pad,480,640,True,0.007484739646315575,2809376,599.0,80029.50380443262
binned_pad,480,640,True,0.028921433724462986,2812569,3193.0,110402.54886462368
binned_pad,480,640,True,0.016546408645808697,2814030,1461.0,88297.10611372335
binned_pad,480,640,True,0.04677107371389866,2819828,5798.0,123965.50986763097
binned_pad,480,640,True,0.029187134467065334,2822534,2706.0,92712.08186104879
binned_pad,480,640,True,0.008398500271141529,2823483,949.0,112996.36475108565
binned_pad,480,640,True,0.046218994073569775,2829353,5870.0,127004.06224021968
binned_pad,480,640,True,0.009470351040363312,2830473,1120.0,118263.83153343314
binned_pad,480,640,True,0.005739136599004269,2830755,282.0,49136.310860579026
binned_pad,480,640,True,0.007404588162899017,2831424,669.0,90349.38679669601
binned_pad,480,640,True,0.006121937185525894,2831939,515.0,84123.6988216108
binned_pad,480,640,True,0.016937250271439552,2833987,2048.0,120916.91196495107
binned_pad,480,640,True,0.008055359125137329,2834649,662.0,82181.31429226803
binned_pad,480,640,True,0.0060279276221990585,2835235,586.0,97214.17321633671
binned_pad,480,640,True,0.016122478060424328,2836872,1637.0,101535.25989396917
binned_pad,480,640,True,0.0376640735194087,2841456,4584.0,121707.49395011178
binned_pad,480,640,True,0.05597737431526184,2848008,6552.0,117047.2906267353
binned_pad,480,640,True,0.008588099852204323,2848797,789.0,91871.31188250984
binned_pad,480,640,True,0.013255934230983257,2850099,1302.0,98220.16142452031
binned_pad,480,640,True,0.0293825538828969,2853773,3674.0,125040.18590904634
binned_pad,480,640,True,0.02407083846628666,2856080,2307.0,95842.11215704671
binned_pad,480,640,True,0.00786328874528408,2856868,788.0,100212.5224604774
binned_pad,480,640,True,0.016517898999154568,2858702,1834.0,111031.06999830119
binned_pad,480,640,True,0.023058916442096233,2861163,2461.0,106726.61077461609
binned_pad,480,640,True,0.007204768247902393,2861769,606.0,84110.96362140888
binned_pad,480,640,True,0.005885877646505833,2862221,452.0,76793.9850513765
binned_pad,480,640,True,0.03952288627624512,2866848,4627.0,117071.40940212703
binned_pad,480,640,True,0.031536866910755634,2870451,3603.0,114247.23991117832
binned_pad,480,640,True,0.01609838753938675,2872293,1842.0,114421.3975153296
binned_pad,480,640,True,0.00587866734713316,2872679,386.0,65661.14005213103
binned_pad,480,640,True,0.008422870188951492,2873526,847.0,100559.54573668166
binned_pad,480,640,True,0.038432324305176735,2877289,3763.0,97912.37111030346
binned_pad,480,640,True,0.038671765476465225,2881793,4504.0,116467.4005571593
binned_pad,480,640,True,0.029615024104714394,2885382,3589.0,121188.48822509214
binned_pad,480,640,True,0.042709410190582275,2890417,5035.0,117889.71042991019
binned_pad,480,640,True,0.01571581792086363,2891969,1552.0,98754.00744746687
binned_pad,480,640,True,0.007468307390809059,2892476,507.0,67886.86826468125
binned_pad,480,640,True,0.040403987281024456,2897059,4583.0,113429.39913636654
binned_pad,480,640,True,0.033251878805458546,2901181,4122.0,123962.92023424982
binned_pad,480,640,True,0.0057979971170425415,2901543,362.0,62435.353569932435
binned_pad,480,640,True,0.005905437283217907,2901933,390.0,66040.83343807637
binned_pad,480,640,True,0.009747130796313286,2903143,1210.0,124139.09542053805
binned_pad,480,640,True,0.013084664940834045,2904583,1440.0,110052.49324391269
binned_pad,480,640,True,0.012084624730050564,2905951,1368.0,113201.69476162757
binned_pad,480,640,True,0.00581484567373991,2906384,433.0,74464.57297318248
binned_pad,480,640,True,0.012222394347190857,2907503,1119.0,91553.25611443605
binned_pad,480,640,True,0.005757356993854046,2907875,372.0,64612.98133798346
binned_pad,480,640,True,0.0127711845561862,2909278,1403.0,109856.68508880836
binned_pad,480,640,True,0.014252057299017906,2910945,1667.0,116965.56960340534
binned_pad,480,640,True,0.038900675252079964,2915146,4201.0,107992.9839977618
binned_pad,480,640,True,0.005960436537861824,2915560,414.0,69457.99982437417
binned_pad,480,640,True,0.005933346226811409,2916009,449.0,75673.99285938745
binned_pad,480,640,True,0.021679474972188473,2918093,2084.0,96127.78919570058
binned_pad,480,640,True,0.03270648792386055,2922487,4394.0,134346.43335074873
binned_pad,480,640,True,0.038840414956212044,2926814,4327.0,111404.57703343744
binned_pad,480,640,True,0.03015741426497698,2930744,3930.0,130316.21230750103
binned_pad,480,640,True,0.04891654755920172,2935889,5145.0,105179.13174009704
binned_pad,480,640,True,0.014589786529541016,2936986,1097.0,75189.58538418799
binned_pad,480,640,True,0.00865728035569191,2937968,982.0,113430.54165438499
binned_pad,480,640,True,0.008965090848505497,2939082,1114.0,124259.75584906722
binned_pad,480,640,True,0.042106349021196365,2943995,4913.0,116680.74089080468
binned_pad,480,640,True,0.04257740918546915,2948734,4739.0,111303.15560903902
binned_pad,480,640,True,0.04050936736166477,2953771,5037.0,124341.61104097281
binned_pad,480,640,True,0.008007080294191837,2954530,759.0,94791.10638500305
binned_pad,480,640,True,0.04273530934005976,2959803,5273.0,123387.43024043422
binned_pad,480,640,True,0.062350102700293064,2966208,6405.0,102726.37449833575
binned_pad,480,640,True,0.02762786205857992,2969392,3184.0,115245.97861567789
binned_pad,480,640,True,0.03247075621038675,2973255,3863.0,118968.5874566821
binned_pad,480,640,True,0.049329076893627644,2978884,5629.0,114111.19677220551
binned_pad,480,640,True,0.03269110806286335,2982720,3836.0,117340.7763549515
binned_pad,480,640,True,0.03289979789406061,2987053,4333.0,131702.93671567613
binned_pad,480,640,True,0.01283604558557272,2988594,1541.0,120052.54965221001
binned_pad,480,640,True,0.01627328898757696,2990291,1697.0,104281.31653628782
binned_pad,480,640,True,0.006054156459867954,2990840,549.0,90681.5018143707
binned_pad,480,640,True,0.00876154936850071,2991783,943.0,107629.36557662376
binned_pad,480,640,True,0.0287367831915617,2995220,3437.0,119602.80930153813
binned_pad,480,640,True,0.03893161565065384,3000124,4904.0,125964.4614804893
binned_pad,480,640,True,0.02993937488645315,3003718,3594.0,120042.58651459683
binned_pad,480,640,True,0.005844556726515293,3004167,449.0,76823.61914001095
binned_pad,480,640,True,0.01693682838231325,3006493,2326.0,137333.85894309406
binned_pad,480,640,True,0.021182174794375896,3008483,1990.0,93946.91618390229
binned_pad,480,640,True,0.023876366205513477,3010777,2294.0,96078.27172085653
binned_pad,480,640,True,0.039204045198857784,3015779,5002.0,127588.8744293595
binned_pad,480,640,True,0.014969676733016968,3017578,1799.0,120176.27581978065
binned_pad,480,640,True,0.00813479907810688,3018213,635.0,78059.7029997914
binned_pad,480,640,True,0.011999043636023998,3019267,1054.0,87840.33394425202
binned_pad,480,640,True,0.024736499413847923,3021941,2674.0,108099.36989318093
binned_pad,480,640,True,0.032866667956113815,3026201,4260.0,129614.5993773476
binned_pad,480,640,True,0.046235984191298485,3032247,6046.0,130763.95162229173
binned_pad,480,640,True,0.04315195046365261,3037593,5346.0,123887.79516473996
binned_pad,480,640,True,0.03395888954401016,3040596,3003.0,88430.45341951365
binned_pad,480,640,True,0.039105906151235104,3045064,4468.0,114253.84142029105
binned_pad,480,640,True,0.007509008981287479,3045725,661.0,88027.59480608135
binned_pad,480,640,True,0.0155634181573987,3047415,1690.0,108587.97102978243
binned_pad,480,640,True,0.008348589763045311,3048275,860.0,103011.4096403149
binned_pad,480,640,True,0.00577037688344717,3048599,324.0,56148.84548172621
binned_pad,480,640,True,0.007191358134150505,3049257,658.0,91498.71105365659
binned_pad,480,640,True,0.01418397668749094,3050765,1508.0,106317.15161587425
binned_pad,480,640,True,0.03223982732743025,3054943,4178.0,129591.26479084084
binned_pad,480,640,True,0.005714897066354752,3055205,262.0,45845.09518858522
binned_pad,480,640,True,0.024395287968218327,3057891,2686.0,110103.22991469766
binned_pad,480,640,True,0.04039051756262779,3062509,4618.0,114333.76640543238
binned_pad,480,640,True,0.025994270108640194,3065450,2941.0,113140.31852821463
binned_pad,480,640,True,0.032911268062889576,3069855,4405.0,133844.7364465739
binned_pad,480,640,True,0.03138009551912546,3073610,3755.0,119661.84098169529
binned_pad,480,640,True,0.06063621025532484,3079543,5933.0,97845.8247145976
binned_pad,480,640,True,0.013363034464418888,3080880,1337.0,100052.12540310106
binned_pad,480,640,True,0.03241865802556276,3084997,4117.0,126994.76939340496
binned_pad,480,640,True,0.02123324479907751,3086987,1990.0,93720.95592692721
binned_pad,480,640,True,0.0069168685004115105,3087490,503.0,72720.76951731475
binned_pad,480,640,True,0.024236617609858513,3089411,1921.0,79260.23469622312
binned_pad,480,640,True,0.04830139596015215,3094887,5476.0,113371.46455389424
binned_pad,480,640,True,0.021853076294064522,3097333,2446.0,111929.32139555812
binned_pad,480,640,True,0.017354879528284073,3099539,2206.0,127111.22519777661
binned_pad,480,640,True,0.01623479835689068,3101494,1955.0,120420.34382091492
binned_pad,480,640,True,0.007183858193457127,3102143,649.0,90341.42692169127
binned_pad,480,640,True,0.011622142978012562,3103175,1032.0,88796.01653089254
binned_pad,480,640,True,0.04925829637795687,3108797,5622.0,114133.0580510261
binned_pad,480,640,True,0.03134120535105467,3112815,4018.0,128201.83381571155
binned_pad,480,640,True,0.03940980602055788,3117706,4891.0,124106.1678265719
binned_pad,480,640,True,0.04062945768237114,3122458,4752.0,116959.47401389663
binned_pad,480,640,True,0.0330810584127903,3126704,4246.0,128351.39514031835
binned_pad,480,640,True,0.033491228707134724,3131136,4432.0,132333.1562050406
binned_pad,480,640,True,0.024833559058606625,3133806,2670.0,107515.80124696835
binned_pad,480,640,True,0.04219113849103451,3138392,4586.0,108695.81063745201
binned_pad,480,640,True,0.006043166853487492,3138899,507.0,83896.40933170858
binned_pad,480,640,True,0.0073502399027347565,3139587,688.0,93602.38701107161
binned_pad,480,640,True,0.008148490451276302,3140371,784.0,96214.13986896207
binned_pad,480,640,True,0.009307791478931904,3141271,900.0,96693.1846332335
binned_pad,480,640,True,0.005829927511513233,3141705,434.0,74443.46420138415
binned_pad,480,640,True,0.016264508478343487,3143687,1982.0,121860.43019000987
binned_pad,480,640,True,0.014107746072113514,3145314,1627.0,115326.71425211267
binned_pad,480,640,True,0.027903041802346706,3148738,3424.0,122710.63578853378
binned_pad,480,640,True,0.015676419250667095,3150563,1825.0,116416.89156293386
binned_pad,480,640,True,0.04822242632508278,3155795,5232.0,108497.23663279439
binned_pad,480,640,True,0.028687273152172565,3159006,3211.0,111931.1683256595
binned_pad,480,640,True,0.014992328360676765,3160493,1487.0,99184.06028914348
binned_pad,480,640,True,0.0400614058598876,3165470,4977.0,124234.28217688524
binned_pad,480,640,True,0.014517117291688919,3166721,1251.0,86174.13325689669
binned_pad,480,640,True,0.02946191467344761,3170083,3362.0,114113.42532432165
binned_pad,480,640,True,0.016231877729296684,3171527,1444.0,88960.74897075802
binned_pad,480,640,True,0.045753974467515945,3176512,4985.0,108952.28355602664
binned_pad,480,640,True,0.0238701980561018,3178861,2349.0,98407.22705690072
binned_pad,480,640,True,0.008498810231685638,3179684,823.0,96837.0839640183
binned_pad,480,640,True,0.0058852676302194595,3180211,527.0,89545.63039648009
binned_pad,480,640,True,0.03965698555111885,3184929,4718.0,118970.21254725424
binned_pad,480,640,True,0.025587650015950203,3187899,2970.0,116071.6204164366
binned_pad,480,640,True,0.005916127003729343,3188269,370.0,62540.915664380336
binned_pad,480,640,True,0.005827616900205612,3188613,344.0,59029.27489757655
binned_pad,480,640,True,0.030706104822456837,3192279,3666.0,119389.93959660034
binned_pad,480,640,True,0.024450558237731457,3195129,2850.0,116561.75586216085
binned_pad,480,640,True,0.042101108469069004,3199482,4353.0,103393.95228033196
binned_pad,480,640,True,0.005898916162550449,3199889,407.0,68995.72544933914
binned_pad,480,640,True,0.029852895066142082,3203636,3747.0,125515.46480494256
binned_pad,480,640,True,0.00879037007689476,3204602,966.0,109892.98420314564
binned_pad,480,640,True,0.032934208400547504,3209056,4454.0,135239.3215537543
binned_pad,480,640,True,0.03873992431908846,3213801,4745.0,122483.46075529062
binned_pad,480,640,True,0.045750683173537254,3218950,5149.0,112544.76748400215
binned_pad,480,640,True,0.009011761285364628,3220027,1077.0,119510.48922579436
binned_pad,480,640,True,0.00875582080334425,3220800,773.0,88284.12748063047
binned_pad,480,640,True,0.005936587229371071,3221200,400.0,67378.77917821423
binned_pad,480,640,True,0.04040850605815649,3226318,5118.0,126656.50129787283
binned_pad,480,640,True,0.006070967763662338,3226832,514.0,84665.24943132415
binned_pad,480,640,True,0.033214978873729706,3231251,4419.0,133042.38478667414
binned_pad,480,640,True,0.03932752553373575,3235242,3991.0,101481.08597822813
binned_pad,480,640,True,0.005864416249096394,3235666,424.0,72300.46128893582
binned_pad,480,640,True,0.005891917273402214,3236098,432.0,73320.78506094622
binned_pad,480,640,True,0.03253871761262417,3239367,3269.0,100464.93039208508
binned_pad,480,640,True,0.005813216790556908,3239690,323.0,55563.040505333796
binned_pad,480,640,True,0.005811496637761593,3240097,407.0,70033.5946777324
binned_pad,480,640,True,0.030629255808889866,3243714,3617.0,118089.71208990975
binned_pad,480,640,True,0.0058775776997208595,3244149,435.0,74010.0807209506
binned_pad,480,640,True,0.02652469091117382,3247121,2972.0,112046.54598813862
binned_pad,480,640,True,0.014883547089993954,3248718,1597.0,107299.69074869563
binned_pad,480,640,True,0.029837205074727535,3252431,3713.0,124441.95060163175
binned_pad,480,640,True,0.0332209188491106,3256883,4452.0,134011.94651541644
binned_pad,480,640,True,0.023858736269176006,3259333,2450.0,102687.75229161013
binned_pad,480,640,True,0.03255606722086668,3263200,3867.0,118779.70314305845
binned_pad,480,640,True,0.005871386267244816,3263630,430.0,73236.53740835896
binned_pad,480,640,True,0.02603624016046524,3266499,2869.0,110192.56168778303
binned_pad,480,640,True,0.028500993736088276,3269894,3395.0,119118.65359632051
binned_pad,480,640,True,0.006031757220625877,3270495,601.0,99639.28885347908
binned_pad,480,640,True,0.0058354465290904045,3270877,382.0,65461.99988221706
binned_pad,480,640,True,0.01650546956807375,3272930,2053.0,124383.01082757943
binned_pad,480,640,True,0.04815433546900749,3278428,5498.0,114174.5586654094
binned_pad,480,640,True,0.024250258691608906,3281048,2620.0,108040.08457470908
binned_pad,480,640,True,0.02108768466860056,3282871,1823.0,86448.56126450129
binned_pad,480,640,True,0.015485498122870922,3284739,1868.0,120628.99011566852
binned_pad,480,640,True,0.02144455537199974,3287250,2511.0,117092.65855325799
binned_pad,480,640,True,0.005812136456370354,3287657,407.0,70025.88515517565
binned_pad,480,640,True,0.01643741875886917,3289805,2148.0,130677.45194731376
binned_pad,480,640,True,0.04092962667346001,3294578,4773.0,116614.7944147987
binned_pad,480,640,True,0.014843466691672802,3296159,1581.0,106511.50656651807
binned_pad,480,640,True,0.005788695998489857,3296513,354.0,61153.66916700252
binned_pad,480,640,True,0.02174401469528675,3298998,2485.0,114284.32305735383
binned_pad,480,640,True,0.0163273885846138,3300706,1708.0,104609.50268615171
binned_pad,480,640,True,0.04758033622056246,3305626,4920.0,103404.06123220622
binned_pad,480,640,True,0.033206078223884106,3309537,3911.0,117779.6418363834
binned_pad,480,640,True,0.04129143804311752,3314432,4895.0,118547.57867450686
binned_pad,480,640,True,0.01591645833104849,3316344,1912.0,120127.2268134068
binned_pad,480,640,True,0.008359920233488083,3317148,804.0,96173.16643517064
binned_pad,480,640,True,0.007843699306249619,3317915,767.0,97785.49254034738
binned_pad,480,640,True,0.00879781972616911,3318848,933.0,106049.00180266165
binned_pad,480,640,True,0.0158856688067317,3320617,1769.0,111358.23247494432
binned_pad,480,640,True,0.005913957022130489,3321089,472.0,79811.1988696805
binned_pad,480,640,True,0.05488438345491886,3325764,4675.0,85179.05651322418
binned_pad,480,640,True,0.02393005695194006,3328293,2529.0,105682.9912724035
binned_pad,480,640,True,0.025485258549451828,3330754,2461.0,96565.62813458036
binned_pad,480,640,True,0.04836966656148434,3336556,5802.0,119951.20935193711
binned_pad,480,640,True,0.033861259929835796,3340808,4252.0,125571.22826529802
binned_pad,480,640,True,0.023900438100099564,3343116,2308.0,96567.26752596161
binned_pad,480,640,True,0.005834316834807396,3343469,353.0,60504.08471031439
binned_pad,480,640,True,0.027230951003730297,3347024,3555.0,130549.97600021423
binned_pad,480,640,True,0.023828417994081974,3349292,2268.0,95180.46899140683
binned_pad,480,640,True,0.008369630202651024,3350014,722.0,86264.26526841191
binned_pad,480,640,True,0.042656620033085346,3355117,5103.0,119629.7314705668
binned_pad,480,640,True,0.015993368811905384,3356889,1772.0,110795.91928630647
binned_pad,480,640,True,0.011956273578107357,3358216,1327.0,110987.75812806888
binned_pad,480,640,True,0.016690939664840698,3359782,1566.0,93823.35754881217
binned_pad,480,640,True,0.02944138366729021,3363670,3888.0,132059.01067481493
binned_pad,480,640,True,0.009180910885334015,3364769,1099.0,119704.89788280052
binned_pad,480,640,True,0.00585347693413496,3365110,341.0,58255.97398555287
binned_pad,480,640,True,0.005846865475177765,3365518,408.0,69780.97952349338
binned_pad,480,640,True,0.006017226725816727,3366004,486.0,80768.1050000712
binned_pad,480,640,True,0.0070064477622509,3366642,638.0,91058.98190483837
binned_pad,480,640,True,0.005797947756946087,3367020,378.0,65195.48223716685
binned_pad,480,640,True,0.008346470072865486,3367775,755.0,90457.4021602878
binned_pad,480,640,True,0.03163227625191212,3371507,3732.0,117980.76022981138
binned_pad,480,640,True,0.033459858037531376,3374729,3222.0,96294.49104015729
binned_pad,480,640,True,0.055459325201809406,3380485,5756.0,103787.77561852134
binned_pad,480,640,True,0.006049826741218567,3381058,573.0,94713.45618809991
binned_pad,480,640,True,0.006056477315723896,3381550,492.0,81235.34099973658
binned_pad,480,640,True,0.012114303186535835,3382810,1260.0,104009.28395125509
binned_pad,480,640,True,0.023587477393448353,3385381,2571.0,108998.5146404049
binned_pad,480,640,True,0.008386540226638317,3386274,893.0,106480.14268906123
binned_pad,480,640,True,0.0122996736317873,3387669,1395.0,113417.64357021305
binned_pad,480,640,True,0.039943696931004524,3392468,4799.0,120144.1120557619
binned_pad,480,640,True,0.023916248232126236,3395369,2901.0,121298.28942413896
binned_pad,480,640,True,0.005816476419568062,3395755,386.0,66363.20207564166
binned_pad,480,640,True,0.014337967149913311,3397182,1427.0,99525.96383292926
binned_pad,480,640,True,0.04188494756817818,3402266,5084.0,121380.12090678937
binned_pad,480,640,True,0.026126050390303135,3405416,3150.0,120569.31503007222
binned_pad,480,640,True,0.028594923205673695,3407977,2561.0,89561.35260722981
binned_pad,480,640,True,0.005896757356822491,3408381,404.0,68512.23063003871
binned_pad,480,640,True,0.0397892352193594,3413065,4684.0,117720.28223656348
binned_pad,480,640,True,0.0433858297765255,3417712,4647.0,107108.70401548303
binned_pad,480,640,True,0.00849132053554058,3418579,867.0,102104.26003483855
binned_pad,480,640,True,0.042966810055077076,3423702,5123.0,119231.56486211273
binned_pad,480,640,True,0.009982211515307426,3424898,1196.0,119813.12940183339
binned_pad,480,640,True,0.008832200430333614,3425964,1066.0,120694.72476404552
binned_pad,480,640,True,0.05515709426254034,3431320,5356.0,97104.46265545029
binned_pad,480,640,True,0.006075117737054825,3431926,606.0,99751.15318403435
binned_pad,480,640,True,0.009621561504900455,3432811,885.0,91980.91178331622
binned_pad,480,640,True,0.03868586476892233,3437521,4710.0,121749.89568240706
binned_pad,480,640,True,0.014996127225458622,3439277,1756.0,117096.89932603894
binned_pad,480,640,True,0.005778775550425053,3439639,362.0,62643.028240363725
binned_pad,480,640,True,0.009315471164882183,3440783,1144.0,122806.45602905139
binned_pad,480,640,True,0.014556155540049076,3442120,1337.0,91851.17569824294
binned_pad,480,640,True,0.012409314513206482,3443544,1424.0,114752.51098556032
binned_pad,480,640,True,0.005833267234265804,3443948,404.0,69257.92763733186
binned_pad,480,640,True,0.012867324985563755,3445369,1421.0,110434.76414827972
binned_pad,480,640,True,0.03243132680654526,3449314,3945.0,121641.64677973717
binned_pad,480,640,True,0.012313924729824066,3450634,1320.0,107195.71777168557
binned_pad,480,640,True,0.00869480986148119,3451582,948.0,109030.56134668655
binned_pad,480,640,True,0.03288488741964102,3455491,3909.0,118869.19210388685
binned_pad,480,640,True,0.040175676345825195,3460248,4757.0,118404.97616151065
binned_pad,480,640,True,0.0057748472318053246,3460625,377.0,65283.11223951509
binned_pad,480,640,True,0.030895096249878407,3464204,3579.0,115843.62680255725
binned_pad,480,640,True,0.03295398782938719,3468068,3864.0,117254.39785937601
binned_pad,480,640,True,0.043463870882987976,3473260,5192.0,119455.53616192479
binned_pad,480,640,True,0.006063347682356834,3473858,598.0,98625.38507235268
binned_pad,480,640,True,0.024640758521854877,3476597,2739.0,111157.29240115198
binned_pad,480,640,True,0.03088646475225687,3480004,3407.0,110307.21797809673
binned_pad,480,640,True,0.01737153995782137,3482263,2259.0,130040.28459681301
binned_pad,480,640,True,0.013021165505051613,3483656,1393.0,106979.67086430013
binned_pad,480,640,True,0.047900786623358727,3489426,5770.0,120457.31201387559
binned_pad,480,640,True,0.005847346968948841,3489789,363.0,62079.43567016604
binned_pad,480,640,True,0.04835950583219528,3494959,5170.0,106907.62676400384
binned_pad,480,640,True,0.03911707457154989,3498966,4007.0,102436.08561961117
binned_pad,480,640,True,0.025589450262486935,3501843,2877.0,112429.14445167124
binned_pad,480,640,True,0.029417304322123528,3505747,3904.0,132711.0042868192
binned_pad,480,640,True,0.005879086442291737,3506153,406.0,69058.3484330835
binned_pad,480,640,True,0.02175709418952465,3508298,2145.0,98588.53306949185
binned_pad,480,640,True,0.013053425587713718,3509785,1487.0,113916.45740866747
binned_pad,480,640,True,0.005780916661024094,3510141,356.0,61581.92910826954
binned_pad,480,640,True,0.023912398144602776,3512655,2514.0,105133.74630170377
binned_pad,480,640,True,0.024702968075871468,3515359,2704.0,109460.53088418642
binned_pad,480,640,True,0.011776193976402283,3516296,937.0,79567.30348341804
binned_pad,480,640,True,0.005885596387088299,3516734,438.0,74418.96643828235
binned_pad,480,640,True,0.005784587003290653,3517092,358.0,61888.601519234835
binned_pad,480,640,True,0.03268156759440899,3521784,4692.0,143567.16477708632
binned_pad,480,640,True,0.040036425925791264,3526555,4771.0,119166.48126491596
binned_pad,480,640,True,0.03355083893984556,3530329,3774.0,112486.00986599867
binned_pad,480,640,True,0.05554247461259365,3535960,5631.0,101381.87106851074
binned_pad,480,640,True,0.008266898803412914,3536596,636.0,76933.32350184729
binned_pad,480,640,True,0.01656085904687643,3538526,1930.0,116539.84823716136
binned_pad,480,640,True,0.021498405374586582,3541099,2573.0,119683.29534996868
binned_pad,480,640,True,0.00856104027479887,3542149,1050.0,122648.64622712784
binned_pad,480,640,True,0.005747255869209766,3542524,375.0,65248.530522021385
binned_pad,480,640,True,0.0057638464495539665,3542907,383.0,66448.68203066693
binned_pad,480,640,True,0.02502868790179491,3546091,3184.0,127214.01986764405
binned_pad,480,640,True,0.005894296802580357,3546567,476.0,80756.02840217015
binned_pad,480,640,True,0.008383000269532204,3547364,797.0,95073.35970114134
binned_pad,480,640,True,0.013999175280332565,3548625,1261.0,90076.73486105844
binned_pad,480,640,True,0.014193396084010601,3550260,1635.0,115194.41790551378
binned_pad,480,640,True,0.020685783587396145,3552830,2570.0,124239.91526073501
binned_pad,480,640,True,0.04122288804501295,3557889,5059.0,122723.08515783444
binned_pad,480,640,True,0.01576859876513481,3559316,1427.0,90496.30986585637
binned_pad,480,640,True,0.016624199226498604,3561255,1939.0,116637.19699107534
binned_pad,480,640,True,0.0084697799757123,3561983,728.0,85952.64600586935
binned_pad,480,640,True,0.032371907494962215,3565860,3877.0,119764.33580885979
binned_pad,480,640,True,0.04731930512934923,3571387,5527.0,116802.22236763034
binned_pad,480,640,True,0.016004598699510098,3573176,1789.0,111780.37222856212
binned_pad,480,640,True,0.01321872603148222,3574403,1227.0,92822.86334384495
binned_pad,480,640,True,0.00609193742275238,3574915,512.0,84045.51203821703
binned_pad,480,640,True,0.03082587569952011,3578774,3859.0,125187.03564551374
binned_pad,480,640,True,0.04428635071963072,3584379,5605.0,126562.69728531693
binned_pad,480,640,True,0.00583585724234581,3584802,423.0,72482.92451889534
binned_pad,480,640,True,0.031250097788870335,3588431,3629.0,116127.63660830725
binned_pad,480,640,True,0.013069105334579945,3589684,1253.0,95874.96373486631
binned_pad,480,640,True,0.012094054371118546,3590701,1017.0,84090.90688633481
binned_pad,480,640,True,0.008244848810136318,3591489,788.0,95574.82716132079
binned_pad,480,640,True,0.012758775614202023,3592732,1243.0,97423.14134096021
binned_pad,480,640,True,0.016215428709983826,3594482,1750.0,107921.90766578539
binned_pad,480,640,True,0.016064479015767574,3596227,1745.0,108624.74894375667
binned_pad,480,640,True,0.005781066603958607,3596541,314.0,54315.236531782444
binned_pad,480,640,True,0.00856126006692648,3597559,1018.0,118907.72994184551
binned_pad,480,640,True,0.03152708616107702,3600310,2751.0,87258.30182798031
binned_pad,480,640,True,0.015636637806892395,3601898,1588.0,101556.35882926402
binned_pad,480,640,True,0.025479799136519432,3605066,3168.0,124333.79019300826
binned_pad,480,640,True,0.0060211969539523125,3605563,497.0,82541.72779944846
binned_pad,480,640,True,0.03249931801110506,3609669,4106.0,126341.11271494911
binned_pad,480,640,True,0.007536228746175766,3610349,680.0,90230.80680042571
binned_pad,480,640,True,0.03322405833750963,3614744,4395.0,132283.6588881765
binned_pad,480,640,True,0.014785056933760643,3616390,1646.0,111328.62101068236
binned_pad,480,640,True,0.007369138300418854,3617032,642.0,87120.09109172363
binned_pad,480,640,True,0.008490788750350475,3617722,690.0,81264.5350494109
binned_pad,480,640,True,0.016238088719546795,3619583,1861.0,114607.08413052325
binned_pad,480,640,True,0.005955667234957218,3620132,549.0,92181.10722802056
binned_pad,480,640,True,0.011975204572081566,3621545,1413.0,117993.8089153151
binned_pad,480,640,True,0.011489863507449627,3622751,1206.0,104962.08237966201
binned_pad,480,640,True,0.005801716819405556,3623178,427.0,73598.90413330281
binned_pad,480,640,True,0.01232631504535675,3624276,1098.0,89077.71673527118
binned_pad,480,640,True,0.02812306210398674,3627561,3285.0,116808.04842138142
binned_pad,480,640,True,0.0397607060149312,3632448,4887.0,122910.29234150927
binned_pad,480,640,True,0.02639750111848116,3635360,2912.0,110313.4719809247
binned_pad,480,640,True,0.007322508841753006,3636008,648.0,88494.25982323143
binned_pad,480,640,True,0.008972451090812683,3636801,793.0,88381.64643906393
binned_pad,480,640,True,0.028618003241717815,3640257,3456.0,120763.14237612586
binned_pad,480,640,True,0.021351775154471397,3642624,2367.0,110857.29326370847
binned_pad,480,640,True,0.015980367548763752,3643996,1372.0,85855.34693200086
binned_pad,480,640,True,0.01620969921350479,3645629,1633.0,100742.1531079058
binned_pad,480,640,True,0.006185427308082581,3646125,496.0,80188.47773893813
binned_pad,480,640,True,0.028060452081263065,3649310,3185.0,113504.94249972311
binned_pad,480,640,True,0.04805694613605738,3655397,6087.0,126662.23073698168
binned_pad,480,640,True,0.04556020349264145,3661070,5673.0,124516.56413071687
binned_pad,480,640,True,0.015779168345034122,3662760,1690.0,107103.23656137819
binned_pad,480,640,True,0.04234462883323431,3667960,5200.0,122801.87932403754
binned_pad,480,640,True,0.01662589982151985,3670013,2053.0,123482.03838824319
binned_pad,480,640,True,0.01691685989499092,3672278,2265.0,133890.09627434853
binned_pad,480,640,True,0.012287884950637817,3673032,754.0,61361.2515928433
binned_pad,480,640,True,0.0456619830802083,3677359,4327.0,94761.54358866406
binned_pad,480,640,True,0.0256967106834054,3680273,2914.0,113399.72792244663
binned_pad,480,640,True,0.04008823726326227,3684511,4238.0,105716.79598104442
binned_pad,480,640,True,0.03243386745452881,3688630,4119.0,126996.88083065332
binned_pad,480,640,True,0.008198949508368969,3689295,665.0,81107.95161272917
binned_pad,480,640,True,0.025335379876196384,3692087,2792.0,110201.6237231634
binned_pad,480,640,True,0.012710684910416603,3693629,1542.0,121315.2564844328
binned_pad,480,640,True,0.006041047163307667,3694221,592.0,97996.25528430092
binned_pad,480,640,True,0.008144209161400795,3694981,760.0,93317.8390852232
binned_pad,480,640,True,0.03287785779684782,3698993,4012.0,122027.41507035328
binned_pad,480,640,True,0.033262038603425026,3702845,3852.0,115807.69434869682
binned_pad,480,640,True,0.0451231524348259,3708301,5456.0,120913.53785355382
binned_pad,480,640,True,0.005765286274254322,3708654,353.0,61228.52937526624
binned_pad,480,640,True,0.02562412992119789,3711267,2613.0,101974.19416915937
binned_pad,480,640,True,0.011728384532034397,3712522,1255.0,107005.35922676715
binned_pad,480,640,True,0.0236274478957057,3714759,2237.0,94678.02065946258
binned_pad,480,640,True,0.007154257968068123,3715424,665.0,92951.6384463798
binned_pad,480,640,True,0.008785350248217583,3716260,836.0,95158.41444905534
binned_pad,480,640,True,0.0059174466878175735,3716719,459.0,77567.23874588632
binned_pad,480,640,True,0.023785438388586044,3719200,2481.0,104307.51619825352
binned_pad,480,640,True,0.029105862602591515,3723048,3848.0,132207.0420155623
binned_pad,480,640,True,0.049876097589731216,3728625,5577.0,111817.08813458224
binned_pad,480,640,True,0.0060819173231720924,3729112,487.0,80073.43311697629
binned_pad,480,640,True,0.046317894011735916,3735203,6091.0,131504.25186552474
binned_pad,480,640,True,0.033782629296183586,3739524,4321.0,127905.97090937922
binned_pad,480,640,True,0.025858920067548752,3742078,2554.0,98766.6922411467
binned_pad,480,640,True,0.016369408927857876,3743989,1911.0,116742.1504601679
binned_pad,480,640,True,0.0331678194925189,3748311,4322.0,130307.0285031803
binned_pad,480,640,True,0.011917723342776299,3749238,927.0,77783.31257889817
binned_pad,480,640,True,0.028793872334063053,3752829,3591.0,124714.03492860039
binned_pad,480,640,True,0.033340899273753166,3757154,4325.0,129720.55626000327
binned_pad,480,640,True,0.009050779975950718,3758091,937.0,103526.9891091983
binned_pad,480,640,True,0.005832577124238014,3758446,355.0,60865.03314714047
binned_pad,480,640,True,0.0091695012524724,3759566,1120.0,122144.04787806873
binned_pad,480,640,True,0.012585274875164032,3760628,1062.0,84384.33093708318
binned_pad,480,640,True,0.03306116722524166,3764692,4064.0,122923.66970326452
binned_pad,480,640,True,0.046979695558547974,3770177,5485.0,116752.56586463771
binned_pad,480,640,True,0.005814326927065849,3770545,368.0,63291.93466692594
binned_pad,480,640,True,0.025796139612793922,3773628,3083.0,119514.00660240445
binned_pad,480,640,True,0.0058841463178396225,3774044,416.0,70698.4458796965
binned_pad,480,640,True,0.03891412541270256,3777816,3772.0,96931.38314162711
binned_pad,480,640,True,0.007384308613836765,3778457,641.0,86805.68940454222
binned_pad,480,640,True,0.015021157450973988,3780180,1723.0,114704.8758142322
binned_pad,480,640,True,0.03254675678908825,3784730,4550.0,139798.87549119644
binned_pad,480,640,True,0.02399589866399765,3787387,2657.0,110727.25540329279
binned_pad,480,640,True,0.029766734689474106,3790651,3264.0,109652.60496490372
binned_pad,480,640,True,0.042306109331548214,3795316,4665.0,110267.76212014488
binned_pad,480,640,True,0.0076467981562018394,3796049,733.0,95857.11366076919
binned_pad,480,640,True,0.04004065692424774,3800831,4782.0,119428.61000125414
binned_pad,480,640,True,0.032994238659739494,3804936,4105.0,124415.66063498952
binned_pad,480,640,True,0.02925893384963274,3808245,3309.0,113093.6628451872
binned_pad,480,640,True,0.016330208629369736,3809930,1685.0,103183.00508234429
binned_pad,480,640,True,0.03255348838865757,3814234,4304.0,132213.17324319747
binned_pad,480,640,True,0.008110369555652142,3814969,735.0,90624.72368941268
binned_pad,480,640,True,0.03296896908432245,3818881,3912.0,118657.03140412271
binned_pad,480,640,True,0.005791366100311279,3819263,382.0,65960.25762893283
binned_pad,480,640,True,0.016950278542935848,3821508,2245.0,132446.20106467928
binned_pad,480,640,True,0.008572169579565525,3822407,899.0,104874.26685340554
binned_pad,480,640,True,0.03233023826032877,3826390,3983.0,123197.35994297916
binned_pad,480,640,True,0.022135394625365734,3829044,2654.0,119898.47232986247
binned_pad,480,640,True,0.008368299342691898,3829984,940.0,112328.67772839764
binned_pad,480,640,True,0.008361400105059147,3830825,841.0,100581.2411118976
binned_pad,480,640,True,0.03295892849564552,3835350,4525.0,137292.0846197362
binned_pad,480,640,True,0.008924169465899467,3836217,867.0,97151.89781109957
binned_pad,480,640,True,0.01731857005506754,3838251,2034.0,117446.18600337832
binned_pad,480,640,True,0.007450047880411148,3838962,711.0,95435.62825542026
binned_pad,480,640,True,0.00575607642531395,3839286,324.0,56288.34227688843
binned_pad,480,640,True,0.005995357409119606,3839883,597.0,99577.0492501242
binned_pad,480,640,True,0.006027546711266041,3840407,524.0,86934.20807848667
binned_pad,480,640,True,0.02827123273164034,3843368,2961.0,104735.44001801292
binned_pad,480,640,True,0.008592779748141766,3844401,1033.0,120217.20913111868
binned_pad,480,640,True,0.005955166183412075,3844897,496.0,83289.02749709859
binned_pad,480,640,True,0.008810529485344887,3845714,817.0,92729.95469329828
binned_pad,480,640,True,0.015091988258063793,3847559,1845.0,122250.29389445747
binned_pad,480,640,True,0.021126534789800644,3850064,2505.0,118571.2671256126
binned_pad,480,640,True,0.037964303977787495,3854566,4502.0,118585.07935860148
binned_pad,480,640,True,0.03278298769146204,3858302,3736.0,113961.54722569716
binned_pad,480,640,True,0.039088995195925236,3861823,3521.0,90076.50317824083
binned_pad,480,640,True,0.005895196460187435,3862292,469.0,79556.29692196693
binned_pad,480,640,True,0.041956198401749134,3866630,4338.0,103393.54291496417
binned_pad,480,640,True,0.012209414504468441,3867624,994.0,81412.58531571785
binned_pad,480,640,True,0.04042849689722061,3872934,5310.0,131342.99831871942
binned_pad,480,640,True,0.005850456655025482,3873315,381.0,65123.121572522876
binned_pad,480,640,True,0.014615346677601337,3875000,1685.0,115289.77294683928
binned_pad,480,640,True,0.029054473154246807,3878318,3318.0,114199.28292573488
binned_pad,480,640,True,0.03880844544619322,3882876,4558.0,117448.66220729028
binned_pad,480,640,True,0.026144590228796005,3886200,3324.0,127139.11256252551
binned_pad,480,640,True,0.01433151587843895,3887361,1161.0,81010.27203595864
binned_pad,480,640,True,0.04307764954864979,3891615,4254.0,98751.9060248573
binned_pad,480,640,True,0.04249664954841137,3896239,4624.0,108808.57783229306
binned_pad,480,640,True,0.06527962628751993,3903504,7265.0,111290.46554282913
binned_pad,480,640,True,0.01636388897895813,3904996,1492.0,91176.37023317143
binned_pad,480,640,True,0.007893268950283527,3905755,759.0,96157.87891944777
binned_pad,480,640,True,0.015292107127606869,3907037,1282.0,83834.09750547739
binned_pad,480,640,True,0.02707578055560589,3910529,3492.0,128971.35108730968
binned_pad,480,640,True,0.047595735639333725,3915151,4622.0,97109.54012821939
binned_pad,480,640,True,0.0058765169233083725,3915494,343.0,58367.90814632713
binned_pad,480,640,True,0.00585042592138052,3915933,439.0,75037.27179856498
binned_pad,480,640,True,0.025515510700643063,3918941,3008.0,117889.07677729492
binned_pad,480,640,True,0.031573896296322346,3922479,3538.0,112054.58986739302
binned_pad,480,640,True,0.03903245460242033,3927121,4642.0,118926.67389952355
binned_pad,480,640,True,0.014849777333438396,3928526,1405.0,94614.21329438068
binned_pad,480,640,True,0.025813589803874493,3931493,2967.0,114939.45718292416
binned_pad,480,640,True,0.005944667384028435,3931964,471.0,79230.67340410632
binned_pad,480,640,True,0.04640105366706848,3936781,4817.0,103812.297767253
binned_pad,480,640,True,0.03277268726378679,3940725,3944.0,120344.1136289744
binned_pad,480,640,True,0.033393729478120804,3945035,4310.0,129066.14706883409
binned_pad,480,640,True,0.013002605177462101,3946310,1275.0,98057.27256950052
binned_pad,480,640,True,0.005892367102205753,3946767,457.0,77557.96474882332
binned_pad,480,640,True,0.025527840480208397,3950082,3315.0,129858.2229299851
binned_pad,480,640,True,0.014434386976063251,3951537,1455.0,100800.95555237969
binned_pad,480,640,True,0.023807617835700512,3954271,2734.0,114837.1928207052
binned_pad,480,640,True,0.005816467106342316,3954634,363.0,62409.0179422114
binned_pad,480,640,True,0.029214213602244854,3958155,3521.0,120523.52488206091
binned_pad,480,640,True,0.008718949742615223,3959172,1017.0,116642.48906370619
binned_pad,480,640,True,0.008449840359389782,3960114,942.0,111481.39608971594
binned_pad,480,640,True,0.03971568588167429,3964891,4777.0,120279.93207097589
binned_pad,480,640,True,0.021572564728558064,3966684,1793.0,83114.82767862096
binned_pad,480,640,True,0.02427584771066904,3969429,2745.0,113075.35097089913
binned_pad,480,640,True,0.015160366892814636,3970983,1554.0,102504.11556573406
binned_pad,480,640,True,0.03743393253535032,3975155,4172.0,111449.68528380548
binned_pad,480,640,True,0.012611945159733295,3976539,1384.0,109737.23580869641
binned_pad,480,640,True,0.03208303637802601,3980787,4248.0,132406.4203258984
binned_pad,480,640,True,0.02984458487480879,3984531,3744.0,125449.89369780898
binned_pad,480,640,True,0.04279982019215822,3988848,4317.0,100864.90972667592
binned_pad,480,640,True,0.006079306825995445,3989391,543.0,89319.39373056524
binned_pad,480,640,True,0.03139922674745321,3992834,3443.0,109652.38181476113
binned_pad,480,640,True,0.032803197391331196,3996658,3824.0,116574.00205171942
binned_pad,480,640,True,0.02590993046760559,3999524,2866.0,110613.95952348363
binned_pad,480,640,True,0.00848218984901905,4000427,903.0,106458.35757901956
binned_pad,480,640,True,0.0059468066319823265,4000890,463.0,77856.9118945208
binned_pad,480,640,True,0.0313429469242692,4004772,3882.0,123855.61604592207
binned_pad,480,640,True,0.00865860003978014,4005672,900.0,103942.90022233812
binned_pad,480,640,True,0.0058616166934370995,4006070,398.0,67899.35623829118
binned_pad,480,640,True,0.016611458733677864,4007976,1906.0,114740.07373812387
binned_pad,480,640,True,0.025590719655156136,4011076,3100.0,121137.66403499315
binned_pad,480,640,True,0.0245308680459857,4013880,2804.0,114304.96445309666
binned_pad,480,640,True,0.005714596249163151,4014149,269.0,47072.441913878436
binned_pad,480,640,True,0.016395709477365017,4016127,1978.0,120641.31794544873
binned_pad,480,640,True,0.02346674632281065,4018345,2218.0,94516.72462338812
binned_pad,480,640,True,0.00861979927867651,4019427,1082.0,125524.96467947117
binned_pad,480,640,True,0.042823949828743935,4024903,5476.0,127872.37099564423
binned_pad,480,640,True,0.016398929059505463,4026714,1811.0,110434.04074915937
binned_pad,480,640,True,0.045381623320281506,4031607,4893.0,107818.97257106863
binned_pad,480,640,True,0.038718084804713726,4035970,4363.0,112686.3588941989
binned_pad,480,640,True,0.04025368671864271,4040758,4788.0,118945.62685565223
binned_pad,480,640,True,0.009216059930622578,4041844,1086.0,117837.77538072463
binned_pad,480,640,True,0.03286563791334629,4045710,3866.0,117630.45677656145
binned_pad,480,640,True,0.055610145442187786,4051077,5367.0,96511.16639461993
binned_pad,480,640,True,0.007511558011174202,4051665,588.0,78279.3661614928
binned_pad,480,640,True,0.016823669895529747,4053712,2047.0,121673.8091457627
binned_pad,480,640,True,0.00595149677246809,4054185,473.0,79475.80551301326
binned_pad,480,640,True,0.0058953966945409775,4054660,475.0,80571.3380475042
binned_pad,480,640,True,0.005808627232909203,4055024,364.0,62665.40877984584
binned_pad,480,640,True,0.00582678709179163,4055438,414.0,71051.16309865075
binned_pad,480,640,True,0.005960906855762005,4055925,487.0,81698.97832395251
binned_pad,480,640,True,0.015232488512992859,4057827,1902.0,124864.69288177376
binned_pad,480,640,True,0.024810608476400375,4060827,3000.0,120916.01876082856
binned_pad,480,640,True,0.029525933787226677,4064661,3834.0,129851.9473635967
binned_pad,480,640,True,0.04545683320611715,4068816,4155.0,91405.39951737903
binned_pad,480,640,True,0.007717839442193508,4069568,752.0,97436.59551775698
binned_pad,480,640,True,0.042428028769791126,4074412,4844.0,114169.81039309895
binned_pad,480,640,True,0.005897596478462219,4074815,403.0,68332.92197452631
binned_pad,480,640,True,0.014690927229821682,4076325,1510.0,102784.5265569618
binned_pad,480,640,True,0.032276648096740246,4080171,3846.0,119157.35452060227
binned_pad,480,640,True,0.03877147473394871,4084297,4126.0,106418.44367057907
binned_pad,480,640,True,0.014849808067083359,4085549,1252.0,84310.85400862723
binned_pad,480,640,True,0.005887317471206188,4085940,391.0,66413.94861281232
binned_pad,480,640,True,0.008372719399631023,4086613,673.0,80380.09729905178
binned_pad,480,640,True,0.012871905229985714,4087659,1046.0,81262.25149353131
binned_pad,480,640,True,0.008661599829792976,4088737,1078.0,124457.37752649855
binned_pad,480,640,True,0.02919763419777155,4092450,3713.0,127167.83746415273
binned_pad,480,640,True,0.03788252454251051,4096942,4492.0,118577.10261519733
binned_pad,480,640,True,0.05539080500602722,4103606,6664.0,120308.77686783705
binned_pad,480,640,True,0.026109009981155396,4106685,3079.0,117928.63851300062
binned_pad,480,640,True,0.01698704995214939,4109052,2367.0,139341.43990084052
binned_pad,480,640,True,0.025673389434814453,4112439,3387.0,131926.48398060957
binned_pad,480,640,True,0.012042134068906307,4113775,1336.0,110943.79055699539
binned_pad,480,640,True,0.015178467147052288,4115599,1824.0,120170.23737171163
binned_pad,480,640,True,0.008019199594855309,4116440,841.0,104873.30936862338
binned_pad,480,640,True,0.014001686125993729,4117876,1436.0,102559.07660536021
binned_pad,480,640,True,0.03215345833450556,4121829,3953.0,122941.67423221872
binned_pad,480,640,True,0.033317998982965946,4125594,3765.0,113001.98436061187
binned_pad,480,640,True,0.02847795281559229,4127570,1976.0,69387.01011254214
binned_pad,480,640,True,0.013049114495515823,4128238,668.0,51191.21303055088
binned_pad,480,640,True,0.01467850711196661,4129797,1559.0,106209.71111762652
binned_pad,480,640,True,0.005801195278763771,4130122,325.0,56022.937409074286
binned_pad,480,640,True,0.006054086610674858,4130686,564.0,93160.21330212355
binned_pad,480,640,True,0.008311289362609386,4131449,763.0,91802.84390440847
binned_pad,480,640,True,0.026829371228814125,4134460,3011.0,112227.7512328077
binned_pad,480,640,True,0.005769666284322739,4134814,354.0,61355.368327260825
binned_pad,480,640,True,0.021187644451856613,4137313,2499.0,117946.09852352038
binned_pad,480,640,True,0.04207359906286001,4142371,5058.0,120217.90654141808
binned_pad,480,640,True,0.005783166736364365,4142685,314.0,54295.51218462684
binned_pad,480,640,True,0.005461515858769417,4142805,120.0,21971.92191748726
binned_pad,480,640,True,0.008562040515244007,4143708,903.0,105465.51355278955
binned_pad,480,640,True,0.029128383845090866,4147171,3463.0,118887.47478805401
binned_pad,480,640,True,0.023755867034196854,4149388,2217.0,93324.31423397858
binned_pad,480,640,True,0.015543049201369286,4151293,1905.0,122562.82376254567
binned_pad,480,640,True,0.005830547772347927,4151623,330.0,56598.45573430761
binned_pad,480,640,True,0.031056196428835392,4155516,3893.0,125353.40600774232
binned_pad,480,640,True,0.04662072379142046,4160996,5480.0,117544.29263083376
binned_pad,480,640,True,0.046499273739755154,4166274,5278.0,113507.14915548253
binned_pad,480,640,True,0.046320414170622826,4171114,4840.0,104489.56656932502
binned_pad,480,640,True,0.005813797004520893,4171448,334.0,57449.54626731493
binned_pad,480,640,True,0.0428872499614954,4175974,4526.0,105532.53015904466
binned_pad,480,640,True,0.005816236138343811,4176283,309.0,53127.14144511825
binned_pad,480,640,True,0.005994606763124466,4176767,484.0,80739.24097528843
binned_pad,480,640,True,0.0087346900254488,4177835,1068.0,122271.08196036125
binned_pad,480,640,True,0.012788535095751286,4178999,1164.0,91019.02534456147
binned_pad,480,640,True,0.042333018966019154,4182735,3736.0,88252.62386788192
binned_pad,480,640,True,0.039057984948158264,4187174,4439.0,113651.5364500215
binned_pad,480,640,True,0.012088583782315254,4188402,1228.0,101583.44617642286
binned_pad,480,640,True,0.032681248150765896,4192483,4081.0,124872.83169765842
binned_pad,480,640,True,0.025993489660322666,4195780,3297.0,126839.4526123459
binned_pad,480,640,True,0.005763845518231392,4196095,315.0,54651.013633803326
binned_pad,480,640,True,0.021155035123229027,4198822,2727.0,128905.48203371456
binned_pad,480,640,True,0.021162004210054874,4201370,2548.0,120404.47467586024
binned_pad,480,640,True,0.03332577832043171,4205190,3820.0,114625.98002273799
binned_pad,480,640,True,0.005834996700286865,4205557,367.0,62896.35090658358
binned_pad,480,640,True,0.0058365873992443085,4205926,369.0,63221.875174485736
binned_pad,480,640,True,0.009168361313641071,4206728,802.0,87474.7375855215
binned_pad,480,640,True,0.02948472462594509,4210540,3812.0,129287.28514037501
binned_pad,480,640,True,0.04619509447365999,4215849,5309.0,114925.6227417641
binned_pad,480,640,True,0.033110858872532845,4219839,3990.0,120504.27369946327
binned_pad,480,640,True,0.02971776481717825,4222198,2359.0,79380.12883917798
binned_pad,480,640,True,0.04264829866588116,4227049,4851.0,113744.27941438196
binned_pad,480,640,True,0.043017289601266384,4232291,5242.0,121857.97963072227
binned_pad,480,640,True,0.04044114612042904,4237251,4960.0,122647.36477125785
binned_pad,480,640,True,0.008910919539630413,4237951,700.0,78555.30474569104
binned_pad,480,640,True,0.010311651974916458,4239027,1076.0,104347.97475878906
binned_pad,480,640,True,0.01702624000608921,4241013,1986.0,116643.48671754499
binned_pad,480,640,True,0.03241905756294727,4245104,4091.0,126191.20688677047
binned_pad,480,640,True,0.0329346377402544,4248988,3884.0,117930.55173801945
binned_pad,480,640,True,0.006894787773489952,4249444,456.0,66136.9160271028
binned_pad,480,640,True,0.017568320035934448,4251668,2224.0,126591.50080662261
binned_pad,480,640,True,0.05485122371464968,4257610,5942.0,108329.39718741424
binned_pad,480,640,True,0.005946937017142773,4257997,387.0,65075.51683907618
binned_pad,480,640,True,0.0434193005785346,4262840,4843.0,111540.25826003875
binned_pad,480,640,True,0.012623155489563942,4263958,1118.0,88567.39512749364
binned_pad,480,640,True,0.042210448533296585,4268937,4979.0,117956.5764640584
binned_pad,480,640,True,0.03845310490578413,4273340,4403.0,114503.10737684277
binned_pad,480,640,True,0.038170323707163334,4276063,2723.0,71338.14271239677
binned_pad,480,640,True,0.005948856472969055,4276521,458.0,76989.58649970818
binned_pad,480,640,True,0.025636780075728893,4279242,2721.0,106136.57378041996
binned_pad,480,640,True,0.04545607231557369,4284309,5067.0,111470.25560903986
binned_pad,480,640,True,0.026175611652433872,4287428,3119.0,119156.71891128426
binned_pad,480,640,True,0.016956700012087822,4289597,2169.0,127914.03978685699
binned_pad,480,640,True,0.033030358143150806,4293906,4309.0,130455.74563028214
binned_pad,480,640,True,0.009375281631946564,4294754,848.0,90450.6161298039
binned_pad,480,640,True,0.033525269478559494,4298967,4213.0,125666.40225500205
binned_pad,480,640,True,0.025528389029204845,4302100,3133.0,122726.11469590983
binned_pad,480,640,True,0.007908838801085949,4302853,753.0,95209.93143729353
binned_pad,480,640,True,0.005872596986591816,4303261,408.0,69475.22551462949
binned_pad,480,640,True,0.016084108501672745,4305017,1756.0,109176.08519100554
binned_pad,480,640,True,0.026210331358015537,4307921,2904.0,110796.00483997355
binned_pad,480,640,True,0.014159566722810268,4309567,1646.0,116246.49484142663
binned_pad,480,640,True,0.016361769288778305,4311746,2179.0,133176.30639703886
binned_pad,480,640,True,0.005962187424302101,4312373,627.0,105162.7457138171
binned_pad,480,640,True,0.02355916704982519,4314722,2349.0,99706.41131038754
binned_pad,480,640,True,0.0077525293454527855,4315490,768.0,99064.44281316617
binned_pad,480,640,True,0.056434495374560356,4321438,5948.0,105396.53026969831
binned_pad,480,640,True,0.008919631130993366,4322221,783.0,87783.89918830628
binned_pad,480,640,True,0.005971876904368401,4322618,397.0,66478.26242191903
binned_pad,480,640,True,0.009006031788885593,4323554,936.0,103930.34601045091
binned_pad,480,640,True,0.04479408171027899,4328562,5008.0,111800.48365297339
binned_pad,480,640,True,0.009111490100622177,4329608,1046.0,114800.10277666591
binned_pad,480,640,True,0.006060766987502575,4330127,519.0,85632.72619953689
binned_pad,480,640,True,0.041375317610800266,4334937,4810.0,116252.88403210802
binned_pad,480,640,True,0.0058442577719688416,4335314,377.0,64507.763810184304
binned_pad,480,640,True,0.005893335677683353,4335626,312.0,52941.15541075813
binned_pad,480,640,True,0.03334192931652069,4339677,4051.0,121498.6679847815
binned_pad,480,640,True,0.00900931004434824,4340748,1071.0,118877.02773331288
binned_pad,480,640,True,0.007420089095830917,4341412,664.0,89486.79610505996
binned_pad,480,640,True,0.007535198703408241,4342121,709.0,94091.7456734502
binned_pad,480,640,True,0.023114616982638836,4344290,2169.0,93836.72684817208
binned_pad,480,640,True,0.015712528489530087,4346046,1756.0,111757.9516988686
binned_pad,480,640,True,0.01657646894454956,4348139,2093.0,126263.31983013732
binned_pad,480,640,True,0.03288861829787493,4352599,4460.0,135609.22382343377
binned_pad,480,640,True,0.005909597501158714,4353012,413.0,69886.31627095107
binned_pad,480,640,True,0.041426368057727814,4357880,4868.0,117509.6980072311
binned_pad,480,640,True,0.03921653516590595,4362145,4265.0,108755.14580665716
binned_pad,480,640,True,0.02386176772415638,4364586,2441.0,102297.53420694235
binned_pad,480,640,True,0.005919715389609337,4364943,357.0,60306.95337593919
binned_pad,480,640,True,0.006121637299656868,4365551,608.0,99319.83393300348
binned_pad,480,640,True,0.006103537045419216,4366029,478.0,78315.24515096459
binned_pad,480,640,True,0.042710050009191036,4370133,4104.0,96089.79617483087
binned_pad,480,640,True,0.005994437262415886,4370613,480.0,80074.2386628215
binned_pad,480,640,True,0.005810016766190529,4370981,368.0,63338.88778797581
binned_pad,480,640,True,0.033334448002278805,4375465,4484.0,134515.50179242404
binned_pad,480,640,True,0.01204313337802887,4376410,945.0,78467.9510171356
binned_pad,480,640,True,0.03117238637059927,4380223,3813.0,122319.79787072995
binned_pad,480,640,True,0.012587985023856163,4381629,1406.0,111693.80940121984
binned_pad,480,640,True,0.04306477028876543,4386631,5002.0,116150.6253594229
binned_pad,480,640,True,0.011865434236824512,4387666,1035.0,87228.16033043827
binned_pad,480,640,True,0.024257848970592022,4390643,2977.0,122723.16492732064
binned_pad,480,640,True,0.025268319062888622,4393492,2849.0,112749.8822897287
binned_pad,480,640,True,0.005953997373580933,4393969,477.0,80114.24427503842
binned_pad,480,640,True,0.061951322481036186,4400570,6601.0,106551.39770455459
binned_pad,480,640,True,0.025553420186042786,4403675,3105.0,121510.15313777619
binned_pad,480,640,True,0.02937209326773882,4407079,3404.0,115892.31890867047
binned_pad,480,640,True,0.021216843277215958,4409545,2466.0,116228.41191687329
binned_pad,480,640,True,0.009087641723453999,4410616,1071.0,117852.35736526574
binned_pad,480,640,True,0.024942439049482346,4413770,3154.0,126451.14592614221
binned_pad,480,640,True,0.00832758005708456,4414411,641.0,76973.14172977288
binned_pad,480,640,True,0.01191591378301382,4415712,1301.0,109181.7231721314
binned_pad,480,640,True,0.025235130451619625,4418625,2913.0,115434.31509437827
binned_pad,480,640,True,0.00786471925675869,4419385,760.0,96634.09146447029
binned_pad,480,640,True,0.00870973989367485,4420093,708.0,81288.3058097017
binned_pad,480,640,True,0.012115834280848503,4421447,1354.0,111754.5823600664
binned_pad,480,640,True,0.027033772319555283,4424715,3268.0,120885.82981946784
binned_pad,480,640,True,0.008504149504005909,4425652,937.0,110181.50604697423
binned_pad,480,640,True,0.029260894283652306,4429225,3573.0,122108.36638701744
binned_pad,480,640,True,0.008430840447545052,4429963,738.0,87535.75691435316
binned_pad,480,640,True,0.008976060897111893,4430820,857.0,95476.17934229317
binned_pad,480,640,True,0.012214173562824726,4432266,1446.0,118387.05194112119
binned_pad,480,640,True,0.04973484855145216,4438433,6167.0,123997.56266715194
binned_pad,480,640,True,0.026375950314104557,4441629,3196.0,121170.98955448582
binned_pad,480,640,True,0.008758599869906902,4442369,740.0,84488.38981017016
binned_pad,480,640,True,0.04161140788346529,4447302,4933.0,118549.22125718743
binned_pad,480,640,True,0.032818468287587166,4451501,4199.0,127946.25158018651
binned_pad,480,640,True,0.005976786836981773,4451975,474.0,79306.82705079808
binned_pad,480,640,True,0.008720370009541512,4452880,905.0,103780.00004699135
binned_pad,480,640,True,0.005828326568007469,4453266,386.0,66228.27247169196
binned_pad,480,640,True,0.008072998374700546,4454014,748.0,92654.54609084394
binned_pad,480,640,True,0.01599623914808035,4455663,1649.0,103086.73087060533
binned_pad,480,640,True,0.03747971449047327,4460446,4783.0,127615.69998660903
binned_pad,480,640,True,0.02426609769463539,4463421,2975.0,122599.02838261859
binned_pad,480,640,True,0.012210854329168797,4464750,1329.0,108837.59351918059
binned_pad,480,640,True,0.04054671712219715,4468438,3688.0,90956.8088801206
binned_pad,480,640,True,0.008409259840846062,4469318,880.0,104646.5463851647
binned_pad,480,640,True,0.005860066972672939,4469734,416.0,70988.94977479256
binned_pad,480,640,True,0.03980231564491987,4474475,4741.0,119113.67273941793
binned_pad,480,640,True,0.02619411051273346,4477161,2686.0,102542.1343738427
binned_pad,480,640,True,0.021037735044956207,4479452,2291.0,108899.55573184513
binned_pad,480,640,True,0.005879995413124561,4479921,469.0,79761.96698268832
binned_pad,480,640,True,0.025007800199091434,4482859,2938.0,117483.34426099347
binned_pad,480,640,True,0.03820136375725269,4487681,4822.0,126225.86017192966
binned_pad,480,640,True,0.03293525893241167,4491516,3835.0,116440.56018718489
binned_pad,480,640,True,0.0075936587527394295,4492248,732.0,96396.22003502981
binned_pad,480,640,True,0.014747786335647106,4493953,1705.0,115610.57105084427
binned_pad,480,640,True,0.048384565860033035,4499609,5656.0,116896.7810181802
binned_pad,480,640,True,0.026085350662469864,4502766,3157.0,121025.78343108548
binned_pad,480,640,True,0.04609368368983269,4506895,4129.0,89578.43395169503
binned_pad,480,640,True,0.038278973661363125,4511022,4127.0,107813.75792647195
binned_pad,480,640,True,0.0328536182641983,4514573,3551.0,108085.50739964141
binned_pad,480,640,True,0.033009459264576435,4518569,3996.0,121056.20900879895
binned_pad,480,640,True,0.04681088495999575,4523826,5257.0,112302.93989298846
binned_pad,480,640,True,0.005445405840873718,4523868,42.0,7712.9237429365
binned_pad,480,640,True,0.038786095567047596,4528601,4733.0,122028.2663362776
binned_pad,480,640,True,0.013559285551309586,4530054,1453.0,107159.03832113529
binned_pad,480,640,True,0.005817747674882412,4530466,412.0,70817.78430831092
binned_pad,480,640,True,0.03184203710407019,4534502,4036.0,126750.68453720573
binned_pad,480,640,True,0.009248660877346992,4535650,1148.0,124126.07784245057
binned_pad,480,640,True,0.005776836536824703,4536009,359.0,62144.73920311548
binned_pad,480,640,True,0.0075877392664551735,4536753,744.0,98052.92114993569
binned_pad,480,640,True,0.005746977403759956,4537134,381.0,66295.71916373483
binned_pad,480,640,True,0.041209167800843716,4542312,5178.0,125651.65171556767
binned_pad,480,640,True,0.024251787923276424,4544066,1754.0,72324.56450423364
binned_pad,480,640,True,0.006029107607901096,4544706,640.0,106151.69634081256
binned_pad,480,640,True,0.015073638409376144,4546076,1370.0,90887.1476675352
binned_pad,480,640,True,0.00848331954330206,4546915,839.0,98899.96430258555
binned_pad,480,640,True,0.01432619709521532,4548492,1577.0,110078.06115739454
binned_pad,480,640,True,0.008050928823649883,4549241,749.0,93032.7439735632
binned_pad,480,640,True,0.008524009957909584,4550221,980.0,114969.36357877436
binned_pad,480,640,True,0.00583338737487793,4550656,435.0,74570.73772836883
binned_pad,480,640,True,0.008348359726369381,4551611,955.0,114393.72898409111
binned_pad,480,640,True,0.005797736346721649,4551958,347.0,59850.94513589125
binned_pad,480,640,True,0.014153355732560158,4553404,1446.0,102166.58348192577
binned_pad,480,640,True,0.042548018507659435,4558464,5060.0,118924.4570599476
binned_pad,480,640,True,0.008599439635872841,4559357,893.0,103843.97563241464
binned_pad,480,640,True,0.03351744916290045,4563268,3911.0,116685.49062286576
binned_pad,480,640,True,0.013655545189976692,4564754,1486.0,108820.26160996773
binned_pad,480,640,True,0.01574631780385971,4566696,1942.0,123330.42074915954
binned_pad,480,640,True,0.02349349670112133,4569479,2783.0,118458.31360927933
binned_pad,480,640,True,0.025289038196206093,4572300,2821.0,111550.30800749123
binned_pad,480,640,True,0.0253251101821661,4575483,3183.0,125685.53412420939
binned_pad,480,640,True,0.013933205977082253,4576851,1368.0,98182.71561119004
binned_pad,480,640,True,0.00831966008991003,4577810,959.0,115269.1323486956
binned_pad,480,640,True,0.028833512216806412,4581300,3490.0,121039.71149119173
binned_pad,480,640,True,0.02196977473795414,4583876,2576.0,117251.99874488477
binned_pad,480,640,True,0.012588354758918285,4584805,929.0,73798.36505972674
binned_pad,480,640,True,0.008696350269019604,4585586,781.0,89807.7901464343
binned_pad,480,640,True,0.013951005414128304,4586918,1332.0,95476.98968355873
binned_pad,480,640,True,0.014397467486560345,4588676,1758.0,122104.80778241357
binned_pad,480,640,True,0.012311224825680256,4590156,1480.0,120215.49609855514
binned_pad,480,640,True,0.01646539941430092,4592231,2075.0,126021.84421944675
binned_pad,480,640,True,0.005972427316009998,4592728,497.0,83215.7469154486
binned_pad,480,640,True,0.00584480632096529,4593137,409.0,69976.65577607237
binned_pad,480,640,True,0.0491860369220376,4599398,6261.0,127292.22339917337
binned_pad,480,640,True,0.005800907500088215,4599753,355.0,61197.32128026545
binned_pad,480,640,True,0.027700032107532024,4602822,3069.0,110794.09540343082
binned_pad,480,640,True,0.00892450101673603,4603557,735.0,82357.54566240303
binned_pad,480,640,True,0.029258953407406807,4607157,3600.0,123039.26083318729
binned_pad,480,640,True,0.03155037574470043,4610983,3826.0,121266.38462119296
binned_pad,480,640,True,0.009309900924563408,4611876,893.0,95919.3881047534
binned_pad,480,640,True,0.03317443747073412,4615412,3536.0,106588.09220561446
binned_pad,480,640,True,0.014887127093970776,4617168,1756.0,117954.25597670706
binned_pad,480,640,True,0.03829461429268122,4621701,4533.0,118371.73669787652
binned_pad,480,640,True,0.0386051656678319,4625989,4288.0,111073.21846239387
binned_pad,480,640,True,0.007496219128370285,4626684,695.0,92713.40499768667
binned_pad,480,640,True,0.016631729900836945,4628609,1925.0,115742.62036946198
binned_pad,480,640,True,0.0734168253839016,4635091,6482.0,88290.38801535178
binned_pad,480,640,True,0.014744977466762066,4636656,1565.0,106137.83598705406
binned_pad,480,640,True,0.04259500838816166,4641025,4369.0,102570.70406433508
binned_pad,480,640,True,0.008865110576152802,4642031,1006.0,113478.5619827626
binned_pad,480,640,True,0.008570619858801365,4642939,908.0,105943.32906593145
binned_pad,480,640,True,0.005643256939947605,4643068,129.0,22859.139920926176
binned_pad,480,640,True,0.008754509501159191,4643891,823.0,94008.6934500472
binned_pad,480,640,True,0.008911670185625553,4644996,1105.0,123994.7144568204
binned_pad,480,640,True,0.04155575856566429,4650213,5217.0,125542.16744127923
binned_pad,480,640,True,0.016562198288738728,4652057,1844.0,111337.87724627148
binned_pad,480,640,True,0.049829487688839436,4657797,5740.0,115192.83593368385
binned_pad,480,640,True,0.007623249664902687,4658365,568.0,74508.90695802112
binned_pad,480,640,True,0.008514249697327614,4659285,920.0,108054.1483636265
binned_pad,480,640,True,0.015735997818410397,4660940,1655.0,105172.86663980887
binned_pad,480,640,True,0.04189677815884352,4665183,4243.0,101272.70368889674
binned_pad,480,640,True,0.007205568253993988,4665803,620.0,86044.56694395185
binned_pad,480,640,True,0.03812762536108494,4669949,4146.0,108740.05293368272
binned_pad,480,640,True,0.008813329972326756,4670899,950.0,107791.2665227484
binned_pad,480,640,True,0.02918330393731594,4673814,2915.0,99885.88016837479
binned_pad,480,640,True,0.0433136997744441,4678862,5048.0,116545.11219977599
binned_pad,480,640,True,0.008903071284294128,4679869,1007.0,113107.03552115151
binned_pad,480,640,True,0.032514678314328194,4683764,3895.0,119792.05091146777
binned_pad,480,640,True,0.03000066429376602,4687439,3675.0,122497.2875271847
binned_pad,480,640,True,0.02131549548357725,4689474,2035.0,95470.45254321615
binned_pad,480,640,True,0.015596208162605762,4691157,1683.0,107910.84489595643
binned_pad,480,640,True,0.014547817409038544,4692569,1412.0,97059.2330312536
binned_pad,480,640,True,0.016974929720163345,4694823,2254.0,132784.0549067269
binned_pad,480,640,True,0.027905553579330444,4698270,3447.0,123523.7993111587
binned_pad,480,640,True,0.055505004711449146,4704301,6031.0,108656.8685356038
binned_pad,480,640,True,0.025861680507659912,4707547,3246.0,125513.8852650575
binned_pad,480,640,True,0.012317663989961147,4708801,1254.0,101805.01765773166
binned_pad,480,640,True,0.03838256374001503,4713272,4471.0,116485.18400918701
binned_pad,480,640,True,0.008451220579445362,4714092,820.0,97027.40477444917
binned_pad,480,640,True,0.045109011232852936,4719171,5079.0,112593.91108756911
binned_pad,480,640,True,0.005935747176408768,4719590,419.0,70589.25987705265
binned_pad,480,640,True,0.04220241867005825,4724828,5238.0,124116.10910149691
binned_pad,480,640,True,0.02194460667669773,4727395,2567.0,116976.35039983717
binned_pad,480,640,True,0.03311697952449322,4730746,3351.0,101186.76425552671
binned_pad,480,640,True,0.0088447704911232,4731783,1037.0,117244.42155291144
binned_pad,480,640,True,0.007717379368841648,4732375,592.0,76709.97779248179
binned_pad,480,640,True,0.012621693313121796,4733337,962.0,76217.98249525546
binned_pad,480,640,True,0.05546439439058304,4739199,5862.0,105689.42588139525
binned_pad,480,640,True,0.017090048640966415,4741262,2063.0,120713.5241882694
binned_pad,480,640,True,0.05567687377333641,4745301,4039.0,72543.58454899945
binned_pad,480,640,True,0.03242588695138693,4749492,4191.0,129248.58481999801
binned_pad,480,640,True,0.0072816479951143265,4750175,683.0,93797.44811315567
binned_pad,480,640,True,0.011622333899140358,4750842,667.0,57389.50591062733
binned_pad,480,640,True,0.02517640870064497,4753905,3063.0,121661.51401575921
binned_pad,480,640,True,0.03258646838366985,4757934,4029.0,123640.27769327295
binned_pad,480,640,True,0.04322047997266054,4762996,5062.0,117120.40225379284
binned_pad,480,640,True,0.02212565578520298,4765361,2365.0,106889.48716185153
binned_pad,480,640,True,0.00855282973498106,4766206,845.0,98797.71095453372
binned_pad,480,640,True,0.02899088431149721,4769801,3595.0,124004.49608135251
binned_pad,480,640,True,0.0074561284855008125,4770432,631.0,84628.36996801257
binned_pad,480,640,True,0.006047536619007587,4770943,511.0,84497.21468306812
binned_pad,480,640,True,0.006004947237670422,4771535,592.0,98585.37911644705
binned_pad,480,640,True,0.008887399919331074,4772514,979.0,110155.95212167365
binned_pad,480,640,True,0.03294575773179531,4776123,3609.0,109543.69389164251
binned_pad,480,640,True,0.04651088360697031,4780991,4868.0,104663.67487523849
binned_pad,480,640,True,0.014915377832949162,4782699,1708.0,114512.68745112866
binned_pad,480,640,True,0.00793944951146841,4783485,786.0,98999.30705077667
binned_pad,480,640,True,0.005899537354707718,4783935,450.0,76277.16767331063
binned_pad,480,640,True,0.03168911673128605,4788011,4076.0,128624.6011387198
binned_pad,480,640,True,0.050473359413444996,4793617,5606.0,111068.49365977975
binned_pad,480,640,True,0.012340504676103592,4794907,1290.0,104533.81234059112
binned_pad,480,640,True,0.006058376282453537,4795413,506.0,83520.72839475048
binned_pad,480,640,True,0.04140804801136255,4800317,4904.0,118431.08370272176
binned_pad,480,640,True,0.062217142432928085,4808171,7854.0,126235.30578356027
binned_pad,480,640,True,0.006057026796042919,4808786,615.0,101534.96438248912
binned_pad,480,640,True,0.007618129253387451,4809501,715.0,93855.06286626347
binned_pad,480,640,True,0.02535580936819315,4812643,3142.0,123916.37570604982
binned_pad,480,640,True,0.008242258802056313,4813404,761.0,92329.05909362402
binned_pad,480,640,True,0.02504245936870575,4816542,3138.0,125307.1814472581
binned_pad,480,640,True,0.015133707784116268,4818063,1521.0,100504.1211114424
binned_pad,480,640,True,0.008441539481282234,4819002,939.0,111235.63445768187
binned_pad,480,640,True,0.020821863785386086,4821020,2018.0,96917.35671694971
binned_pad,480,640,True,0.011502153240144253,4821790,770.0,66943.98726254
binned_pad,480,640,True,0.024918179027736187,4824664,2874.0,115337.48099333335
binned_pad,480,640,True,0.02503769937902689,4828037,3373.0,134716.8503359151
binned_pad,480,640,True,0.031310565769672394,4831918,3881.0,123951.76850362636
binned_pad,480,640,True,0.01599372923374176,4833695,1777.0,111106.04500238046
binned_pad,480,640,True,0.04676058515906334,4839273,5578.0,119288.49865812357
binned_pad,480,640,True,0.039498865604400635,4843753,4480.0,113420.97884200694
binned_pad,480,640,True,0.007403588853776455,4844432,679.0,91712.2781141004
binned_pad,480,640,True,0.009136711247265339,4845533,1101.0,120502.87791786509
binned_pad,480,640,True,0.008656510151922703,4846575,1042.0,120371.83365037246
binned_pad,480,640,True,0.005996677093207836,4847132,557.0,92884.77457472049
binned_pad,480,640,True,0.031355706974864006,4851004,3872.0,123486.29240297311
binned_pad,480,640,True,0.02818561252206564,4854146,3142.0,111475.31378075342
binned_pad,480,640,True,0.038072774186730385,4858857,4711.0,123736.71476878978
binned_pad,480,640,True,0.01340644620358944,4860303,1446.0,107858.56132498769
binned_pad,480,640,True,0.012353903613984585,4861755,1452.0,117533.69990327106
binned_pad,480,640,True,0.008445939980447292,4862696,941.0,111414.47869372203
binned_pad,480,640,True,0.03015002515166998,4866482,3786.0,125572.03454904241
